stabiliId,sourceRecordId,matchStatus,matchMethod,sourceAddress,bbl,bin,hpdBuildingId,canonicalAddress,reasonCodes,candidateHpdBuildingIds
stabili-3bd42fbc-634e-5afa-b48b-af66493aebcd,bronx-2024-p1-r21,ambiguous,manual_review,"483–487 Courtlandt Avenue, Bronx, NY 10451",2023290083,,,"485 Courtlandt Avenue, Bronx, NY 10451",source_bbl_found_in_official_nyc_data|parcel_has_multiple_unresolved_hpd_buildings|primary_address_matches_2_hpd_buildings,58929|806394|806497
stabili-0ab912f2-b76d-5fda-b40d-cda926f832ea,bronx-2024-p2-r40,ambiguous,manual_review,"303 East 158th Street, Bronx, NY 10451",2024180033,,,"303 East 158 Street, Bronx, NY 10451",source_bbl_found_in_official_nyc_data|parcel_has_multiple_unresolved_hpd_buildings|primary_address_matches_2_hpd_buildings,64166|874503|887949
stabili-6052c691-d987-52a1-9f32-2740460840bd,bronx-2024-p2-r42,ambiguous,manual_review,"370 East 158th Street, Bronx, NY 10451",2024040012,,,"370 East 158 Street, Bronx, NY 10451",source_bbl_found_in_official_nyc_data|parcel_has_multiple_unresolved_hpd_buildings|primary_address_matches_2_hpd_buildings,64179|1005822
stabili-0122c847-04e9-51f5-ad41-550a592d03e6,bronx-2024-p3-r24,ambiguous,manual_review,"316 East 162nd Street, Bronx, NY 10451",2024210027,,,"316 East 162 Street, Bronx, NY 10451",source_bbl_found_in_official_nyc_data|parcel_has_multiple_unresolved_hpd_buildings|primary_address_matches_2_hpd_buildings,64504|948177
stabili-e7d23fd2-83c2-5293-818f-d100c0efb6e7,bronx-2024-p3-r27,ambiguous,manual_review,"383 East 162nd Street, Bronx, NY 10451",2024080052,,,"383 East 162 Street, Bronx, NY 10451",source_bbl_found_in_official_nyc_data|parcel_has_multiple_unresolved_hpd_buildings|primary_address_matches_2_hpd_buildings,64515|947425
stabili-d6d23782-ab15-5be3-9ef4-3efc715c68df,bronx-2024-p3-r30,ambiguous,manual_review,"415 East 162nd Street, Bronx, NY 10451",2023840056,,,"415 East 162 Street, Bronx, NY 10451",source_bbl_found_in_official_nyc_data|parcel_has_multiple_unresolved_hpd_buildings|primary_address_matches_2_hpd_buildings,64523|994296
stabili-df7b5c05-19e6-5407-b7a4-e4d04038624d,bronx-2024-p4-r17,ambiguous,manual_review,"260–298 Grand Concourse, Bronx, NY 10451",2023410010,,,"276 Grand Concourse, Bronx, NY 10451",source_bbl_found_in_official_nyc_data|parcel_has_multiple_unresolved_hpd_buildings|primary_address_matches_2_hpd_buildings,81853|1004385
stabili-9bd60f30-0c6a-5762-be54-eccacaf5321e,bronx-2024-p4-r18,ambiguous,manual_review,"310 Grand Concourse, Bronx, NY 10451",2023410028,,,"Grand Concourse, Bronx, NY 10451",source_bbl_found_in_official_nyc_data|parcel_has_multiple_unresolved_hpd_buildings|primary_address_matches_2_hpd_buildings,81925|975400|991160
stabili-5621c419-2cae-5f19-b087-432b25076fba,bronx-2024-p5-r5,ambiguous,manual_review,"3120 Park Avenue, Bronx, NY 10451",2024180006,,,"3120 Park Avenue, Bronx, NY 10451",source_bbl_found_in_official_nyc_data|parcel_has_multiple_unresolved_hpd_buildings|primary_address_matches_2_hpd_buildings,927132|999639
stabili-8c5bc55c-8945-5ec8-9e50-53d8f3c178ff,bronx-2024-p5-r29,ambiguous,manual_review,"1035 Anderson Avenue, Bronx, NY 10452",2025080031,,,"1035 Anderson Avenue, Bronx, NY 10452",source_bbl_found_in_official_nyc_data|parcel_has_multiple_unresolved_hpd_buildings|primary_address_matches_2_hpd_buildings,45411|967660
stabili-6f6aa0c8-5738-5832-a57f-b5809431e49f,bronx-2024-p5-r34,ambiguous,manual_review,"1070 Anderson Avenue, Bronx, NY 10452",2025050003,,,"1070 Anderson Avenue, Bronx, NY 10452",source_bbl_found_in_official_nyc_data|parcel_has_multiple_unresolved_hpd_buildings|primary_address_matches_2_hpd_buildings,45416|943308
stabili-d9da0be5-0474-5aa0-8cbb-5a555ba4aca3,bronx-2024-p6-r8,ambiguous,manual_review,"27 East 169th Street, Bronx, NY 10452",2028390036,,,"27 East 169 Street, Bronx, NY 10452",source_bbl_found_in_official_nyc_data|parcel_has_multiple_unresolved_hpd_buildings|primary_address_matches_2_hpd_buildings,65118|927743
stabili-35cf406f-19c8-5564-abc8-cb20ab436d0c,bronx-2024-p6-r19,ambiguous,manual_review,"31–35 East Clarke Place, Bronx, NY 10452",2028400022,,,"1325 Walton Avenue, Bronx, NY 10452",source_bbl_found_in_official_nyc_data|parcel_has_multiple_unresolved_hpd_buildings,119043|877654|1016561
stabili-e032f250-2339-560b-8dd8-8f7c57c699d7,bronx-2024-p6-r24,ambiguous,manual_review,"128 East Clarke Place, Bronx, NY 10452",2028390053,,,"128 East Clarke Place, Bronx, NY 10452",source_bbl_found_in_official_nyc_data|parcel_has_multiple_unresolved_hpd_buildings,847633|1007877
stabili-8a1d06ae-f73d-519d-a5a0-2c7cd03c0e92,bronx-2024-p7-r12,ambiguous,manual_review,"1075 Gerard Avenue, Bronx, NY 10452",2024870020,,,"1075 Gerard Avenue, Bronx, NY 10452",source_bbl_found_in_official_nyc_data|parcel_has_multiple_unresolved_hpd_buildings|primary_address_matches_2_hpd_buildings,80068|853400
stabili-b8b699e5-b5ed-5d2d-bb7b-d04faeb2f739,bronx-2024-p7-r17,ambiguous,manual_review,"1111 Gerard Avenue, Bronx, NY 10452",2024870042,,,"1111 Gerard Avenue, Bronx, NY 10452",source_bbl_found_in_official_nyc_data|parcel_has_multiple_unresolved_hpd_buildings|primary_address_matches_2_hpd_buildings,80074|853401|1001379
stabili-49be4550-7067-5bad-a268-1eb9705e00d3,bronx-2024-p9-r25,ambiguous,manual_review,"1402 Nelson Avenue, Bronx, NY 10452",2028730013,,,"1402 Nelson Avenue, Bronx, NY 10452",source_bbl_found_in_official_nyc_data|parcel_has_multiple_unresolved_hpd_buildings|primary_address_matches_2_hpd_buildings,99180|946921
stabili-ed307adc-7e8a-536c-bece-17b737340709,bronx-2024-p9-r52,ambiguous,manual_review,"1209 Ogden Avenue, Bronx, NY 10452",2025280027,,,"1209 Ogden Avenue, Bronx, NY 10452",source_bbl_found_in_official_nyc_data|parcel_has_multiple_unresolved_hpd_buildings|primary_address_matches_2_hpd_buildings,100161|938020
stabili-25b3fb17-f52b-5a31-8c95-292f9060d3e3,bronx-2024-p10-r19,ambiguous,manual_review,"1258 Shakespeare Avenue, Bronx, NY 10452",2025060082,,,"1258 Shakespeare Ave, Bronx, NY 10452",source_bbl_found_in_official_nyc_data|parcel_has_multiple_unresolved_hpd_buildings|primary_address_matches_2_hpd_buildings,109339|1005067
stabili-b61ed9e9-a823-5b1d-89c6-279205a941bd,bronx-2024-p10-r28,ambiguous,manual_review,"1472 Shakespeare Avenue, Bronx, NY 10452",2028720120,,,"1472 Shakespeare Avenue, Bronx, NY 10452",source_bbl_found_in_official_nyc_data|parcel_has_multiple_unresolved_hpd_buildings|primary_address_matches_2_hpd_buildings,109391|991719
stabili-29964be4-3c6e-5635-8e8a-b0a05bb8b13e,bronx-2024-p10-r54,ambiguous,manual_review,"1055 Summit Avenue, Bronx, NY 10452",2025230138,,,"1055 Summit Avenue, Bronx, NY 10452",source_bbl_found_in_official_nyc_data|parcel_has_multiple_unresolved_hpd_buildings|primary_address_matches_2_hpd_buildings,112038|891147
stabili-e7f564a3-3f43-5066-80bf-cf15aa4141aa,bronx-2024-p11-r4,ambiguous,manual_review,"1095 Summit Avenue, Bronx, NY 10452",2025260064,,,"180 West 166 Street, Bronx, NY 10452",source_bbl_found_in_official_nyc_data|parcel_has_multiple_unresolved_hpd_buildings|primary_address_matches_2_hpd_buildings,112047|1012453
stabili-02afc365-e289-5a68-9c8e-b5a7e8c9f5ed,bronx-2024-p11-r28,ambiguous,manual_review,"1434 Undercliff Avenue, Bronx, NY 10452",2025370006,,,"1434 Undercliff Avenue, Bronx, NY 10452",source_bbl_found_in_official_nyc_data|parcel_has_multiple_unresolved_hpd_buildings|primary_address_matches_2_hpd_buildings,116086|966154
stabili-60c19d6d-0c4f-5baa-becc-55632eaf590b,bronx-2024-p11-r29,ambiguous,manual_review,"1058 University Avenue, Bronx, NY 10452",2025260040,,,"1058 University Avenue, Bronx, NY 10452",source_bbl_found_in_official_nyc_data|parcel_has_multiple_unresolved_hpd_buildings|primary_address_matches_2_hpd_buildings,116741|1004446
stabili-35737471-8433-5966-a94d-c841cb9b0e96,bronx-2024-p12-r5,ambiguous,manual_review,"128 West 167th Street, Bronx, NY 10452",2025140061,,,"128 West 167Th Street, Bronx, NY 10452",source_bbl_found_in_official_nyc_data|parcel_has_multiple_unresolved_hpd_buildings|primary_address_matches_2_hpd_buildings,120960|1012185
stabili-78ac0c3e-79a0-5aef-8058-e68386a64231,bronx-2024-p12-r24,ambiguous,manual_review,"120–126 West 169th Street, Bronx, NY 10452",2025180036,,,"120 West 169 Street, Bronx, NY 10452",source_bbl_found_in_official_nyc_data|parcel_has_multiple_unresolved_hpd_buildings|primary_address_matches_2_hpd_buildings,120980|958987
stabili-a528c496-58ff-5572-bc01-1f80c2ff0b40,bronx-2024-p13-r13,ambiguous,manual_review,"1561 Walton Avenue, Bronx, NY 10452",2028450047,,,"1561 Walton Avenue, Bronx, NY 10452",source_bbl_found_in_official_nyc_data|parcel_has_multiple_unresolved_hpd_buildings|primary_address_matches_2_hpd_buildings,820298|954885
stabili-ccc08205-7ff8-5954-921d-306fce787e51,bronx-2024-p13-r23,ambiguous,manual_review,"984 Woodycrest Avenue, Bronx, NY 10452",2025070015,,,"984 Woodycrest Avenue, Bronx, NY 10452",source_bbl_found_in_official_nyc_data|parcel_has_multiple_unresolved_hpd_buildings|primary_address_matches_2_hpd_buildings,125704|955365
stabili-83893930-9eef-5681-90b0-a849f9eab386,bronx-2024-p13-r24,ambiguous,manual_review,"990 Woodycrest Avenue, Bronx, NY 10452",2025070018,,,"990 Woodycrest Avenue, Bronx, NY 10452",source_bbl_found_in_official_nyc_data|parcel_has_multiple_unresolved_hpd_buildings|primary_address_matches_2_hpd_buildings,125706|1004320
stabili-84badfed-12fc-582b-bb46-ad21a27e5d28,bronx-2024-p13-r25,ambiguous,manual_review,"1000 Woodycrest Avenue, Bronx, NY 10452",2025080001,,,"1000 Woodycrest Avenue, Bronx, NY 10452",source_bbl_found_in_official_nyc_data|parcel_has_multiple_unresolved_hpd_buildings|primary_address_matches_2_hpd_buildings,125618|1003281
stabili-5a22d963-ddf2-53aa-ae34-e4abec9e053d,bronx-2024-p13-r43,ambiguous,manual_review,"1661–1665 Andrews Avenue, Bronx, NY 10453",2028780044,,,"1661 Andrews Avenue South, Bronx, NY 10453",source_bbl_found_in_official_nyc_data|parcel_has_multiple_unresolved_hpd_buildings,45507|806246
stabili-ebb8eecd-26f4-5a4e-83a5-c8d378e912e1,bronx-2024-p14-r13,ambiguous,manual_review,"27 Buchanan Place, Bronx, NY 10453",2031960066,,,"27 Buchanan Place, Bronx, NY 10453",source_bbl_found_in_official_nyc_data|parcel_has_multiple_unresolved_hpd_buildings|primary_address_matches_2_hpd_buildings,53830|995569
stabili-d4f6f404-5c56-50c5-831e-c2e2317f9c80,bronx-2024-p14-r21,ambiguous,manual_review,"1854 Cedar Avenue, Bronx, NY 10453",2028810040,,,"1854 Cedar Avenue, Bronx, NY 10453",source_bbl_found_in_official_nyc_data|parcel_has_multiple_unresolved_hpd_buildings|primary_address_matches_2_hpd_buildings,55888|933679
stabili-77b27477-6f5a-54c6-9f3f-0304a5a99b8d,bronx-2024-p14-r24,ambiguous,manual_review,"2000 Creston Avenue, Bronx, NY 10453",2028080062,,,"165 East 179 Street, Bronx, NY 10453",source_bbl_found_in_official_nyc_data|parcel_has_multiple_unresolved_hpd_buildings,66070|996794|1012441
stabili-e613ff4d-424b-50ff-9368-a6721c62efa0,bronx-2024-p14-r25,ambiguous,manual_review,"2001 Creston Avenue, Bronx, NY 10453",2028070079,,,"2001 Creston Avenue, Bronx, NY 10453",source_bbl_found_in_official_nyc_data|parcel_has_multiple_unresolved_hpd_buildings|primary_address_matches_2_hpd_buildings,59143|1010901
stabili-fc7bde2d-b725-59a2-8d14-a03043d343db,bronx-2024-p14-r49,ambiguous,manual_review,"2238 Creston Avenue, Bronx, NY 10453",2031630003,,,"2238 Creston Avenue, Bronx, NY 10453",source_bbl_found_in_official_nyc_data|parcel_has_multiple_unresolved_hpd_buildings|primary_address_matches_2_hpd_buildings,59178|935082|972768|993124
stabili-38de273d-ebed-5083-8c0d-909f99247fad,bronx-2024-p14-r53,ambiguous,manual_review,"2245 Creston Avenue, Bronx, NY 10453",2031710036,,,"2245 Creston Avenue, Bronx, NY 10453",source_bbl_found_in_official_nyc_data|parcel_has_multiple_unresolved_hpd_buildings|primary_address_matches_2_hpd_buildings,59182|991239
stabili-dbda5933-e65f-5c79-b60c-31837a77656b,bronx-2024-p15-r32,ambiguous,manual_review,"2097 Davidson Avenue, Bronx, NY 10453",2031940046,,,"2097 Davidson Avenue, Bronx, NY 10453",source_bbl_found_in_official_nyc_data|parcel_has_multiple_unresolved_hpd_buildings|primary_address_matches_2_hpd_buildings,60478|946608
stabili-c76a97f2-ab6c-5b63-9074-493d53ce42f2,bronx-2024-p16-r14,ambiguous,manual_review,"111 East 183rd Street, Bronx, NY 10453",2031720044,,,"111 East 183 Street, Bronx, NY 10453",source_bbl_found_in_official_nyc_data|parcel_has_multiple_unresolved_hpd_buildings|primary_address_matches_2_hpd_buildings,66469|994820
stabili-7b3d8fe7-7993-50d5-8d93-6d781b7721ca,bronx-2024-p16-r21,ambiguous,manual_review,"66 East Tremont Avenue, Bronx, NY 10453",2028280024,,,"66 East Tremont Avenue, Bronx, NY 10453",source_bbl_found_in_official_nyc_data|parcel_has_multiple_unresolved_hpd_buildings|primary_address_matches_2_hpd_buildings,74442|889716
stabili-c2d96aef-a607-561b-a61c-5212dea73666,bronx-2024-p16-r34,ambiguous,manual_review,"1760 Grand Avenue, Bronx, NY 10453",2028670123,,,"1760 Grand Avenue, Bronx, NY 10453",source_bbl_found_in_official_nyc_data|parcel_has_multiple_unresolved_hpd_buildings|primary_address_matches_2_hpd_buildings,81437|996766
stabili-e8350aa0-7dd2-514a-958a-ac4e5dfd84b5,bronx-2024-p18-r15,ambiguous,manual_review,"1892 Morris Avenue, Bronx, NY 10453",2028050031,,,"1892 Morris Avenue, Bronx, NY 10453",source_bbl_found_in_official_nyc_data|parcel_has_multiple_unresolved_hpd_buildings|primary_address_matches_2_hpd_buildings,806197|806198
stabili-7df66e52-ad00-513c-9afc-5a39a78cf4ed,bronx-2024-p18-r27,ambiguous,manual_review,"2065 Morris Avenue, Bronx, NY 10453",2031780055,,,"2065 Morris Avenue, Bronx, NY 10453",source_bbl_found_in_official_nyc_data|parcel_has_multiple_unresolved_hpd_buildings|primary_address_matches_2_hpd_buildings,97496|911936
stabili-bb74e6f3-d7ca-5e8c-9fa3-afe949fd37a3,bronx-2024-p18-r30,ambiguous,manual_review,"2078–2090 Morris Avenue, Bronx, NY 10453",2031690009,,,"2078 Morris Avenue, Bronx, NY 10453",source_bbl_found_in_official_nyc_data|parcel_has_multiple_unresolved_hpd_buildings|primary_address_matches_2_hpd_buildings,97503|943633
stabili-bbb5da0e-b683-5be2-9be6-835519156349,bronx-2024-p18-r37,ambiguous,manual_review,"2195 Morris Avenue, Bronx, NY 10453",2031810034,,,"2195 Morris Avenue, Bronx, NY 10453",source_bbl_found_in_official_nyc_data|parcel_has_multiple_unresolved_hpd_buildings|primary_address_matches_2_hpd_buildings,97521|980770
stabili-64b110ad-4e85-50ba-9674-67089c86ad97,bronx-2024-p18-r51,ambiguous,manual_review,"21 Mount Hope Place, Bronx, NY 10453",2028520036,,,"21 Mount Hope Place, Bronx, NY 10453",source_bbl_found_in_official_nyc_data|parcel_has_multiple_unresolved_hpd_buildings,98087|98094|1009435
stabili-535ccbec-8d68-5144-a37f-9aca65193611,bronx-2024-p18-r55,ambiguous,manual_review,"106 Mount Hope Place, Bronx, NY 10453",2028050010,,,"106 Mt Hope Place, Bronx, NY 10453",source_bbl_found_in_official_nyc_data|parcel_has_multiple_unresolved_hpd_buildings,98080|1008530
stabili-cb800a5f-8337-5ace-842e-c0a7fa30c5a2,bronx-2024-p19-r8,ambiguous,manual_review,"1690 Nelson Avenue, Bronx, NY 10453",2028760167,,,"1690 Nelson Avenue, Bronx, NY 10453",source_bbl_found_in_official_nyc_data|parcel_has_multiple_unresolved_hpd_buildings|primary_address_matches_2_hpd_buildings,99242|948586|988499
stabili-fcf92051-fdb9-5415-a629-9adb3c418fbc,bronx-2024-p19-r28,ambiguous,manual_review,"1740 Popham Avenue, Bronx, NY 10453",2028770436,,,"1740 Popham Avenue, Bronx, NY 10453",source_bbl_found_in_official_nyc_data|parcel_has_multiple_unresolved_hpd_buildings|primary_address_matches_2_hpd_buildings,103729|927272
stabili-6fdcf680-38fc-56ba-85be-fd5e0d71500b,bronx-2024-p19-r31,ambiguous,manual_review,"1526 Sedgwick Avenue, Bronx, NY 10453",2028800027,,,"1526 Sedgwick Avenue, Bronx, NY 10453",source_bbl_found_in_official_nyc_data|parcel_has_multiple_unresolved_hpd_buildings|primary_address_matches_2_hpd_buildings,108416|1004926
stabili-6dd4dc59-d69c-5890-bb48-ff529d254fbd,bronx-2024-p19-r41,ambiguous,manual_review,"1677 Townsend Avenue, Bronx, NY 10453",2028480024,,,"1677 Townsend Avenue, Bronx, NY 10453",source_bbl_found_in_official_nyc_data|parcel_has_multiple_unresolved_hpd_buildings|primary_address_matches_2_hpd_buildings,115666|1007186
stabili-12389a6d-0028-5376-9ebf-72e012c3e6cf,bronx-2024-p19-r42,ambiguous,manual_review,"1728 Townsend Avenue, Bronx, NY 10453",2028490063,,,"1728 Townsend Avenue, Bronx, NY 10453",source_bbl_found_in_official_nyc_data|parcel_has_multiple_unresolved_hpd_buildings|primary_address_matches_2_hpd_buildings,115682|991477
stabili-c89037fd-5d4f-55e5-9a2c-033540b6d322,bronx-2024-p20-r32,ambiguous,manual_review,"1896 University Avenue, Bronx, NY 10453",2028680042,,,"1896 University Avenue, Bronx, NY 10453",source_bbl_found_in_official_nyc_data|parcel_has_multiple_unresolved_hpd_buildings|primary_address_matches_2_hpd_buildings,116868|1012397
stabili-570ab3b3-dd95-53fa-8446-c80004958736,bronx-2024-p21-r36,ambiguous,manual_review,"92 West Tremont Avenue, Bronx, NY 10453",2028670125,,,"92 West Tremont Avenue, Bronx, NY 10453",source_bbl_found_in_official_nyc_data|parcel_has_multiple_unresolved_hpd_buildings|primary_address_matches_2_hpd_buildings,122176|928130
stabili-f40973e0-ea1c-5237-9784-8f1af3bd8214,bronx-2024-p21-r47,ambiguous,manual_review,"1791 Walton Avenue, Bronx, NY 10453",2028500052,,,"1791 Walton Avenue, Bronx, NY 10453",source_bbl_found_in_official_nyc_data|parcel_has_multiple_unresolved_hpd_buildings|primary_address_matches_2_hpd_buildings,119080|843041
stabili-810fa39d-cf8b-5736-b911-7535deca6fb3,bronx-2024-p22-r3,ambiguous,manual_review,"2010 Walton Avenue, Bronx, NY 10453",2028290034,,,"2010 Walton Avenue, Bronx, NY 10453",source_bbl_found_in_official_nyc_data|parcel_has_multiple_unresolved_hpd_buildings|primary_address_matches_2_hpd_buildings,119104|999247
stabili-8ddf6cbc-a4bc-5d58-8be8-c2a838ecec89,bronx-2024-p22-r6,ambiguous,manual_review,"2026 Walton Avenue, Bronx, NY 10453",2028290040,,,"2026 Walton Avenue, Bronx, NY 10453",source_bbl_found_in_official_nyc_data|parcel_has_multiple_unresolved_hpd_buildings|primary_address_matches_2_hpd_buildings,119109|994916
stabili-0fc08e6a-b334-5186-ab18-62867c54416f,bronx-2024-p22-r8,ambiguous,manual_review,"2065 Walton Avenue, Bronx, NY 10453",2031790060,,,"2065 Walton Avenue, Bronx, NY 10453",source_bbl_found_in_official_nyc_data|parcel_has_multiple_unresolved_hpd_buildings|primary_address_matches_2_hpd_buildings,119112|954207
stabili-23d0a130-4bab-5180-9a0f-5337f9fd0d29,bronx-2024-p22-r21,ambiguous,manual_review,"2247 Walton Avenue, Bronx, NY 10453",2031860076,,,"2247 Walton Avenue, Bronx, NY 10453",source_bbl_found_in_official_nyc_data|parcel_has_multiple_unresolved_hpd_buildings|primary_address_matches_2_hpd_buildings,119149|978343
stabili-8263500b-ca0a-584b-bc76-63e56db03919,bronx-2024-p22-r27,ambiguous,manual_review,"82–92 Alexander Avenue, Bronx, NY 10454",2022950051,,,"40 Bruckner Boulevard, Bronx, NY 10454",source_bbl_found_in_official_nyc_data|parcel_has_multiple_unresolved_hpd_buildings,1000143|1011479
stabili-cc6009fb-0eff-5f23-b7bb-235ba164b532,bronx-2024-p22-r35,ambiguous,manual_review,"141 Alexander Avenue, Bronx, NY 10454",2023090023,,,"141 Alexander Avenue, Bronx, NY 10454",source_bbl_found_in_official_nyc_data|parcel_has_multiple_unresolved_hpd_buildings|primary_address_matches_2_hpd_buildings,44876|996289
stabili-517dee96-7c46-585c-86ff-9b7a170affae,bronx-2024-p22-r40,ambiguous,manual_review,"313 Alexander Avenue, Bronx, NY 10454",2023150014,,,"313 Alexander Avenue, Bronx, NY 10454",source_bbl_found_in_official_nyc_data|parcel_has_multiple_unresolved_hpd_buildings|primary_address_matches_2_hpd_buildings,44923|986181
stabili-2f5f6d69-8d56-52a7-8f9e-a82d953200de,bronx-2024-p23-r30,ambiguous,manual_review,"304 East 134th Street, Bronx, NY 10454",2023090020,,,"East 134Th Street, Bronx, NY 10454",source_bbl_found_in_official_nyc_data|parcel_has_multiple_unresolved_hpd_buildings|primary_address_matches_2_hpd_buildings,62474|1004920
stabili-28045d12-4d2f-5b27-92a6-1831ef3fca4a,bronx-2024-p23-r42,ambiguous,manual_review,"435 East 136th Street, Bronx, NY 10454",2022810010,,,"416 East 137 Street, Bronx, NY 10454",source_bbl_found_in_official_nyc_data|parcel_has_multiple_unresolved_hpd_buildings,62691|806458
stabili-165caa87-0714-59ab-9477-7b566450cae8,bronx-2024-p23-r43,ambiguous,manual_review,"441 East 136th Street, Bronx, NY 10454",2022810010,,,"416 East 137 Street, Bronx, NY 10454",source_bbl_found_in_official_nyc_data|parcel_has_multiple_unresolved_hpd_buildings,62691|806458
stabili-ffacf586-bb82-5a2b-81f2-e4135ecef5c7,bronx-2024-p23-r44,ambiguous,manual_review,"445 East 136th Street, Bronx, NY 10454",2022810010,,,"416 East 137 Street, Bronx, NY 10454",source_bbl_found_in_official_nyc_data|parcel_has_multiple_unresolved_hpd_buildings,62691|806458
stabili-68bbb8c3-a5cd-5da3-8a1f-6771ca3eece5,bronx-2024-p23-r49,ambiguous,manual_review,"465–477 East 137th Street, Bronx, NY 10454",2022820045,,,"211 Brown Place, Bronx, NY 10454",source_bbl_found_in_official_nyc_data|parcel_has_multiple_unresolved_hpd_buildings|primary_address_matches_7_hpd_buildings,52798|814505|814506|814509|814510|814511|954143|954320|954321|954324|957897|989267
stabili-d324525d-39ee-577a-903a-270d09e383c5,bronx-2024-p25-r26,ambiguous,manual_review,"616 East 139th Street, Bronx, NY 10454",2025510030,,,"616 East 139 Street, Bronx, NY 10454",source_bbl_found_in_official_nyc_data|parcel_has_multiple_unresolved_hpd_buildings|primary_address_matches_2_hpd_buildings,943249|966437
stabili-df65fd4a-a56d-5bf8-a3a0-5f07d6117f3d,bronx-2024-p26-r19,ambiguous,manual_review,"538 East 142nd Street, Bronx, NY 10454",2022680021,,,"538 East 142 Street, Bronx, NY 10454",source_bbl_found_in_official_nyc_data|parcel_has_multiple_unresolved_hpd_buildings|primary_address_matches_2_hpd_buildings,63266|995351
stabili-31f9fc41-76ba-597e-b0b4-db44a0797eee,bronx-2024-p26-r28,ambiguous,manual_review,"361 East 145th Street, Bronx, NY 10454",2023070031,,,"361 East 145 Street, Bronx, NY 10454",source_bbl_found_in_official_nyc_data|parcel_has_multiple_unresolved_hpd_buildings|primary_address_matches_2_hpd_buildings,63407|927620
stabili-d1397f40-fd2e-5f14-a1f2-109efdc3a2bd,bronx-2024-p26-r34,ambiguous,manual_review,"141–143 Lincoln Avenue, Bronx, NY 10454",2023170043,,,"143 Lincoln Avenue, Bronx, NY 10454",source_bbl_found_in_official_nyc_data|parcel_has_multiple_unresolved_hpd_buildings|primary_address_matches_2_hpd_buildings,92021|806799|806800|806801|806802
stabili-1759441d-4e37-55d0-94c3-803f32bb3eed,bronx-2024-p27-r34,ambiguous,manual_review,"1033–1037 Avenue Saint John, Bronx, NY 10455",2026030150,,,"1033 Avenue St John, Bronx, NY 10455",source_bbl_found_in_official_nyc_data|parcel_has_multiple_unresolved_hpd_buildings,46460|997156
stabili-1fba2ab7-3d31-5bd2-8f77-c1a5615ef9db,bronx-2024-p27-r37,ambiguous,manual_review,"1044 Avenue Saint John, Bronx, NY 10455",2026030030,,,"1044 Avenue St John, Bronx, NY 10455",source_bbl_found_in_official_nyc_data|parcel_has_multiple_unresolved_hpd_buildings,46461|942523
stabili-32861bfa-76ca-506d-b5e4-0196d7d8d5c4,bronx-2024-p27-r50,ambiguous,manual_review,"626 Bergen Avenue, Bronx, NY 10455",2023610025,,,"626 Bergen Avenue, Bronx, NY 10455",source_bbl_found_in_official_nyc_data|parcel_has_multiple_unresolved_hpd_buildings|primary_address_matches_2_hpd_buildings,822629|976948
stabili-01036109-c1bf-5024-a49d-f8a4938530fc,bronx-2024-p28-r3,ambiguous,manual_review,"669 Cauldwell Avenue, Bronx, NY 10455",2026240071,,,"671 Cauldwell Avenue, Bronx, NY 10455",source_bbl_found_in_official_nyc_data|parcel_has_multiple_unresolved_hpd_buildings|primary_address_matches_2_hpd_buildings,55775|976144
stabili-dccc660a-0a0d-536a-9962-38b22fe13c69,bronx-2024-p28-r4,ambiguous,manual_review,"675 Cauldwell Avenue, Bronx, NY 10455",2026240069,,,"675 Cauldwell Avenue, Bronx, NY 10455",source_bbl_found_in_official_nyc_data|parcel_has_multiple_unresolved_hpd_buildings|primary_address_matches_2_hpd_buildings,55777|893594
stabili-885c5590-eca0-5353-bbb4-773a10a3f23d,bronx-2024-p28-r23,ambiguous,manual_review,"516 East 147th Street, Bronx, NY 10455",2022720109,,,"516 East 147 Street, Bronx, NY 10455",source_bbl_found_in_official_nyc_data|parcel_has_multiple_unresolved_hpd_buildings|primary_address_matches_2_hpd_buildings,63552|984450
stabili-19f68d6b-abe9-5878-a9a7-88225c73ba01,bronx-2024-p29-r6,ambiguous,manual_review,"363 East 150th Street, Bronx, NY 10455",2023970001,,,"357 East 150 Street, Bronx, NY 10451",source_bbl_found_in_official_nyc_data|parcel_has_multiple_unresolved_hpd_buildings,58941|806511
stabili-db6573b6-cdf0-5642-ac9a-717be0bef3d9,bronx-2024-p29-r37,ambiguous,manual_review,"418 East 153rd Street, Bronx, NY 10455",2023740080,,,"418 East 153 Street, Bronx, NY 10455",source_bbl_found_in_official_nyc_data|parcel_has_multiple_unresolved_hpd_buildings|primary_address_matches_2_hpd_buildings,63930|994021
stabili-cffec7a8-bf34-5622-a4a6-e32d53f1b6e5,bronx-2024-p29-r43,ambiguous,manual_review,"380–384 East 154th Street, Bronx, NY 10455",2024000015,,,"378 East 154 Street, Bronx, NY 10455",source_bbl_found_in_official_nyc_data|parcel_has_multiple_unresolved_hpd_buildings|primary_address_matches_2_hpd_buildings,63948|806523
stabili-d6bec317-823b-5ff4-8f05-af6104eda681,bronx-2024-p29-r52,ambiguous,manual_review,"366 East 155th Street, Bronx, NY 10455",2024010009,,,"366 East 155 Street, Bronx, NY 10455",source_bbl_found_in_official_nyc_data|parcel_has_multiple_unresolved_hpd_buildings|primary_address_matches_2_hpd_buildings,63976|970462
stabili-ed1a8900-8de3-5ee7-b1ed-4fecd762c6f6,bronx-2024-p30-r7,ambiguous,manual_review,"510–530 East 156th Street, Bronx, NY 10455",2023590210,,,"510 East 156 Street, Bronx, NY 10455",source_bbl_found_in_official_nyc_data|parcel_has_multiple_unresolved_hpd_buildings|primary_address_matches_2_hpd_buildings,64060|965375
stabili-27939bae-1580-57ee-9e3f-748cd37cc8e3,bronx-2024-p30-r34,ambiguous,manual_review,"579 Jackson Avenue, Bronx, NY 10455",2026230167,,,"583B Jackson Avenue, Bronx, NY 10455",source_bbl_found_in_official_nyc_data|parcel_has_multiple_unresolved_hpd_buildings,88553|896462
stabili-ebb03d02-0d07-5fba-ab54-dfa5181eaefb,bronx-2024-p31-r9,ambiguous,manual_review,"599 Prospect Avenue, Bronx, NY 10455",2026740040,,,"599 Prospect Avenue, Bronx, NY 10455",source_bbl_found_in_official_nyc_data|parcel_has_multiple_unresolved_hpd_buildings|primary_address_matches_2_hpd_buildings,104507|950443
stabili-2f64fab8-ae5c-587a-8197-98fe445c9b29,bronx-2024-p32-r13,ambiguous,manual_review,"672 Union Avenue, Bronx, NY 10455",2026750006,,,"672 Union Avenue, Bronx, NY 10455",source_bbl_found_in_official_nyc_data|parcel_has_multiple_unresolved_hpd_buildings|primary_address_matches_2_hpd_buildings,116459|1008954
stabili-ddcd181a-e6a5-5151-8566-66049be7abd5,bronx-2024-p32-r54,ambiguous,manual_review,"3463–3473 3rd Avenue, Bronx, NY 10456",2023720041,,,"3463 3 Avenue, Bronx, NY 10456",source_bbl_found_in_official_nyc_data|parcel_has_multiple_unresolved_hpd_buildings|primary_address_matches_2_hpd_buildings,113771|887474|997352
stabili-c1e62dea-3118-5868-97cf-3b48dc4ecc94,bronx-2024-p34-r17,ambiguous,manual_review,"1140–1150 Clay Avenue, Bronx, NY 10456",2024260012,,,"1140 Clay Avenue, Bronx, NY 10456",source_bbl_found_in_official_nyc_data|parcel_has_multiple_unresolved_hpd_buildings|primary_address_matches_2_hpd_buildings,56814|806549
stabili-e0ccbc2e-30f2-50e6-aa7d-da32a47459c9,bronx-2024-p35-r51,ambiguous,manual_review,"621 East 161st Street, Bronx, NY 10456",2026270058,,,"621 East 161 Street, Bronx, NY 10456",source_bbl_found_in_official_nyc_data|parcel_has_multiple_unresolved_hpd_buildings|primary_address_matches_2_hpd_buildings,906411|947782
stabili-b69e1791-479c-5fba-8b15-cd36389cb012,bronx-2024-p35-r55,ambiguous,manual_review,"586 East 163rd Street, Bronx, NY 10456",2026200029,,,"925 Eagle Avenue, Bronx, NY 10456",source_bbl_found_in_official_nyc_data|parcel_has_multiple_unresolved_hpd_buildings,62343|806534
stabili-a87642b9-b6f0-5925-842a-4b92a6ab0b16,bronx-2024-p35-r56,ambiguous,manual_review,"601 East 163rd Street, Bronx, NY 10456",2026210032,,,"601 East 163 Street, Bronx, NY 10456",source_bbl_found_in_official_nyc_data|parcel_has_multiple_unresolved_hpd_buildings|primary_address_matches_2_hpd_buildings,64616|935094
stabili-706383cb-34e6-5793-96ab-9c6e2f5b2539,bronx-2024-p36-r19,ambiguous,manual_review,"301–311 East 165th Street, Bronx, NY 10456",2024330036,,,"305 East 165 Street, Bronx, NY 10456",source_bbl_found_in_official_nyc_data|parcel_has_multiple_unresolved_hpd_buildings|primary_address_matches_2_hpd_buildings,64758|999024
stabili-8fd8010e-5c0b-5683-beb1-b4bb3931a2ea,bronx-2024-p36-r20,ambiguous,manual_review,"355 East 165th Street, Bronx, NY 10456",2024280001,,,"355 East 165 Street, Bronx, NY 10456",source_bbl_found_in_official_nyc_data|parcel_has_multiple_unresolved_hpd_buildings|primary_address_matches_2_hpd_buildings,64770|918837
stabili-f9f74585-c6ed-515e-9531-095887d602bb,bronx-2024-p36-r54,ambiguous,manual_review,"459 East 167th Street, Bronx, NY 10456",2023890054,,,"459 East 167 Street, Bronx, NY 10456",source_bbl_found_in_official_nyc_data|parcel_has_multiple_unresolved_hpd_buildings|primary_address_matches_2_hpd_buildings,64950|923670
stabili-9dc229be-275a-5806-9b97-eecbafb32715,bronx-2024-p37-r4,ambiguous,manual_review,"598 East 167th Street, Bronx, NY 10456",2026130023,,,"598 East 167 Street, Bronx, NY 10456",source_bbl_found_in_official_nyc_data|parcel_has_multiple_unresolved_hpd_buildings|primary_address_matches_2_hpd_buildings,64973|973620
stabili-2e7c27ea-fb18-5664-bab7-1f32107fc232,bronx-2024-p37-r51,ambiguous,manual_review,"903 Eagle Avenue, Bronx, NY 10456",2026200045,,,"903 Eagle Avenue, Bronx, NY 10456",source_bbl_found_in_official_nyc_data|parcel_has_multiple_unresolved_hpd_buildings|primary_address_matches_2_hpd_buildings,62335|1005040
stabili-04260212-9af8-5289-a48d-924ab63592be,bronx-2024-p37-r52,ambiguous,manual_review,"915 Eagle Avenue, Bronx, NY 10456",2026200035,,,"915 Eagle Avenue, Bronx, NY 10456",source_bbl_found_in_official_nyc_data|parcel_has_multiple_unresolved_hpd_buildings|primary_address_matches_2_hpd_buildings,62338|994309
stabili-b37fa5f9-db3d-5fae-910d-e5845d12c1ac,bronx-2024-p37-r55,ambiguous,manual_review,"921 Eagle Avenue, Bronx, NY 10456",2026200032,,,"921 Eagle Avenue, Bronx, NY 10456",source_bbl_found_in_official_nyc_data|parcel_has_multiple_unresolved_hpd_buildings|primary_address_matches_2_hpd_buildings,62341|1005039
stabili-387a8c70-7520-518e-881e-0480074b3e70,bronx-2024-p38-r17,ambiguous,manual_review,"1306 Findlay Avenue, Bronx, NY 10456",2027820008,,,"1306 Findlay Avenue, Bronx, NY 10456",source_bbl_found_in_official_nyc_data|parcel_has_multiple_unresolved_hpd_buildings|primary_address_matches_3_hpd_buildings,78321|938146|1004455
stabili-8fc39f6a-ef5a-5bb0-9877-5043fc497ee0,bronx-2024-p38-r45,ambiguous,manual_review,"1341 Franklin Avenue, Bronx, NY 10456",2029310082,,,"1341 Franklin Avenue, Bronx, NY 10456",source_bbl_found_in_official_nyc_data|parcel_has_multiple_unresolved_hpd_buildings|primary_address_matches_2_hpd_buildings,79292|848529|883564|956569|990206
stabili-e3757f0e-8190-5390-bd9a-ccc88ee0eedf,bronx-2024-p38-r53,ambiguous,manual_review,"1180 Fulton Avenue, Bronx, NY 10456",2026110001,,,"1180 Fulton Avenue, Bronx, NY 10456",source_bbl_found_in_official_nyc_data|parcel_has_multiple_unresolved_hpd_buildings|primary_address_matches_2_hpd_buildings,79706|987083
stabili-874a41d7-af02-50a8-a2fb-42e2ce97ed14,bronx-2024-p38-r54,ambiguous,manual_review,"1193 Fulton Avenue, Bronx, NY 10456",2026090041,,,"1193 Fulton Avenue, Bronx, NY 10456",source_bbl_found_in_official_nyc_data|parcel_has_multiple_unresolved_hpd_buildings|primary_address_matches_2_hpd_buildings,79710|992044
stabili-ec1c145f-82cd-5268-8e83-290ca91834b5,bronx-2024-p39-r50,ambiguous,manual_review,"748 Jackson Avenue, Bronx, NY 10456",2026460041,,,"748 Jackson Avenue, Bronx, NY 10455",source_bbl_found_in_official_nyc_data|parcel_has_multiple_unresolved_hpd_buildings|primary_address_matches_2_hpd_buildings,88570|943285
stabili-0c793d9e-9d90-58d0-aab8-31e2398dc6e3,bronx-2024-p40-r35,ambiguous,manual_review,"1305 Morris Avenue, Bronx, NY 10456",2028160066,,,"1305 Morris Avenue, Bronx, NY 10456",source_bbl_found_in_official_nyc_data|parcel_has_multiple_unresolved_hpd_buildings|primary_address_matches_2_hpd_buildings,97365|994213
stabili-09ac9be8-bce3-5bba-9c91-02047fa195cf,bronx-2024-p40-r40,ambiguous,manual_review,"1329 Morris Avenue, Bronx, NY 10456",2028160058,,,"1329 Morris Avenue, Bronx, NY 10456",source_bbl_found_in_official_nyc_data|parcel_has_multiple_unresolved_hpd_buildings|primary_address_matches_2_hpd_buildings,97374|1006689
stabili-c3cdcf8f-1d2e-5f61-a4c5-d8ce2e9dad69,bronx-2024-p40-r49,ambiguous,manual_review,"1434 Morris Avenue, Bronx, NY 10456",2027860012,,,"1434 Morris Avenue, Bronx, NY 10456",source_bbl_found_in_official_nyc_data|parcel_has_multiple_unresolved_hpd_buildings|primary_address_matches_3_hpd_buildings,97390|868520|944988
stabili-691bb0c1-1039-5626-abff-02809f5bbf2c,bronx-2024-p40-r56,ambiguous,manual_review,"756 Saint Anns Avenue, Bronx, NY 10456",2026187501,,,"756 St Anns Avenue, Bronx, NY 10456",source_bbl_found_in_official_nyc_data|parcel_has_multiple_unresolved_hpd_buildings,900320|900663|933756|933790|934170|934719
stabili-4c108c1b-1a3f-5fd8-b045-9af34b796468,bronx-2024-p41-r1,ambiguous,manual_review,"780 Saint Anns Avenue, Bronx, NY 10456",2026187501,,,"756 St Anns Avenue, Bronx, NY 10456",source_bbl_found_in_official_nyc_data|parcel_has_multiple_unresolved_hpd_buildings,900320|900663|933756|933790|934170|934719
stabili-1272151b-b853-5e82-8959-7a18c188b2f3,bronx-2024-p41-r2,ambiguous,manual_review,"792–800 Saint Anns Avenue, Bronx, NY 10456",2026187501,,,"756 St Anns Avenue, Bronx, NY 10456",source_bbl_found_in_official_nyc_data|parcel_has_multiple_unresolved_hpd_buildings,900320|900663|933756|933790|934170|934719
stabili-30d1fbb0-c066-589d-9b3c-d21a9a20605b,bronx-2024-p41-r3,ambiguous,manual_review,"820 Saint Anns Avenue, Bronx, NY 10456",2026187501,,,"756 St Anns Avenue, Bronx, NY 10456",source_bbl_found_in_official_nyc_data|parcel_has_multiple_unresolved_hpd_buildings,900320|900663|933756|933790|934170|934719
stabili-f3fceec7-260a-57f8-95cc-c4df5a9d1d8a,bronx-2024-p42-r21,ambiguous,manual_review,"1138 Teller Avenue, Bronx, NY 10456",2024290012,,,"1138 Teller Avenue, Bronx, NY 10456",source_bbl_found_in_official_nyc_data|parcel_has_multiple_unresolved_hpd_buildings|primary_address_matches_3_hpd_buildings,112761|891705|948645
stabili-085607f9-2e30-5ad7-aa28-b101b4b962e2,bronx-2024-p42-r37,ambiguous,manual_review,"1173 Tinton Avenue, Bronx, NY 10456",2026620028,,,"1173 Tinton Avenue, Bronx, NY 10456",source_bbl_found_in_official_nyc_data|parcel_has_multiple_unresolved_hpd_buildings|primary_address_matches_2_hpd_buildings,115180|927555
stabili-553278d3-0b9a-5898-8b52-f7b9cce89596,bronx-2024-p42-r43,ambiguous,manual_review,"1217 Tinton Avenue, Bronx, NY 10456",2026630051,,,"1217 Tinton Avenue, Bronx, NY 10456",source_bbl_found_in_official_nyc_data|parcel_has_multiple_unresolved_hpd_buildings|primary_address_matches_2_hpd_buildings,115196|913793
stabili-3235abac-1edb-5adf-9d05-d8ddbdd422b0,bronx-2024-p42-r47,ambiguous,manual_review,"1249 Tinton Avenue, Bronx, NY 10456",2026630034,,,"760 East 169 Street, Bronx, NY 10456",source_bbl_found_in_official_nyc_data|parcel_has_multiple_unresolved_hpd_buildings,65205|1014324
stabili-a97e2a1a-cacf-5d26-bf99-2d549aff6371,bronx-2024-p42-r55,ambiguous,manual_review,"1070 Washington Avenue, Bronx, NY 10456",2023700013,,,"1070 Washington Avenue, Bronx, NY 10456",source_bbl_found_in_official_nyc_data|parcel_has_multiple_unresolved_hpd_buildings|primary_address_matches_2_hpd_buildings,119630|937164
stabili-239dcebb-b9d9-5237-a283-5f62fe6852a3,bronx-2024-p42-r56,ambiguous,manual_review,"1074 Washington Avenue, Bronx, NY 10456",2023700016,,,"1074 Washington Avenue, Bronx, NY 10456",source_bbl_found_in_official_nyc_data|parcel_has_multiple_unresolved_hpd_buildings|primary_address_matches_2_hpd_buildings,119633|988925
stabili-17ef9553-8d23-5326-88da-1ea8fd69d257,bronx-2024-p43-r4,ambiguous,manual_review,"1138 Washington Avenue, Bronx, NY 10456",2023710017,,,"1138 Washington Avenue, Bronx, NY 10456",source_bbl_found_in_official_nyc_data|parcel_has_multiple_unresolved_hpd_buildings|primary_address_matches_2_hpd_buildings,119662|890205
stabili-d8ec4cb6-7326-56ed-a1c0-7840795887ca,bronx-2024-p43-r6,ambiguous,manual_review,"1165 Washington Avenue, Bronx, NY 10456",2023890049,,,"1165 Washington Ave, Bronx, NY 10456",source_bbl_found_in_official_nyc_data|parcel_has_multiple_unresolved_hpd_buildings|primary_address_matches_2_hpd_buildings,119670|923671
stabili-d514cfa7-1add-523b-ad10-59bf6e024a6e,bronx-2024-p43-r26,ambiguous,manual_review,"3827 3rd Avenue, Bronx, NY 10457",2029120025,,,"3827 3 Avenue, Bronx, NY 10457",source_bbl_found_in_official_nyc_data|parcel_has_multiple_unresolved_hpd_buildings|primary_address_matches_2_hpd_buildings,113817|951776
stabili-cb12e408-61a9-5f0d-a17d-86f3a53dd49f,bronx-2024-p43-r48,ambiguous,manual_review,"1846 Anthony Avenue, Bronx, NY 10457",2028030002,,,"1840 Anthony Avenue, Bronx, NY 10457",source_bbl_found_in_official_nyc_data|parcel_has_multiple_unresolved_hpd_buildings|primary_address_matches_2_hpd_buildings,45626|45628
stabili-0f1e059f-010c-5c43-9dc8-ebf5dc7fb3af,bronx-2024-p44-r4,ambiguous,manual_review,"2067 Anthony Avenue, Bronx, NY 10457",2031560024,,,"2067 Anthony Avenue, Bronx, NY 10457",source_bbl_found_in_official_nyc_data|parcel_has_multiple_unresolved_hpd_buildings|primary_address_matches_2_hpd_buildings,45675|1011555
stabili-a07a4bec-4fdc-5845-a535-4c276477407c,bronx-2024-p44-r5,ambiguous,manual_review,"2069 Anthony Avenue, Bronx, NY 10457",2031560023,,,"2069 Anthony Avenue, Bronx, NY 10457",source_bbl_found_in_official_nyc_data|parcel_has_multiple_unresolved_hpd_buildings|primary_address_matches_2_hpd_buildings,45677|999282
stabili-306eb622-666a-55f8-b4df-cf0ec5f20861,bronx-2024-p44-r6,ambiguous,manual_review,"2075 Anthony Avenue, Bronx, NY 10457",2031560020,,,"2075 Anthony Avenue, Bronx, NY 10457",source_bbl_found_in_official_nyc_data|parcel_has_multiple_unresolved_hpd_buildings|primary_address_matches_2_hpd_buildings,45683|1001410
stabili-21ec0aa0-865d-5ad9-be65-ca1c45b0a322,bronx-2024-p44-r8,ambiguous,manual_review,"2081–2083 Anthony Avenue, Bronx, NY 10457",2031560127,,,"2081 Anthony Avenue, Bronx, NY 10457",source_bbl_found_in_official_nyc_data|parcel_has_multiple_unresolved_hpd_buildings|primary_address_matches_2_hpd_buildings,45688|1012447
stabili-322304b0-4b9e-5576-9434-6698e173b6c0,bronx-2024-p44-r45,ambiguous,manual_review,"2277 Bathgate Avenue, Bronx, NY 10457",2030500070,,,"2277 Bathgate Avenue, Bronx, NY 10457",source_bbl_found_in_official_nyc_data|parcel_has_multiple_unresolved_hpd_buildings|primary_address_matches_3_hpd_buildings,48321|886581|888939
stabili-b23eac2e-2807-5bcb-80e7-b864651f9590,bronx-2024-p45-r25,ambiguous,manual_review,"1701 Clay Avenue, Bronx, NY 10457",2027900049,,,"1701 Clay Avenue, Bronx, NY 10457",source_bbl_found_in_official_nyc_data|parcel_has_multiple_unresolved_hpd_buildings|primary_address_matches_2_hpd_buildings,56959|1009896
stabili-b05e6c09-800f-5354-905d-478d53e9b9e5,bronx-2024-p45-r41,ambiguous,manual_review,"2144 Clinton Avenue, Bronx, NY 10457",2030970010,,,"2144 Clinton Avenue, Bronx, NY 10457",source_bbl_found_in_official_nyc_data|parcel_has_multiple_unresolved_hpd_buildings|primary_address_matches_2_hpd_buildings,57128|955187
stabili-d3752a5a-fad9-59c0-bfa0-8ee4f23078d5,bronx-2024-p45-r42,ambiguous,manual_review,"2150 Clinton Avenue, Bronx, NY 10457",2030970012,,,"Clinton Avenue, Bronx, NY 10457",source_bbl_found_in_official_nyc_data|parcel_has_multiple_unresolved_hpd_buildings|primary_address_matches_2_hpd_buildings,57132|1010615
stabili-efb22a5a-76fa-5d7c-88df-7696c77ee50f,bronx-2024-p45-r45,ambiguous,manual_review,"653–657 Crotona Park North, Bronx, NY 10457",2029440001,,,"1800 Crotona Park North, Bronx, NY 10457",source_bbl_found_in_official_nyc_data|parcel_has_multiple_unresolved_hpd_buildings,46126|806411
stabili-1dca3346-93a0-5fe4-a305-3844033a2a8a,bronx-2024-p45-r52,ambiguous,manual_review,"1893 Crotona Avenue, Bronx, NY 10457",2029460040,,,"1893 Crotona Avenue, Bronx, NY 10457",source_bbl_found_in_official_nyc_data|parcel_has_multiple_unresolved_hpd_buildings|primary_address_matches_2_hpd_buildings,59821|989694
stabili-57a9959c-9b20-5c6b-a812-0d0fa0c328be,bronx-2024-p46-r36,ambiguous,manual_review,"712 East 175th Street, Bronx, NY 10457",2029480009,,,"712 East 175 Street, Bronx, NY 10457",source_bbl_found_in_official_nyc_data|parcel_has_multiple_unresolved_hpd_buildings|primary_address_matches_2_hpd_buildings,65750|971253
stabili-0d1b70cf-78ac-506b-868e-555a58db28f1,bronx-2024-p46-r37,ambiguous,manual_review,"718 East 175th Street, Bronx, NY 10457",2029480011,,,"718 East 175 Street, Bronx, NY 10457",source_bbl_found_in_official_nyc_data|parcel_has_multiple_unresolved_hpd_buildings|primary_address_matches_2_hpd_buildings,65751|944457
stabili-05ff6c94-e356-5deb-95a7-216030a7b2be,bronx-2024-p47-r12,ambiguous,manual_review,"220 East 178th Street, Bronx, NY 10457",2028100017,,,"220 East 178 Street, Bronx, NY 10457",source_bbl_found_in_official_nyc_data|parcel_has_multiple_unresolved_hpd_buildings|primary_address_matches_2_hpd_buildings,65956|974228
stabili-560f6aab-6402-5962-a6ce-28a294931155,bronx-2024-p47-r16,ambiguous,manual_review,"240 East 178th Street, Bronx, NY 10457",2028100024,,,"240 East 178 Street, Bronx, NY 10457",source_bbl_found_in_official_nyc_data|parcel_has_multiple_unresolved_hpd_buildings|primary_address_matches_2_hpd_buildings,65959|991154
stabili-d7342e75-3ea2-51c9-870e-e316d6f00d83,bronx-2024-p47-r37,ambiguous,manual_review,"225 East 179th Street, Bronx, NY 10457",2028120001,,,"225 East 179 Street, Bronx, NY 10457",source_bbl_found_in_official_nyc_data|parcel_has_multiple_unresolved_hpd_buildings|primary_address_matches_2_hpd_buildings,66081|974227
stabili-15d5fc83-13c4-5078-9a3d-66320e490436,bronx-2024-p48-r34,ambiguous,manual_review,"280 East Burnside Avenue, Bronx, NY 10457",2028140073,,,"280 East Burnside Avenue, Bronx, NY 10457",source_bbl_found_in_official_nyc_data|parcel_has_multiple_unresolved_hpd_buildings|primary_address_matches_2_hpd_buildings,73538|926997
stabili-3ba83a70-7825-5450-a510-9e756beaf9d6,bronx-2024-p49-r8,ambiguous,manual_review,"304 Echo Place, Bronx, NY 10457",2028140008,,,"304 Echo Place, Bronx, NY 10457",source_bbl_found_in_official_nyc_data|parcel_has_multiple_unresolved_hpd_buildings|primary_address_matches_2_hpd_buildings,74906|967101
stabili-435385cc-2665-5357-9fda-4227f308156e,bronx-2024-p49-r51,ambiguous,manual_review,"2050 Grand Concourse, Bronx, NY 10457",2031560001,,,"2050 Grand Concourse, Bronx, NY 10457",source_bbl_found_in_official_nyc_data|parcel_has_multiple_unresolved_hpd_buildings|primary_address_matches_2_hpd_buildings,81764|988969
stabili-df8df178-dbab-5779-bbb7-ad3eaad00038,bronx-2024-p50-r17,ambiguous,manual_review,"2110 Hughes Avenue, Bronx, NY 10457",2030810006,,,"2110 Hughes Avenue, Bronx, NY 10457",source_bbl_found_in_official_nyc_data|parcel_has_multiple_unresolved_hpd_buildings|primary_address_matches_2_hpd_buildings,87238|927554
stabili-9b676b25-8313-545e-8713-d4a5982ed8e4,bronx-2024-p50-r25,ambiguous,manual_review,"2265 Hughes Avenue, Bronx, NY 10457",2030710055,,,"2265 Hughes Avenue, Bronx, NY 10457",source_bbl_found_in_official_nyc_data|parcel_has_multiple_unresolved_hpd_buildings|primary_address_matches_2_hpd_buildings,87298|997687
stabili-9c378715-b6e6-5f0c-b013-dd8762c0f19c,bronx-2024-p50-r34,ambiguous,manual_review,"1685 Monroe Avenue, Bronx, NY 10457",2027920051,,,"1685 Monroe Avenue, Bronx, NY 10457",source_bbl_found_in_official_nyc_data|parcel_has_multiple_unresolved_hpd_buildings|primary_address_matches_2_hpd_buildings,96775|969743
stabili-127c0bf7-c368-5c8c-beb4-e2c8e658264a,bronx-2024-p50-r37,ambiguous,manual_review,"1752 Monroe Avenue, Bronx, NY 10457",2027980014,,,"1752 Monroe Avenue, Bronx, NY 10457",source_bbl_found_in_official_nyc_data|parcel_has_multiple_unresolved_hpd_buildings|primary_address_matches_2_hpd_buildings,96795|975728
stabili-b7bcddbd-59d4-5216-b314-7babab5365ee,bronx-2024-p50-r40,ambiguous,manual_review,"1800 Monroe Avenue, Bronx, NY 10457",2028000028,,,"1800 Monroe Avenue, Bronx, NY 10457",source_bbl_found_in_official_nyc_data|parcel_has_multiple_unresolved_hpd_buildings|primary_address_matches_2_hpd_buildings,96813|950381
stabili-63ebc79c-869a-50af-b98c-236d8358b289,bronx-2024-p51-r6,ambiguous,manual_review,"250 Mount Hope Place, Bronx, NY 10457",2028020029,,,"250 Mt Hope Place, Bronx, NY 10457",source_bbl_found_in_official_nyc_data|parcel_has_multiple_unresolved_hpd_buildings,98113|971252|1008060
stabili-82029f41-e238-58a3-bd7b-6ee4bc98a446,bronx-2024-p51-r26,ambiguous,manual_review,"1963 Prospect Avenue, Bronx, NY 10457",2030930047,,,"1963 Prospect Avenue, Bronx, NY 10457",source_bbl_found_in_official_nyc_data|parcel_has_multiple_unresolved_hpd_buildings|primary_address_matches_2_hpd_buildings,104377|941190
stabili-b1437c7f-9b92-5413-ae03-bfb721fbdfc8,bronx-2024-p51-r33,ambiguous,manual_review,"2051 Ryer Avenue, Bronx, NY 10457",2031560070,,,"2051 Ryer Avenue, Bronx, NY 10457",source_bbl_found_in_official_nyc_data|parcel_has_multiple_unresolved_hpd_buildings|primary_address_matches_2_hpd_buildings,107727|983973
stabili-2a7d6f2c-5df9-595c-bcd1-b3909a3e64eb,bronx-2024-p51-r34,ambiguous,manual_review,"2065 Ryer Avenue, Bronx, NY 10457",2031560063,,,"Ryer Avenue, Bronx, NY 10457",source_bbl_found_in_official_nyc_data|parcel_has_multiple_unresolved_hpd_buildings|primary_address_matches_2_hpd_buildings,107740|1003329
stabili-1f6143b4-8cd8-5f24-bb7f-b7caf0bb090d,bronx-2024-p51-r35,ambiguous,manual_review,"2067 Ryer Avenue, Bronx, NY 10457",2031560062,,,"Ryer Avenue, Bronx, NY 10457",source_bbl_found_in_official_nyc_data|parcel_has_multiple_unresolved_hpd_buildings|primary_address_matches_2_hpd_buildings,107742|988938
stabili-1958fc83-12f9-5521-92d1-dd629034f3f8,bronx-2024-p52-r25,ambiguous,manual_review,"1699 Topping Avenue, Bronx, NY 10457",2027910050,,,"1699 Topping Avenue, Bronx, NY 10457",source_bbl_found_in_official_nyc_data|parcel_has_multiple_unresolved_hpd_buildings|primary_address_matches_2_hpd_buildings,115538|1009287
stabili-bdf75201-3330-5140-bf5c-2fb534313f99,bronx-2024-p52-r38,ambiguous,manual_review,"2086 Valentine Avenue, Bronx, NY 10457",2031440004,,,"2086 Valentine Avenue, Bronx, NY 10457",source_bbl_found_in_official_nyc_data|parcel_has_multiple_unresolved_hpd_buildings|primary_address_matches_2_hpd_buildings,116999|972815
stabili-6d8ce9f2-c754-5707-acc6-4ce9577668f3,bronx-2024-p52-r55,ambiguous,manual_review,"2191 Washington Avenue, Bronx, NY 10457",2030370071,,,"2191 Washington Avenue, Bronx, NY 10457",source_bbl_found_in_official_nyc_data|parcel_has_multiple_unresolved_hpd_buildings|primary_address_matches_2_hpd_buildings,119849|934519
stabili-48c4729a-0826-523d-83d8-b97f9a357e9b,bronx-2024-p53-r22,ambiguous,manual_review,"1688 Weeks Avenue, Bronx, NY 10457",2027920031,,,"1688 Weeks Avenue, Bronx, NY 10457",source_bbl_found_in_official_nyc_data|parcel_has_multiple_unresolved_hpd_buildings|primary_address_matches_2_hpd_buildings,120803|1011093
stabili-cfe00831-d01e-5f0f-a4ec-e4d6e8b29ba6,bronx-2024-p53-r29,ambiguous,manual_review,"1779 Weeks Avenue, Bronx, NY 10457",2027960036,,,"1779 Weeks Avenue, Bronx, NY 10457",source_bbl_found_in_official_nyc_data|parcel_has_multiple_unresolved_hpd_buildings|primary_address_matches_2_hpd_buildings,120827|986730
stabili-c9db98b4-fcda-5951-bce1-4c0da2d5a4af,bronx-2024-p53-r31,ambiguous,manual_review,"1801 Weeks Avenue, Bronx, NY 10457",2028260102,,,"1801 Weeks Avenue, Bronx, NY 10457",source_bbl_found_in_official_nyc_data|parcel_has_multiple_unresolved_hpd_buildings|primary_address_matches_3_hpd_buildings,120830|1019342|1020705
stabili-6824398c-844c-5263-a98f-807369c8150e,bronx-2024-p53-r53,ambiguous,manual_review,"2491F Arthur Avenue, Bronx, NY 10458",2030670064,,,"2491 Arthur Avenue, Bronx, NY 10458",source_bbl_found_in_official_nyc_data|parcel_has_multiple_unresolved_hpd_buildings,46279|806259
stabili-5d222ae7-ca2e-594c-baa8-68cfdaa4bdb6,bronx-2024-p54-r52,ambiguous,manual_review,"2325 Beaumont Avenue, Bronx, NY 10458",2030890051,,,"2325 Beaumont Avenue, Bronx, NY 10458",source_bbl_found_in_official_nyc_data|parcel_has_multiple_unresolved_hpd_buildings|primary_address_matches_2_hpd_buildings,49151|979514
stabili-c434a3a3-c909-55db-85d6-29895fa335be,bronx-2024-p55-r15,ambiguous,manual_review,"261 Bedford Park Boulevard, Bronx, NY 10458",2032980009,,,"261 Bedford Park Blvd, Bronx, NY 10458",source_bbl_found_in_official_nyc_data|parcel_has_multiple_unresolved_hpd_buildings|primary_address_matches_2_hpd_buildings,49313|1008155
stabili-996d1a02-739d-5aa9-95da-35336a6169d8,bronx-2024-p55-r28,ambiguous,manual_review,"2321 Belmont Avenue, Bronx, NY 10458",2030870022,,,"2321 Belmont Avenue, Bronx, NY 10458",source_bbl_found_in_official_nyc_data|parcel_has_multiple_unresolved_hpd_buildings|primary_address_matches_2_hpd_buildings,49478|1008443
stabili-ac46a005-32b4-5a8a-84ba-fb29eec76899,bronx-2024-p55-r51,ambiguous,manual_review,"2556–2560 Briggs Avenue, Bronx, NY 10458",2032930021,,,"2556 Briggs Ave, Bronx, NY 10458",source_bbl_found_in_official_nyc_data|parcel_has_multiple_unresolved_hpd_buildings|primary_address_matches_2_hpd_buildings,51219|1008717
stabili-5143ce31-983b-5936-813b-b1705349a5ed,bronx-2024-p56-r43,ambiguous,manual_review,"2449 Cambreleng Avenue, Bronx, NY 10458",2030750052,,,"2449 Cambreleng Avenue, Bronx, NY 10458",source_bbl_found_in_official_nyc_data|parcel_has_multiple_unresolved_hpd_buildings|primary_address_matches_2_hpd_buildings,912843|970791
stabili-2b8e5a50-95de-5bbe-a034-563a92e61a5b,bronx-2024-p57-r36,ambiguous,manual_review,"2638 Decatur Avenue, Bronx, NY 10458",2032770008,,,"2638 Decatur Avenue, Bronx, NY 10458",source_bbl_found_in_official_nyc_data|parcel_has_multiple_unresolved_hpd_buildings|primary_address_matches_2_hpd_buildings,60804|991367
stabili-c4b2f105-985c-5c86-af13-e5b4f88f02cb,bronx-2024-p58-r26,ambiguous,manual_review,"364 East 184th Street, Bronx, NY 10458",2031430283,,,"364 East 184 Street, Bronx, NY 10458",source_bbl_found_in_official_nyc_data|parcel_has_multiple_unresolved_hpd_buildings|primary_address_matches_2_hpd_buildings,66594|999169
stabili-6d51b18b-54da-5b8c-9954-bdc4fba08ee3,bronx-2024-p59-r36,ambiguous,manual_review,"485 East 188th Street, Bronx, NY 10458",2030580001,,,"2438 Washington Avenue, Bronx, NY 10458",source_bbl_found_in_official_nyc_data|parcel_has_multiple_unresolved_hpd_buildings,119896|1011861
stabili-9e97cb27-3932-5f9f-9b36-8600aa8b1812,bronx-2024-p60-r20,ambiguous,manual_review,"355 East 194th Street, Bronx, NY 10458",2032820065,,,"355 East 194 Street, Bronx, NY 10458",source_bbl_found_in_official_nyc_data|parcel_has_multiple_unresolved_hpd_buildings|primary_address_matches_2_hpd_buildings,66942|934495
stabili-44dcf396-1afe-587b-b25e-d77bc3e99f22,bronx-2024-p61-r24,ambiguous,manual_review,"211 East 203rd Street, Bronx, NY 10458",2033090039,,,"211 East 203 Street, Bronx, NY 10458",source_bbl_found_in_official_nyc_data|parcel_has_multiple_unresolved_hpd_buildings|primary_address_matches_2_hpd_buildings,67283|934463
stabili-0be51311-5187-5d99-8334-81b3d20e1757,bronx-2024-p61-r26,ambiguous,manual_review,"219 East 203rd Street, Bronx, NY 10458",2033090036,,,"219 East 203 Street, Bronx, NY 10458",source_bbl_found_in_official_nyc_data|parcel_has_multiple_unresolved_hpd_buildings|primary_address_matches_2_hpd_buildings,67287|1010888
stabili-e8e8f648-7f70-5fb8-96c4-1ec3f1191b1f,bronx-2024-p61-r40,ambiguous,manual_review,"192 East 205th Street, Bronx, NY 10458",2033110118,,,"192 East 205 Street, Bronx, NY 10458",source_bbl_found_in_official_nyc_data|parcel_has_multiple_unresolved_hpd_buildings|primary_address_matches_2_hpd_buildings,67390|970874
stabili-a9eae55d-e911-5240-82e9-ebbf07588bff,bronx-2024-p61-r42,ambiguous,manual_review,"207–209 East 205th Street, Bronx, NY 10458",2033120041,,,"207 East 205 Street, Bronx, NY 10458",source_bbl_found_in_official_nyc_data|parcel_has_multiple_unresolved_hpd_buildings|primary_address_matches_2_hpd_buildings,67399|806587
stabili-081cbe9c-59e3-59ee-85e6-5d1c8d0568a3,bronx-2024-p62-r5,ambiguous,manual_review,"170 East Mosholu Parkway South, Bronx, NY 10458",2033120080,,,"170 East Mosholu Parkway, Bronx, NY 10458",source_bbl_found_in_official_nyc_data|parcel_has_multiple_unresolved_hpd_buildings|primary_address_matches_2_hpd_buildings,73814|927042
stabili-a67f6286-7784-5572-b7af-8d2e9c75e735,bronx-2024-p63-r44,ambiguous,manual_review,"2381 Lorillard Place, Bronx, NY 10458",2030550021,,,"2381 Lorillard Place, Bronx, NY 10458",source_bbl_found_in_official_nyc_data|parcel_has_multiple_unresolved_hpd_buildings|primary_address_matches_2_hpd_buildings,92626|985901
stabili-412fc001-d66b-53e7-b127-df51d0ef6bbd,bronx-2024-p64-r41,ambiguous,manual_review,"2997 Marion Avenue, Bronx, NY 10458",2032810023,,,"2997 Marion Avenue, Bronx, NY 10458",source_bbl_found_in_official_nyc_data|parcel_has_multiple_unresolved_hpd_buildings|primary_address_matches_2_hpd_buildings,94463|1009550
stabili-c176fd61-b008-5346-8137-38d760147b5c,bronx-2024-p65-r3,ambiguous,manual_review,"4656 Park Avenue, Bronx, NY 10458",2030400005,,,"4656 Park Avenue, Bronx, NY 10458",source_bbl_found_in_official_nyc_data|parcel_has_multiple_unresolved_hpd_buildings|primary_address_matches_2_hpd_buildings,101360|999831
stabili-3d228a58-2501-5ba0-9362-606572f6add1,bronx-2024-p65-r8,ambiguous,manual_review,"4684 Park Avenue, Bronx, NY 10458",2030410006,,,"4686 Park Avenue, Bronx, NY 10458",source_bbl_found_in_official_nyc_data|parcel_has_multiple_unresolved_hpd_buildings,60312|869479
stabili-34f789a5-17f1-5cb9-b2e2-a9b17b86303d,bronx-2024-p65-r16,ambiguous,manual_review,"3002 Perry Avenue, Bronx, NY 10458",2032810010,,,"3002 Perry Avenue, Bronx, NY 10458",source_bbl_found_in_official_nyc_data|parcel_has_multiple_unresolved_hpd_buildings|primary_address_matches_2_hpd_buildings,102879|1010792
stabili-19a15a4b-b223-5d30-9d45-836a06f423c6,bronx-2024-p65-r23,ambiguous,manual_review,"2346 Prospect Avenue, Bronx, NY 10458",2031140044,,,"2346 Prospect Avenue, Bronx, NY 10460",source_bbl_found_in_official_nyc_data|parcel_has_multiple_unresolved_hpd_buildings|primary_address_matches_2_hpd_buildings,104457|966205
stabili-f5952803-c4cf-55e4-9d27-e5d7fad60ec6,bronx-2024-p65-r29,ambiguous,manual_review,"2408 Prospect Avenue, Bronx, NY 10458",2031150003,,,"2408 Prospect Avenue, Bronx, NY 10458",source_bbl_found_in_official_nyc_data|parcel_has_multiple_unresolved_hpd_buildings|primary_address_matches_2_hpd_buildings,104469|956816
stabili-4a3dbde9-9a39-5205-977f-c98bebd47d2a,bronx-2024-p65-r48,ambiguous,manual_review,"187 Saint Georges Crescent, Bronx, NY 10458",2033130075,,,"187 St Georges Crescent, Bronx, NY 10458",source_bbl_found_in_official_nyc_data|parcel_has_multiple_unresolved_hpd_buildings,110567|897264
stabili-2f85eaed-78e7-5283-935f-37554a1ffab2,bronx-2024-p65-r49,ambiguous,manual_review,"189 Saint Georges Crescent, Bronx, NY 10458",2033130074,,,"189 St Georges Crescent, Bronx, NY 10458",source_bbl_found_in_official_nyc_data|parcel_has_multiple_unresolved_hpd_buildings,110568|975120
stabili-e4beebfc-c12a-58e0-b253-b299162d9ed2,bronx-2024-p65-r53,ambiguous,manual_review,"2311 Tiebout Avenue, Bronx, NY 10458",2031460067,,,"2311 Tiebout Avenue, Bronx, NY 10458",source_bbl_found_in_official_nyc_data|parcel_has_multiple_unresolved_hpd_buildings|primary_address_matches_2_hpd_buildings,114436|927160
stabili-432708d7-c1d3-502a-9d4c-5d18ecc473c8,bronx-2024-p66-r32,ambiguous,manual_review,"2407–2417 Valentine Avenue, Bronx, NY 10458",2031520018,,,"2411 Valentine Avenue, Bronx, NY 10458",source_bbl_found_in_official_nyc_data|parcel_has_multiple_unresolved_hpd_buildings|primary_address_matches_4_hpd_buildings,117087|807018|807019|807020
stabili-607b9474-1725-52e2-bbf7-6e0879bcfbf1,bronx-2024-p67-r28,ambiguous,manual_review,"2895 Valentine Avenue, Bronx, NY 10458",2033050051,,,"2895 Valentine Avenue, Bronx, NY 10458",source_bbl_found_in_official_nyc_data|parcel_has_multiple_unresolved_hpd_buildings|primary_address_matches_2_hpd_buildings,117178|1009007
stabili-78b24a2c-f802-5033-b301-4978a49e169a,bronx-2024-p67-r41,ambiguous,manual_review,"3013 Valentine Avenue, Bronx, NY 10458",2033070084,,,"3013 Valentine Avenue, Bronx, NY 10458",source_bbl_found_in_official_nyc_data|parcel_has_multiple_unresolved_hpd_buildings,67262|955793
stabili-b54cafb0-3706-5ce9-9c92-2397c868e30c,bronx-2024-p68-r14,ambiguous,manual_review,"2563 Webster Avenue, Bronx, NY 10458",2032750108,,,"2559 Webster Avenue, Bronx, NY 10458",source_bbl_found_in_official_nyc_data|parcel_has_multiple_unresolved_hpd_buildings,60795|806582
stabili-ec4c5f21-8e73-56d3-b28b-93a1d8c0c112,bronx-2024-p68-r17,ambiguous,manual_review,"2985 Webster Avenue, Bronx, NY 10458",2032800048,,,"2985 Webster Avenue, Bronx, NY 10458",source_bbl_found_in_official_nyc_data|parcel_has_multiple_unresolved_hpd_buildings|primary_address_matches_2_hpd_buildings,120695|952508
stabili-69dfd7bf-93ff-5a53-93fd-a8155ae80aa5,bronx-2024-p68-r19,ambiguous,manual_review,"2997–2999 Webster Avenue, Bronx, NY 10458",2032800039,,,"2997 Webster Avenue, Bronx, NY 10458",source_bbl_found_in_official_nyc_data|parcel_has_multiple_unresolved_hpd_buildings|primary_address_matches_2_hpd_buildings,120699|952517
stabili-813d6d60-6453-5382-ac27-676576749c0b,bronx-2024-p69-r4,ambiguous,manual_review,"1446 Bryant Avenue, Bronx, NY 10459",2029990022,,,"1446 Bryant Avenue, Bronx, NY 10459",source_bbl_found_in_official_nyc_data|parcel_has_multiple_unresolved_hpd_buildings|primary_address_matches_2_hpd_buildings,53649|1008790
stabili-7e8e4f52-59a4-551d-b6a3-caf2b9591c6f,bronx-2024-p69-r24,ambiguous,manual_review,"850 East 164th Street, Bronx, NY 10459",2026900119,,,"976 Prospect Avenue, Bronx, NY 10459",source_bbl_found_in_official_nyc_data|parcel_has_multiple_unresolved_hpd_buildings,104603|1003483
stabili-adad23cb-5210-5d60-9b5d-72811a13e0cc,bronx-2024-p69-r25,ambiguous,manual_review,"872 East 164th Street, Bronx, NY 10459",2026900144,,,"872 East 164 Street, Bronx, NY 10459",source_bbl_found_in_official_nyc_data|parcel_has_multiple_unresolved_hpd_buildings|primary_address_matches_2_hpd_buildings,64732|890767
stabili-d6842dda-cecb-55d9-b1fa-af6a057a984d,bronx-2024-p69-r55,ambiguous,manual_review,"825 East 170th Street, Bronx, NY 10459",2029640029,,,"1402 Bristow Street, Bronx, NY 10459",source_bbl_found_in_official_nyc_data|parcel_has_multiple_unresolved_hpd_buildings,51584|822049
stabili-2bae5604-8a3b-5d79-a846-81e3e8d72732,bronx-2024-p70-r11,ambiguous,manual_review,"1015 Fox Street, Bronx, NY 10459",2027170063,,,"1015 Fox Street, Bronx, NY 10459",source_bbl_found_in_official_nyc_data|parcel_has_multiple_unresolved_hpd_buildings|primary_address_matches_2_hpd_buildings,875598|911710
stabili-67a77c1d-209b-55c1-903b-242ee5f9164d,bronx-2024-p70-r26,ambiguous,manual_review,"1075 Hall Place, Bronx, NY 10459",2026910092,,,"1075 Hall Place, Bronx, NY 10459",source_bbl_found_in_official_nyc_data|parcel_has_multiple_unresolved_hpd_buildings|primary_address_matches_2_hpd_buildings,82975|880859
stabili-968cf341-9c7e-5add-9eb6-ed322a3d17ba,bronx-2024-p70-r49,ambiguous,manual_review,"1117 Hoe Avenue, Bronx, NY 10459",2027440034,,,"1117 Hoe Avenue, Bronx, NY 10459",source_bbl_found_in_official_nyc_data|parcel_has_multiple_unresolved_hpd_buildings|primary_address_matches_2_hpd_buildings,85453|992539
stabili-87fa1590-d841-51c9-b31d-8d69e25b1206,bronx-2024-p70-r54,ambiguous,manual_review,"1169 Hoe Avenue, Bronx, NY 10459",2027450033,,,"1169 Hoe Avenue, Bronx, NY 10459",source_bbl_found_in_official_nyc_data|parcel_has_multiple_unresolved_hpd_buildings|primary_address_matches_2_hpd_buildings,85475|1003649
stabili-4fada9b0-f784-54fc-b619-ec1fb38568c6,bronx-2024-p71-r2,ambiguous,manual_review,"1281 Hoe Avenue, Bronx, NY 10459",2029800056,,,"1281 Hoe Avenue, Bronx, NY 10459",source_bbl_found_in_official_nyc_data|parcel_has_multiple_unresolved_hpd_buildings|primary_address_matches_2_hpd_buildings,85507|996451
stabili-4c59a9c2-4a16-509c-8c2d-71fff396710b,bronx-2024-p71-r13,ambiguous,manual_review,"903 Home Street, Bronx, NY 10459",2029740023,,,"903 Home Street, Bronx, NY 10459",source_bbl_found_in_official_nyc_data|parcel_has_multiple_unresolved_hpd_buildings|primary_address_matches_2_hpd_buildings,86492|894767
stabili-f6405a65-2ba0-5e8c-a549-bb372c85fd6a,bronx-2024-p71-r36,ambiguous,manual_review,"1150 Intervale Avenue, Bronx, NY 10459",2027060046,,,"1150 Intervale Avenue, Bronx, NY 10459",source_bbl_found_in_official_nyc_data|parcel_has_multiple_unresolved_hpd_buildings|primary_address_matches_2_hpd_buildings,114970|891255|904126|973921
stabili-eb890f8d-21d0-5d6a-8cbe-010d132e6425,bronx-2024-p71-r40,ambiguous,manual_review,"850 Jennings Street, Bronx, NY 10459",2029650100,,,"850 Jennings Street, Bronx, NY 10459",source_bbl_found_in_official_nyc_data|parcel_has_multiple_unresolved_hpd_buildings|primary_address_matches_2_hpd_buildings,88729|899166
stabili-c4f60084-c4f2-5fca-b245-c1ae9d898bb4,bronx-2024-p71-r50,ambiguous,manual_review,"960 Kelly Street, Bronx, NY 10459",2027130008,,,"960 Kelly Street, Bronx, NY 10459",source_bbl_found_in_official_nyc_data|parcel_has_multiple_unresolved_hpd_buildings|primary_address_matches_2_hpd_buildings,89509|1001913
stabili-f4b78f2f-f67c-5ab3-be02-29ea1d633f74,bronx-2024-p73-r10,ambiguous,manual_review,"1032 Rev James A Polite Avenue, Bronx, NY 10459",2026910047,,,"1032 Rev James Polite Ave, Bronx, NY 10459",source_bbl_found_in_official_nyc_data|parcel_has_multiple_unresolved_hpd_buildings,111364|993468
stabili-3a87c501-eaf8-5b60-83a9-3b476905563f,bronx-2024-p73-r26,ambiguous,manual_review,"950 Rogers Place, Bronx, NY 10459",2026990011,,,"950 Rogers Place, Bronx, NY 10459",source_bbl_found_in_official_nyc_data|parcel_has_multiple_unresolved_hpd_buildings|primary_address_matches_2_hpd_buildings,107230|994365
stabili-134c593a-85b5-5e4e-b9c4-fa5ea1277eb0,bronx-2024-p73-r27,ambiguous,manual_review,"954 Rogers Place, Bronx, NY 10459",2026990012,,,"954 Rogers Place, Bronx, NY 10459",source_bbl_found_in_official_nyc_data|parcel_has_multiple_unresolved_hpd_buildings|primary_address_matches_2_hpd_buildings,107232|994401
stabili-f4b4bb89-3d03-5f7c-b1dc-7babe13c5281,bronx-2024-p74-r5,ambiguous,manual_review,"1226 Southern Boulevard, Bronx, NY 10459",2029790011,,,"1226 Southern Boulevard, Bronx, NY 10459",source_bbl_found_in_official_nyc_data|parcel_has_multiple_unresolved_hpd_buildings|primary_address_matches_2_hpd_buildings,110009|923635
stabili-fe6a1aab-f069-502c-9669-49ae46644bfc,bronx-2024-p74-r11,ambiguous,manual_review,"1344 Southern Boulevard, Bronx, NY 10459",2029800028,,,"1344 Southern Boulevard, Bronx, NY 10459",source_bbl_found_in_official_nyc_data|parcel_has_multiple_unresolved_hpd_buildings|primary_address_matches_2_hpd_buildings,110041|898847
stabili-d0d519e4-f9a9-5b2c-a910-8a40239f942e,bronx-2024-p74-r27,ambiguous,manual_review,"1144–1158 Tiffany Street, Bronx, NY 10459",2027180021,,,"1144 Tiffany Street, Bronx, NY 10459",source_bbl_found_in_official_nyc_data|parcel_has_multiple_unresolved_hpd_buildings|primary_address_matches_2_hpd_buildings,933677|944723
stabili-39deca2d-80c1-567b-8d22-ba687dbbb2e1,bronx-2024-p74-r35,ambiguous,manual_review,"1007 Union Avenue, Bronx, NY 10459",2026690080,,,"1007 Union Avenue, Bronx, NY 10456",source_bbl_found_in_official_nyc_data|parcel_has_multiple_unresolved_hpd_buildings|primary_address_matches_2_hpd_buildings,64811|116393|989112
stabili-0ad52084-b13f-5f46-879f-1a22361e4278,bronx-2024-p74-r51,ambiguous,manual_review,"1431 Vyse Avenue, Bronx, NY 10459",2029870040,,,"1431 Vyse Avenue, Bronx, NY 10459",source_bbl_found_in_official_nyc_data|parcel_has_multiple_unresolved_hpd_buildings|primary_address_matches_2_hpd_buildings,118450|996022
stabili-41b95726-7518-5bc7-bd0d-84ba0eac6415,bronx-2024-p75-r8,ambiguous,manual_review,"961 Westchester Avenue, Bronx, NY 10459",2027150001,,,"961 Westchester Avenue, Bronx, NY 10459",source_bbl_found_in_official_nyc_data|parcel_has_multiple_unresolved_hpd_buildings|primary_address_matches_2_hpd_buildings,122524|1012099
stabili-a8086b9c-f702-5439-97a8-2fe5eaba41a6,bronx-2024-p75-r56,ambiguous,manual_review,"1492 Bryant Avenue, Bronx, NY 10460",2030000017,,,"1492 Bryant Avenue, Bronx, NY 10460",source_bbl_found_in_official_nyc_data|parcel_has_multiple_unresolved_hpd_buildings|primary_address_matches_2_hpd_buildings,53686|1000250
stabili-200b2404-ecc4-5723-81ed-9fd9e16387b0,bronx-2024-p76-r8,ambiguous,manual_review,"1702 Bryant Avenue, Bronx, NY 10460",2030020023,,,"1702 Bryant Avenue, Bronx, NY 10460",source_bbl_found_in_official_nyc_data|parcel_has_multiple_unresolved_hpd_buildings|primary_address_matches_2_hpd_buildings,53742|966732|999023
stabili-19bd51e1-6b72-5c4c-b842-d4fbf5e5051b,bronx-2024-p76-r29,ambiguous,manual_review,"1714 Crotona Park East, Bronx, NY 10460",2029400019,,,"1714 Crotona Park East, Bronx, NY 10460",source_bbl_found_in_official_nyc_data|parcel_has_multiple_unresolved_hpd_buildings|primary_address_matches_2_hpd_buildings,60004|886165
stabili-cedf8acd-5f91-5461-aaea-609b0a7abd4e,bronx-2024-p76-r56,ambiguous,manual_review,"2083 Daly Avenue, Bronx, NY 10460",2031220058,,,"2083 Daly Avenue, Bronx, NY 10460",source_bbl_found_in_official_nyc_data|parcel_has_multiple_unresolved_hpd_buildings|primary_address_matches_2_hpd_buildings,60369|996981
stabili-b4a10896-8dff-5c0f-93cd-f3a3912cc6f2,bronx-2024-p77-r28,ambiguous,manual_review,"866 East 178th Street, Bronx, NY 10460",2031210014,,,"866 East 178 Street, Bronx, NY 10460",source_bbl_found_in_official_nyc_data|parcel_has_multiple_unresolved_hpd_buildings|primary_address_matches_2_hpd_buildings,66027|969739
stabili-156b7372-0a66-5a21-ad35-707e1a18d408,bronx-2024-p77-r41,ambiguous,manual_review,"871 East 179th Street, Bronx, NY 10460",2031230077,,,"871 East 179 Street, Bronx, NY 10460",source_bbl_found_in_official_nyc_data|parcel_has_multiple_unresolved_hpd_buildings|primary_address_matches_2_hpd_buildings,66155|889796
stabili-4f1f7c48-906b-5299-9557-dde6b0a51599,bronx-2024-p77-r45,ambiguous,manual_review,"935 East 179th Street, Bronx, NY 10460",2031270039,,,"935 East 179 Street, Bronx, NY 10460",source_bbl_found_in_official_nyc_data|parcel_has_multiple_unresolved_hpd_buildings|primary_address_matches_2_hpd_buildings,66164|945642
stabili-568e9e57-626d-5b4d-b1be-5d3d43b08670,bronx-2024-p78-r29,ambiguous,manual_review,"790 Elsmere Place, Bronx, NY 10460",2029550017,,,"790 Elsmere Place, Bronx, NY 10460",source_bbl_found_in_official_nyc_data|parcel_has_multiple_unresolved_hpd_buildings|primary_address_matches_2_hpd_buildings,76599|854583
stabili-904f94a6-3001-50c9-86c4-0236a2b68603,bronx-2024-p78-r32,ambiguous,manual_review,"808 Elsmere Place, Bronx, NY 10460",2029550025,,,"808 Elsmere Place, Bronx, NY 10460",source_bbl_found_in_official_nyc_data|parcel_has_multiple_unresolved_hpd_buildings|primary_address_matches_2_hpd_buildings,76610|999509
stabili-1f230d45-39b5-5736-b6a2-231f20a09f1c,bronx-2024-p78-r33,ambiguous,manual_review,"813 Elsmere Place, Bronx, NY 10460",2029560039,,,"813 Elsmere Place, Bronx, NY 10460",source_bbl_found_in_official_nyc_data|parcel_has_multiple_unresolved_hpd_buildings|primary_address_matches_2_hpd_buildings,76614|1008329
stabili-f1d739a8-87d9-565e-abe8-be0d3a08b27d,bronx-2024-p78-r48,ambiguous,manual_review,"785–787 Fairmount Place, Bronx, NY 10460",2029550048,,,"785 Fairmount Place, Bronx, NY 10460",source_bbl_found_in_official_nyc_data|parcel_has_multiple_unresolved_hpd_buildings|primary_address_matches_2_hpd_buildings,77572|1007976
stabili-6fd8d983-bb49-5b6e-b6cc-b2502ba6d495,bronx-2024-p79-r8,ambiguous,manual_review,"773 Grote Street, Bronx, NY 10460",2031130006,,,"773 Grote Street, Bronx, NY 10460",source_bbl_found_in_official_nyc_data|parcel_has_multiple_unresolved_hpd_buildings|primary_address_matches_2_hpd_buildings,82313|1012528
stabili-83d82923-ad20-58b8-aeb6-f03d20bc2306,bronx-2024-p79-r21,ambiguous,manual_review,"2136 Honeywell Avenue, Bronx, NY 10460",2031250026,,,"2136 Honeywell Avenue, Bronx, NY 10460",source_bbl_found_in_official_nyc_data|parcel_has_multiple_unresolved_hpd_buildings|primary_address_matches_2_hpd_buildings,87092|87093|1009388
stabili-a0bc4b12-69b1-50ac-a921-20852253b650,bronx-2024-p79-r38,ambiguous,manual_review,"1570–1580 Leland Avenue, Bronx, NY 10460",2039270027,,,"1570 Leland Avenue, Bronx, NY 10460",source_bbl_found_in_official_nyc_data|parcel_has_multiple_unresolved_hpd_buildings|primary_address_matches_2_hpd_buildings,91639|806798
stabili-f8e5b815-0462-58af-a375-6f5f0017e52c,bronx-2024-p80-r33,ambiguous,manual_review,"1462 Southern Boulevard, Bronx, NY 10460",2029810002,,,"1462 Southern Boulevard, Bronx, NY 10460",source_bbl_found_in_official_nyc_data|parcel_has_multiple_unresolved_hpd_buildings|primary_address_matches_2_hpd_buildings,110047|1010248
stabili-9d55332d-3959-5c5c-894e-9bc1afc5689c,bronx-2024-p80-r34,ambiguous,manual_review,"1490–1500 Southern Boulevard, Bronx, NY 10460",2029810014,,,"1490 Southern Boulevard, Bronx, NY 10460",source_bbl_found_in_official_nyc_data|parcel_has_multiple_unresolved_hpd_buildings|primary_address_matches_3_hpd_buildings,110055|975693|997082
stabili-fc973b70-b783-570b-90f1-d8b664b4ae90,bronx-2024-p81-r45,ambiguous,manual_review,"2015 Vyse Avenue, Bronx, NY 10460",2031270023,,,"2015 Vyse Avenue, Bronx, NY 10460",source_bbl_found_in_official_nyc_data|parcel_has_multiple_unresolved_hpd_buildings|primary_address_matches_2_hpd_buildings,118530|999436
stabili-c79962f0-dc0e-5490-8607-beaaaab04c26,bronx-2024-p82-r5,ambiguous,manual_review,"1 West Farms Square Plaza, Bronx, NY 10460",2031300020,,,"999 East Tremont Avenue, Bronx, NY 10460",source_bbl_found_in_official_nyc_data|parcel_has_multiple_unresolved_hpd_buildings,74512|806564|806610
stabili-1d50ce1d-9590-5461-8d4a-9ae3acaa38dc,bronx-2024-p82-r6,ambiguous,manual_review,"2 West Farms Square Plaza, Bronx, NY 10460",2031300020,,,"999 East Tremont Avenue, Bronx, NY 10460",source_bbl_found_in_official_nyc_data|parcel_has_multiple_unresolved_hpd_buildings,74512|806564|806610
stabili-8b18a24d-2e85-5cdc-8636-4a075cc6b679,bronx-2024-p82-r7,ambiguous,manual_review,"3 West Farms Square Plaza, Bronx, NY 10460",2031300020,,,"999 East Tremont Avenue, Bronx, NY 10460",source_bbl_found_in_official_nyc_data|parcel_has_multiple_unresolved_hpd_buildings,74512|806564|806610
stabili-f7520764-787e-5646-bed1-e9198e9cc63b,bronx-2024-p82-r8,ambiguous,manual_review,"4 West Farms Square Plaza, Bronx, NY 10460",2031310020,,,"998 East 179 Street, Bronx, NY 10460",source_bbl_found_in_official_nyc_data|parcel_has_multiple_unresolved_hpd_buildings,66187|806565
stabili-51e66a76-8a26-5155-9077-332b5f3fdb39,bronx-2024-p82-r9,ambiguous,manual_review,"5 West Farms Square Plaza, Bronx, NY 10460",2031310020,,,"998 East 179 Street, Bronx, NY 10460",source_bbl_found_in_official_nyc_data|parcel_has_multiple_unresolved_hpd_buildings,66187|806565
stabili-a04d0d20-aff6-5c60-a378-d1e9a371c1d5,bronx-2024-p82-r10,ambiguous,manual_review,"6 West Farms Square Plaza, Bronx, NY 10460",2031360001,,,"2008 Bryant Avenue, Bronx, NY 10460",source_bbl_found_in_official_nyc_data|parcel_has_multiple_unresolved_hpd_buildings,53747|806566
stabili-14037e05-0547-5c82-8c1d-b9b5512e9575,bronx-2024-p82-r11,ambiguous,manual_review,"7 West Farms Square Plaza, Bronx, NY 10460",2031360001,,,"2008 Bryant Avenue, Bronx, NY 10460",source_bbl_found_in_official_nyc_data|parcel_has_multiple_unresolved_hpd_buildings,53747|806566
stabili-4a42b4ba-e2e8-5d86-8955-53e09dde6cca,bronx-2024-p83-r10,ambiguous,manual_review,"2897 Dudley Avenue, Bronx, NY 10461",2053780040,,,"1451 Edison Avenue, Bronx, NY 10461",source_bbl_found_in_official_nyc_data|parcel_has_multiple_unresolved_hpd_buildings,75171|806654|889534
stabili-93838141-0842-518b-9822-809329586460,bronx-2024-p83-r26,ambiguous,manual_review,"1816 Edison Avenue, Bronx, NY 10461",2041940003,,,"1816 Edison Avenue, Bronx, NY 10461",source_bbl_found_in_official_nyc_data|parcel_has_multiple_unresolved_hpd_buildings|primary_address_matches_2_hpd_buildings,75223|956703
stabili-b797f555-d1c2-5d7d-ad65-a776fe602642,bronx-2024-p84-r9,ambiguous,manual_review,"1637 Hering Avenue, Bronx, NY 10461",2041120020,,,"1637 Hering Avenue, Bronx, NY 10461",source_bbl_found_in_official_nyc_data|parcel_has_multiple_unresolved_hpd_buildings|primary_address_matches_2_hpd_buildings,84451|828208
stabili-6c430a24-6e62-51ee-9a2c-cf3795bf322d,bronx-2024-p84-r30,ambiguous,manual_review,"2169 Hone Avenue, Bronx, NY 10461",2043280019,,,"2169 Hone Avenue, Bronx, NY 10461",source_bbl_found_in_official_nyc_data|parcel_has_multiple_unresolved_hpd_buildings|primary_address_matches_2_hpd_buildings,86888|970911
stabili-8198c423-04c3-5ad4-bde9-3e45e73be2eb,bronx-2024-p84-r44,ambiguous,manual_review,"2430 Lyvere Street, Bronx, NY 10461",2039970023,,,"2430 Lyvere Street, Bronx, NY 10461",source_bbl_found_in_official_nyc_data|parcel_has_multiple_unresolved_hpd_buildings|primary_address_matches_2_hpd_buildings,93444|954284
stabili-8f1809d4-3b57-560e-a3c3-240c3581cff3,bronx-2024-p85-r21,ambiguous,manual_review,"1701–1705 Parkview Avenue, Bronx, NY 10461",2041770028,,,"1701 Parkview Avenue, Bronx, NY 10461",source_bbl_found_in_official_nyc_data|parcel_has_multiple_unresolved_hpd_buildings|primary_address_matches_2_hpd_buildings,101492|986037
stabili-d15e416a-81f7-5be8-b969-30dc0ea674e6,bronx-2024-p85-r31,ambiguous,manual_review,"1560–1580 Pelham Parkway South, Bronx, NY 10461",2042220046,,,"1560 Pelham Parkway South, Bronx, NY 10461",source_bbl_found_in_official_nyc_data|parcel_has_multiple_unresolved_hpd_buildings|primary_address_matches_2_hpd_buildings,102634|955256
stabili-9b1f5c94-f26e-5929-8a22-f57127547b22,bronx-2024-p85-r32,ambiguous,manual_review,"1680 Pelham Parkway South, Bronx, NY 10461",2042230039,,,"1680 Pelham Parkway South, Bronx, NY 10461",source_bbl_found_in_official_nyc_data|parcel_has_multiple_unresolved_hpd_buildings|primary_address_matches_2_hpd_buildings,102636|975877
stabili-b30b29fe-65ee-5a98-b37a-15ff146d5167,bronx-2024-p86-r19,ambiguous,manual_review,"2501–2515 Tratman Avenue, Bronx, NY 10461",2039820001,,,"2501 Tratman Avenue, Bronx, NY 10461",source_bbl_found_in_official_nyc_data|parcel_has_multiple_unresolved_hpd_buildings|primary_address_matches_2_hpd_buildings,115722|807000|1009272
stabili-f7e7e1aa-ace2-5841-97c6-909fc3376324,bronx-2024-p86-r27,ambiguous,manual_review,"44–53 Westchester Square, Bronx, NY 10461",2040730001,,,"44 Westchester Square, Bronx, NY 10461",source_bbl_found_in_official_nyc_data|parcel_has_multiple_unresolved_hpd_buildings|primary_address_matches_9_hpd_buildings,122543|807111|864461|921158|921159|921160|921162|921164|921165
stabili-0706827d-6cf1-5566-8a78-8c9b612c1346,bronx-2024-p86-r28,ambiguous,manual_review,"77–79 Westchester Square, Bronx, NY 10461",2040710002,,,"79 Westchester Square, Bronx, NY 10461",source_bbl_found_in_official_nyc_data|parcel_has_multiple_unresolved_hpd_buildings|primary_address_matches_2_hpd_buildings,74478|967689
stabili-446add69-e044-5f43-9bb0-e75f303fc386,bronx-2024-p87-r8,ambiguous,manual_review,"1500–1545 Archer Road, Bronx, NY 10462",2039377501,,,"1409 Metropolitan Oval, Bronx, NY 10462",source_bbl_found_in_official_nyc_data|parcel_has_multiple_unresolved_hpd_buildings|primary_address_matches_6_hpd_buildings,45751|45752|45753|45754|45755|95393|95868|95870|95924|95926|95927|95929|116585|116587|116590|116592|116593|116596|118347|118350
stabili-b7e9e2ab-cf2b-5098-96c2-06d3f566e700,bronx-2024-p88-r33,ambiguous,manual_review,"1419 Doris Street, Bronx, NY 10462",2039640035,,,"1419 Doris Street, Bronx, NY 10462",source_bbl_found_in_official_nyc_data|parcel_has_multiple_unresolved_hpd_buildings|primary_address_matches_2_hpd_buildings,61834|883077
stabili-693f0c09-dd13-5777-85be-91024cd44d06,bronx-2024-p88-r41,ambiguous,manual_review,"1936–1946 East Tremont Avenue, Bronx, NY 10462",2039447501,,,"9 Metropolitan Oval, Bronx, NY 10462",source_bbl_found_in_official_nyc_data|parcel_has_multiple_unresolved_hpd_buildings|primary_address_matches_4_hpd_buildings,73919|73920|73921|73922|73923|73924|73925|73929|73930|73933|73934|73935|73937|73939|73943|73946|73948|95874|95875|95876
stabili-f3518daf-6943-5871-a813-8e3e833411d2,bronx-2024-p88-r45,ambiguous,manual_review,"2090–2190 East Tremont Avenue, Bronx, NY 10462",2039447501,,,"9 Metropolitan Oval, Bronx, NY 10462",source_bbl_found_in_official_nyc_data|parcel_has_multiple_unresolved_hpd_buildings|primary_address_matches_7_hpd_buildings,73919|73920|73921|73922|73923|73924|73925|73929|73930|73933|73934|73935|73937|73939|73943|73946|73948|95874|95875|95876
stabili-7d4b4c93-5941-5b69-884b-32ea79a3c4ee,bronx-2024-p88-r55,ambiguous,manual_review,"1400–1490 East Avenue, Bronx, NY 10462",2039297501,,,"63 Metropolitan Oval, Bronx, NY 10462",source_bbl_found_in_official_nyc_data|parcel_has_multiple_unresolved_hpd_buildings,95394|118343|1018018
stabili-4cb3af45-1e93-5179-a080-d3779d338bf3,bronx-2024-p89-r9,ambiguous,manual_review,"1553 Glebe Avenue, Bronx, NY 10462",2039670034,,,"1553 Glebe Avenue, Bronx, NY 10462",source_bbl_found_in_official_nyc_data|parcel_has_multiple_unresolved_hpd_buildings|primary_address_matches_2_hpd_buildings,972646|984710
stabili-607f84c0-20f6-531c-b716-83842563b232,bronx-2024-p89-r55,ambiguous,manual_review,"1919 Mcgraw Avenue, Bronx, NY 10462",2039377501,,,"1409 Metropolitan Oval, Bronx, NY 10462",source_bbl_found_in_official_nyc_data|parcel_has_multiple_unresolved_hpd_buildings,45751|45752|45753|45754|45755|95393|95868|95870|95924|95926|95927|95929|116585|116587|116590|116592|116593|116596|118347|118350
stabili-61d55d53-0806-54eb-b959-6c9cebce2204,bronx-2024-p89-r56,ambiguous,manual_review,"1920 Mcgraw Avenue, Bronx, NY 10462",2039297501,,,"63 Metropolitan Oval, Bronx, NY 10462",source_bbl_found_in_official_nyc_data|parcel_has_multiple_unresolved_hpd_buildings,95394|118343|1018018
stabili-4334250d-feda-5b57-9d9d-f36321c7ad24,bronx-2024-p90-r2,ambiguous,manual_review,"1925–1949 Mcgraw Avenue, Bronx, NY 10462",2039387501,,,"25 Metropolitan Oval, Bronx, NY 10462",source_bbl_found_in_official_nyc_data|parcel_has_multiple_unresolved_hpd_buildings,62387|62388|62389|62390|62391|62392|95397|95400|95404|95405|95409|95410|95415|95424|95430|95431|95432|95433|95866|95869
stabili-ed68a1b3-126a-57ed-bf94-5bcc92ac6a44,bronx-2024-p90-r3,ambiguous,manual_review,"1935 Mcgraw Avenue, Bronx, NY 10462",2039387501,,,"25 Metropolitan Oval, Bronx, NY 10462",source_bbl_found_in_official_nyc_data|parcel_has_multiple_unresolved_hpd_buildings,62387|62388|62389|62390|62391|62392|95397|95400|95404|95405|95409|95410|95415|95424|95430|95431|95432|95433|95866|95869
stabili-3dae059d-fe95-5455-9c3c-ca5ebebedd49,bronx-2024-p90-r4,ambiguous,manual_review,"1945 Mcgraw Avenue, Bronx, NY 10462",2039387501,,,"25 Metropolitan Oval, Bronx, NY 10462",source_bbl_found_in_official_nyc_data|parcel_has_multiple_unresolved_hpd_buildings,62387|62388|62389|62390|62391|62392|95397|95400|95404|95405|95409|95410|95415|95424|95430|95431|95432|95433|95866|95869
stabili-35f6f260-6e5d-59c1-aa5a-90b6098ea828,bronx-2024-p90-r5,ambiguous,manual_review,"1949 Mcgraw Avenue, Bronx, NY 10462",2039387501,,,"25 Metropolitan Oval, Bronx, NY 10462",source_bbl_found_in_official_nyc_data|parcel_has_multiple_unresolved_hpd_buildings,62387|62388|62389|62390|62391|62392|95397|95400|95404|95405|95409|95410|95415|95424|95430|95431|95432|95433|95866|95869
stabili-d17ececb-4c36-51f9-85de-b46f89fec6c0,bronx-2024-p90-r6,ambiguous,manual_review,"1959–2033 Mcgraw Avenue, Bronx, NY 10462",2039387501,,,"25 Metropolitan Oval, Bronx, NY 10462",source_bbl_found_in_official_nyc_data|parcel_has_multiple_unresolved_hpd_buildings,62387|62388|62389|62390|62391|62392|95397|95400|95404|95405|95409|95410|95415|95424|95430|95431|95432|95433|95866|95869
stabili-07506edb-fabf-59dc-a4e6-17f81424fff5,bronx-2024-p90-r7,ambiguous,manual_review,"2049 Mcgraw Avenue, Bronx, NY 10462",2039387501,,,"25 Metropolitan Oval, Bronx, NY 10462",source_bbl_found_in_official_nyc_data|parcel_has_multiple_unresolved_hpd_buildings,62387|62388|62389|62390|62391|62392|95397|95400|95404|95405|95409|95410|95415|95424|95430|95431|95432|95433|95866|95869
stabili-f47bc2fe-85dd-5163-ab3d-722759568554,bronx-2024-p90-r8,ambiguous,manual_review,"2053 Mcgraw Avenue, Bronx, NY 10462",2039387501,,,"25 Metropolitan Oval, Bronx, NY 10462",source_bbl_found_in_official_nyc_data|parcel_has_multiple_unresolved_hpd_buildings,62387|62388|62389|62390|62391|62392|95397|95400|95404|95405|95409|95410|95415|95424|95430|95431|95432|95433|95866|95869
stabili-42d38141-d9e5-5a36-9873-66e5b63f0350,bronx-2024-p90-r9,ambiguous,manual_review,"2055 Mcgraw Avenue, Bronx, NY 10462",2039387501,,,"25 Metropolitan Oval, Bronx, NY 10462",source_bbl_found_in_official_nyc_data|parcel_has_multiple_unresolved_hpd_buildings,62387|62388|62389|62390|62391|62392|95397|95400|95404|95405|95409|95410|95415|95424|95430|95431|95432|95433|95866|95869
stabili-f53c3068-ad3e-5174-94a4-bf8fe8eb7fe7,bronx-2024-p90-r10,ambiguous,manual_review,"2059 Mcgraw Avenue, Bronx, NY 10462",2039387501,,,"25 Metropolitan Oval, Bronx, NY 10462",source_bbl_found_in_official_nyc_data|parcel_has_multiple_unresolved_hpd_buildings,62387|62388|62389|62390|62391|62392|95397|95400|95404|95405|95409|95410|95415|95424|95430|95431|95432|95433|95866|95869
stabili-446fa005-d131-5cc5-b1a7-9ec79da60670,bronx-2024-p90-r19,ambiguous,manual_review,"22–28 Metropolitan Oval, Bronx, NY 10462",2039437501,,,"14 Metropolitan Oval, Bronx, NY 10462",source_bbl_found_in_official_nyc_data|parcel_has_multiple_unresolved_hpd_buildings|primary_address_matches_4_hpd_buildings,95873|95878|95882|95884|95889|95890|95892|95894|95896|95898|95899|95901|95903|95905|95906|95907|95908|95912|95913|95914
stabili-35b333ce-8360-51c1-b137-cbce832b9874,bronx-2024-p90-r23,ambiguous,manual_review,"34 Metropolitan Oval, Bronx, NY 10462",2039387501,,,"25 Metropolitan Oval, Bronx, NY 10462",source_bbl_found_in_official_nyc_data|parcel_has_multiple_unresolved_hpd_buildings|primary_address_matches_2_hpd_buildings,62387|62388|62389|62390|62391|62392|95397|95400|95404|95405|95409|95410|95415|95424|95430|95431|95432|95433|95866|95869
stabili-19810e6e-8a66-5881-a9f3-e669f144c0bb,bronx-2024-p90-r24,ambiguous,manual_review,"36 Metropolitan Oval, Bronx, NY 10462",2039387501,,,"25 Metropolitan Oval, Bronx, NY 10462",source_bbl_found_in_official_nyc_data|parcel_has_multiple_unresolved_hpd_buildings|primary_address_matches_2_hpd_buildings,62387|62388|62389|62390|62391|62392|95397|95400|95404|95405|95409|95410|95415|95424|95430|95431|95432|95433|95866|95869
stabili-a551af19-ba49-5a4a-bc72-fa17386a5b74,bronx-2024-p90-r25,ambiguous,manual_review,"40 Metropolitan Oval, Bronx, NY 10462",2039387501,,,"25 Metropolitan Oval, Bronx, NY 10462",source_bbl_found_in_official_nyc_data|parcel_has_multiple_unresolved_hpd_buildings|primary_address_matches_2_hpd_buildings,62387|62388|62389|62390|62391|62392|95397|95400|95404|95405|95409|95410|95415|95424|95430|95431|95432|95433|95866|95869
stabili-2074dd59-cf76-5012-ad56-01c04ddefd97,bronx-2024-p90-r26,ambiguous,manual_review,"44 Metropolitan Oval, Bronx, NY 10462",2039387501,,,"25 Metropolitan Oval, Bronx, NY 10462",source_bbl_found_in_official_nyc_data|parcel_has_multiple_unresolved_hpd_buildings|primary_address_matches_2_hpd_buildings,62387|62388|62389|62390|62391|62392|95397|95400|95404|95405|95409|95410|95415|95424|95430|95431|95432|95433|95866|95869
stabili-a44cd086-7fe3-5408-a81f-e8978860fbe5,bronx-2024-p90-r29,ambiguous,manual_review,"89–99 Metropolitan Oval, Bronx, NY 10462",2039377501,,,"1409 Metropolitan Oval, Bronx, NY 10462",source_bbl_found_in_official_nyc_data|parcel_has_multiple_unresolved_hpd_buildings|primary_address_matches_2_hpd_buildings,45751|45752|45753|45754|45755|95393|95868|95870|95924|95926|95927|95929|116585|116587|116590|116592|116593|116596|118347|118350
stabili-d661bfd8-5d9e-5220-a46f-847f53210483,bronx-2024-p90-r37,ambiguous,manual_review,"1500–1522 Metropolitan Avenue, Bronx, NY 10462",2039437501,,,"14 Metropolitan Oval, Bronx, NY 10462",source_bbl_found_in_official_nyc_data|parcel_has_multiple_unresolved_hpd_buildings|primary_address_matches_2_hpd_buildings,95873|95878|95882|95884|95889|95890|95892|95894|95896|95898|95899|95901|95903|95905|95906|95907|95908|95912|95913|95914
stabili-cd787c27-0ee5-5dcc-9681-945483628b44,bronx-2024-p90-r45,ambiguous,manual_review,"1530–1580 Metropolitan Avenue, Bronx, NY 10462",2039437501,,,"14 Metropolitan Oval, Bronx, NY 10462",source_bbl_found_in_official_nyc_data|parcel_has_multiple_unresolved_hpd_buildings|primary_address_matches_3_hpd_buildings,95873|95878|95882|95884|95889|95890|95892|95894|95896|95898|95899|95901|95903|95905|95906|95907|95908|95912|95913|95914
stabili-c77659ee-d8af-55a1-b8bd-4a33e7c55906,bronx-2024-p90-r53,ambiguous,manual_review,"1590–1610 Metropolitan Avenue, Bronx, NY 10462",2039437501,,,"14 Metropolitan Oval, Bronx, NY 10462",source_bbl_found_in_official_nyc_data|parcel_has_multiple_unresolved_hpd_buildings|primary_address_matches_5_hpd_buildings,95873|95878|95882|95884|95889|95890|95892|95894|95896|95898|95899|95901|95903|95905|95906|95907|95908|95912|95913|95914
stabili-7d1e15b2-4daf-5ad9-8cc8-167788df9ad5,bronx-2024-p90-r54,ambiguous,manual_review,"1591–1595 Metropolitan Avenue, Bronx, NY 10462",2039447501,,,"9 Metropolitan Oval, Bronx, NY 10462",source_bbl_found_in_official_nyc_data|parcel_has_multiple_unresolved_hpd_buildings|primary_address_matches_2_hpd_buildings,73919|73920|73921|73922|73923|73924|73925|73929|73930|73933|73934|73935|73937|73939|73943|73946|73948|95874|95875|95876
stabili-db406262-5fd4-5175-b4d6-e2f325b3a401,bronx-2024-p91-r1,ambiguous,manual_review,"1640–1670 Metropolitan Avenue, Bronx, NY 10462",2039437501,,,"14 Metropolitan Oval, Bronx, NY 10462",source_bbl_found_in_official_nyc_data|parcel_has_multiple_unresolved_hpd_buildings|primary_address_matches_3_hpd_buildings,95873|95878|95882|95884|95889|95890|95892|95894|95896|95898|95899|95901|95903|95905|95906|95907|95908|95912|95913|95914
stabili-fb3c415b-768f-5a83-8766-a96c3e2357f7,bronx-2024-p91-r5,ambiguous,manual_review,"1680–1700 Metropolitan Avenue, Bronx, NY 10462",2039437501,,,"14 Metropolitan Oval, Bronx, NY 10462",source_bbl_found_in_official_nyc_data|parcel_has_multiple_unresolved_hpd_buildings|primary_address_matches_4_hpd_buildings,95873|95878|95882|95884|95889|95890|95892|95894|95896|95898|95899|95901|95903|95905|95906|95907|95908|95912|95913|95914
stabili-c5817565-5cc6-553d-9447-d08e61b8d49c,bronx-2024-p91-r27,ambiguous,manual_review,"2216 Newbold Avenue, Bronx, NY 10462",2038220016,,,"2216 Newbold Avenue, Bronx, NY 10462",source_bbl_found_in_official_nyc_data|parcel_has_multiple_unresolved_hpd_buildings|primary_address_matches_2_hpd_buildings,99578|889453
stabili-b1dd0cec-b3f4-5d87-83e6-7809581a47d0,bronx-2024-p91-r30,ambiguous,manual_review,"1555–1595 Odell Street, Bronx, NY 10462",2039437501,,,"14 Metropolitan Oval, Bronx, NY 10462",source_bbl_found_in_official_nyc_data|parcel_has_multiple_unresolved_hpd_buildings|primary_address_matches_5_hpd_buildings,95873|95878|95882|95884|95889|95890|95892|95894|95896|95898|95899|95901|95903|95905|95906|95907|95908|95912|95913|95914
stabili-278ac525-691b-56d8-8613-6437fe82cc34,bronx-2024-p91-r37,ambiguous,manual_review,"1410–1430 Parkchester Road, Bronx, NY 10462",2039387501,,,"25 Metropolitan Oval, Bronx, NY 10462",source_bbl_found_in_official_nyc_data|parcel_has_multiple_unresolved_hpd_buildings|primary_address_matches_3_hpd_buildings,62387|62388|62389|62390|62391|62392|95397|95400|95404|95405|95409|95410|95415|95424|95430|95431|95432|95433|95866|95869
stabili-b71b22ad-2ca9-5920-9731-d90b907e3f34,bronx-2024-p92-r10,ambiguous,manual_review,"1353 Purdy Street, Bronx, NY 10462",2039340055,,,"1353 Purdy Street, Bronx, NY 10462",source_bbl_found_in_official_nyc_data|parcel_has_multiple_unresolved_hpd_buildings|primary_address_matches_2_hpd_buildings,104791|1006174
stabili-de59c876-17b7-5b96-af46-d2e9d5a32670,bronx-2024-p92-r14,ambiguous,manual_review,"1705–1735 Purdy Street, Bronx, NY 10462",2039447501,,,"9 Metropolitan Oval, Bronx, NY 10462",source_bbl_found_in_official_nyc_data|parcel_has_multiple_unresolved_hpd_buildings|primary_address_matches_3_hpd_buildings,73919|73920|73921|73922|73923|73924|73925|73929|73930|73933|73934|73935|73937|73939|73943|73946|73948|95874|95875|95876
stabili-a8b14cc5-17c4-5089-8282-1b3d07407474,bronx-2024-p92-r15,ambiguous,manual_review,"1718–1722 Purdy Street, Bronx, NY 10462",2039627501,,,"1722 Purdy Street, Bronx, NY 10462",source_bbl_found_in_official_nyc_data|parcel_has_multiple_unresolved_hpd_buildings|primary_address_matches_2_hpd_buildings,104824|104825|1005725
stabili-690b23b3-cf15-5492-ba68-47510af2bf28,bronx-2024-p92-r30,ambiguous,manual_review,"834 Rhinelander Avenue, Bronx, NY 10462",2040550052,,,"834 Rhinelander Avenue, Bronx, NY 10462",source_bbl_found_in_official_nyc_data|parcel_has_multiple_unresolved_hpd_buildings|primary_address_matches_2_hpd_buildings,106571|882998
stabili-377499f8-17b2-520c-9f25-e07672caab27,bronx-2024-p92-r33,ambiguous,manual_review,"2051–2059 Saint Raymonds Avenue, Bronx, NY 10462",2039437501,,,"14 Metropolitan Oval, Bronx, NY 10462",source_bbl_found_in_official_nyc_data|parcel_has_multiple_unresolved_hpd_buildings,95873|95878|95882|95884|95889|95890|95892|95894|95896|95898|95899|95901|95903|95905|95906|95907|95908|95912|95913|95914
stabili-1ab4db17-5adb-5528-ae4c-6ff8bc452e33,bronx-2024-p92-r34,ambiguous,manual_review,"2061–2065 Saint Raymonds Avenue, Bronx, NY 10462",2039437501,,,"14 Metropolitan Oval, Bronx, NY 10462",source_bbl_found_in_official_nyc_data|parcel_has_multiple_unresolved_hpd_buildings,95873|95878|95882|95884|95889|95890|95892|95894|95896|95898|95899|95901|95903|95905|95906|95907|95908|95912|95913|95914
stabili-a83beeb3-d9f0-5759-bc1b-84939c72b080,bronx-2024-p92-r35,ambiguous,manual_review,"2075–2125 Saint Raymonds Avenue, Bronx, NY 10462",2039437501,,,"14 Metropolitan Oval, Bronx, NY 10462",source_bbl_found_in_official_nyc_data|parcel_has_multiple_unresolved_hpd_buildings,95873|95878|95882|95884|95889|95890|95892|95894|95896|95898|95899|95901|95903|95905|95906|95907|95908|95912|95913|95914
stabili-e9ec1ad6-2ae0-55a0-99b5-2e0a756acc83,bronx-2024-p92-r36,ambiguous,manual_review,"2121–2125 Saint Raymonds Avenue, Bronx, NY 10462",2039437501,,,"14 Metropolitan Oval, Bronx, NY 10462",source_bbl_found_in_official_nyc_data|parcel_has_multiple_unresolved_hpd_buildings,95873|95878|95882|95884|95889|95890|95892|95894|95896|95898|95899|95901|95903|95905|95906|95907|95908|95912|95913|95914
stabili-c6f67f5b-89b9-517c-806f-e9b1def55dad,bronx-2024-p92-r41,ambiguous,manual_review,"1510–1514 Unionport Road, Bronx, NY 10462",2039437501,,,"14 Metropolitan Oval, Bronx, NY 10462",source_bbl_found_in_official_nyc_data|parcel_has_multiple_unresolved_hpd_buildings|primary_address_matches_2_hpd_buildings,95873|95878|95882|95884|95889|95890|95892|95894|95896|95898|95899|95901|95903|95905|95906|95907|95908|95912|95913|95914
stabili-be436712-1688-581f-a1f1-bac63dd5e4a6,bronx-2024-p92-r43,ambiguous,manual_review,"1521–1545 Unionport Road, Bronx, NY 10462",2039387501,,,"25 Metropolitan Oval, Bronx, NY 10462",source_bbl_found_in_official_nyc_data|parcel_has_multiple_unresolved_hpd_buildings|primary_address_matches_4_hpd_buildings,62387|62388|62389|62390|62391|62392|95397|95400|95404|95405|95409|95410|95415|95424|95430|95431|95432|95433|95866|95869
stabili-b5e00a3e-c4ba-5221-b721-bb93bb54974f,bronx-2024-p92-r52,ambiguous,manual_review,"1561–1585 Unionport Road, Bronx, NY 10462",2039377501,,,"1409 Metropolitan Oval, Bronx, NY 10462",source_bbl_found_in_official_nyc_data|parcel_has_multiple_unresolved_hpd_buildings|primary_address_matches_4_hpd_buildings,45751|45752|45753|45754|45755|95393|95868|95870|95924|95926|95927|95929|116585|116587|116590|116592|116593|116596|118347|118350
stabili-45102d49-b3e6-52fd-9683-e8ac62af1242,bronx-2024-p93-r3,ambiguous,manual_review,"1589–1595 Unionport Road, Bronx, NY 10462",2039377501,,,"1409 Metropolitan Oval, Bronx, NY 10462",source_bbl_found_in_official_nyc_data|parcel_has_multiple_unresolved_hpd_buildings|primary_address_matches_2_hpd_buildings,45751|45752|45753|45754|45755|95393|95868|95870|95924|95926|95927|95929|116585|116587|116590|116592|116593|116596|118347|118350
stabili-05a94349-e774-5a82-8f00-471550f588f7,bronx-2024-p93-r5,ambiguous,manual_review,"1594–1598 Unionport Road, Bronx, NY 10462",2039447501,,,"9 Metropolitan Oval, Bronx, NY 10462",source_bbl_found_in_official_nyc_data|parcel_has_multiple_unresolved_hpd_buildings|primary_address_matches_3_hpd_buildings,73919|73920|73921|73922|73923|73924|73925|73929|73930|73933|73934|73935|73937|73939|73943|73946|73948|95874|95875|95876
stabili-25c2ebab-989d-5d61-8980-2ac7b6644625,bronx-2024-p93-r17,ambiguous,manual_review,"1370–1380 Virginia Avenue, Bronx, NY 10462",2039377501,,,"1409 Metropolitan Oval, Bronx, NY 10462",source_bbl_found_in_official_nyc_data|parcel_has_multiple_unresolved_hpd_buildings|primary_address_matches_2_hpd_buildings,45751|45752|45753|45754|45755|95393|95868|95870|95924|95926|95927|95929|116585|116587|116590|116592|116593|116596|118347|118350
stabili-a424ba1f-e7fc-574b-a6d1-d0b7eb876062,bronx-2024-p93-r26,ambiguous,manual_review,"2100–2120 Wallace Avenue, Bronx, NY 10462",2042920014,,,"2100 Wallace Avenue, Bronx, NY 10462",source_bbl_found_in_official_nyc_data|parcel_has_multiple_unresolved_hpd_buildings|primary_address_matches_2_hpd_buildings,118819|988651
stabili-6fc37643-c597-5367-b36c-bdced434e515,bronx-2024-p93-r35,ambiguous,manual_review,"1469–1499 West Avenue, Bronx, NY 10462",2039377501,,,"1409 Metropolitan Oval, Bronx, NY 10462",source_bbl_found_in_official_nyc_data|parcel_has_multiple_unresolved_hpd_buildings|primary_address_matches_3_hpd_buildings,45751|45752|45753|45754|45755|95393|95868|95870|95924|95926|95927|95929|116585|116587|116590|116592|116593|116596|118347|118350
stabili-7d9dd590-9583-5e5a-b3db-a7f08f2addd5,bronx-2024-p94-r17,ambiguous,manual_review,"1410–1440 Wood Road, Bronx, NY 10462",2039377501,,,"1409 Metropolitan Oval, Bronx, NY 10462",source_bbl_found_in_official_nyc_data|parcel_has_multiple_unresolved_hpd_buildings|primary_address_matches_4_hpd_buildings,45751|45752|45753|45754|45755|95393|95868|95870|95924|95926|95927|95929|116585|116587|116590|116592|116593|116596|118347|118350
stabili-c82e6b5a-bb63-596f-8ff0-154d0bb9ea22,bronx-2024-p94-r33,ambiguous,manual_review,"3160 Albany Crescent, Bronx, NY 10463",2032670034,,,"3160 Albany Crescent, Bronx, NY 10463",source_bbl_found_in_official_nyc_data|parcel_has_multiple_unresolved_hpd_buildings|primary_address_matches_2_hpd_buildings,44836|967717
stabili-797479a4-891d-54d6-be76-236e24ec8dd0,bronx-2024-p95-r30,ambiguous,manual_review,"3479 Fort Independence Street, Bronx, NY 10463",2032620106,,,"3479 Ft Independence St, Bronx, NY 10463",source_bbl_found_in_official_nyc_data|parcel_has_multiple_unresolved_hpd_buildings,79484|907425
stabili-67520419-ee45-5dce-8b3c-c017553ac86b,bronx-2024-p95-r32,ambiguous,manual_review,"3507 Fort Independence Street, Bronx, NY 10463",2032620088,,,"3507 Ft Independence St, Bronx, NY 10463",source_bbl_found_in_official_nyc_data|parcel_has_multiple_unresolved_hpd_buildings,973621|973625
stabili-53eff45c-c217-5b99-9d66-4fb697fd5ed9,bronx-2024-p95-r34,ambiguous,manual_review,"3333 Giles Place, Bronx, NY 10463",2032580005,,,"3333 Giles Place, Bronx, NY 10463",source_bbl_found_in_official_nyc_data|parcel_has_multiple_unresolved_hpd_buildings|primary_address_matches_2_hpd_buildings,80293|1009803
stabili-257a8bc5-f392-5d02-a02b-29a9d6b0f9a9,bronx-2024-p97-r36,ambiguous,manual_review,"3436–3440 Kingsbridge Avenue, Bronx, NY 10463",2057600123,,,"3436 Kingsbridge Avenue, Bronx, NY 10463",source_bbl_found_in_official_nyc_data|parcel_has_multiple_unresolved_hpd_buildings|primary_address_matches_3_hpd_buildings,89750|926485|1009692
stabili-e3ec97f7-5a15-5229-9a54-4cd5347e6ca2,bronx-2024-p97-r41,ambiguous,manual_review,"234–238 Naples Terrace, Bronx, NY 10463",2057060007,,,"231 West 231 Street, Bronx, NY 10463",source_bbl_found_in_official_nyc_data|parcel_has_multiple_unresolved_hpd_buildings,121387|989276
stabili-7f0492ea-2c2f-558e-8925-bb973800f8c6,bronx-2024-p98-r1,ambiguous,manual_review,"3620 Oxford Avenue, Bronx, NY 10463",2057960117,,,"3620 Oxford Avenue, Bronx, NY 10463",source_bbl_found_in_official_nyc_data|parcel_has_multiple_unresolved_hpd_buildings|primary_address_matches_2_hpd_buildings,100957|953065
stabili-cee25bff-6576-5ba0-8e3f-c89b5d48c764,bronx-2024-p98-r4,ambiguous,manual_review,"2395 Palisade Avenue, Bronx, NY 10463",2057160264,,,"2395 Palisade Avenue, Bronx, NY 10463",source_bbl_found_in_official_nyc_data|parcel_has_multiple_unresolved_hpd_buildings|primary_address_matches_2_hpd_buildings,100989|1004857
stabili-673b35ba-ba3a-54a5-ac3f-6fa5850bc327,bronx-2024-p98-r28,ambiguous,manual_review,"146 Van Cortlandt Park South, Bronx, NY 10463",2032710036,,,"146 Van Cortlandt Park S, Bronx, NY 10463",source_bbl_found_in_official_nyc_data|parcel_has_multiple_unresolved_hpd_buildings|primary_address_matches_2_hpd_buildings,967546|971201
stabili-852b3c05-307c-58c5-814e-8cd83ad1d5e9,bronx-2024-p98-r29,ambiguous,manual_review,"148 Van Cortlandt Park South, Bronx, NY 10463",2032710034,,,"148 Van Cortlandt Park S, Bronx, NY 10463",source_bbl_found_in_official_nyc_data|parcel_has_multiple_unresolved_hpd_buildings|primary_address_matches_2_hpd_buildings,967547|971194
stabili-d2467870-6a17-5cec-8d9c-5e09174458bb,bronx-2024-p98-r32,ambiguous,manual_review,"231–235 West 230th Street, Bronx, NY 10463",2057030160,,,"231 West 230 Street, Bronx, NY 10463",source_bbl_found_in_official_nyc_data|parcel_has_multiple_unresolved_hpd_buildings|primary_address_matches_2_hpd_buildings,121353|807098
stabili-efb395c1-d10c-5165-b8a1-3a2454c3e448,bronx-2024-p98-r53,ambiguous,manual_review,"68 West 238th Street, Bronx, NY 10463",2032580190,,,"3605 Sedgwick Avenue, Bronx, NY 10463",source_bbl_found_in_official_nyc_data|parcel_has_multiple_unresolved_hpd_buildings,108597|1011381
stabili-5a76ce84-6ee2-5e15-8a41-c5fe957cba7d,bronx-2024-p99-r11,ambiguous,manual_review,"620–640 West 239th Street, Bronx, NY 10463",2059070362,,,"620 West 239 Street, Bronx, NY 10463",source_bbl_found_in_official_nyc_data|parcel_has_multiple_unresolved_hpd_buildings|primary_address_matches_2_hpd_buildings,121570|892669
stabili-0e744fd7-38fe-5be5-b9b5-5253b8a8e36a,bronx-2024-p99-r16,ambiguous,manual_review,"157 West Kingsbridge Road, Bronx, NY 10463",2032530008,,,"157 West Kingsbridge Road, Bronx, NY 10463",source_bbl_found_in_official_nyc_data|parcel_has_multiple_unresolved_hpd_buildings|primary_address_matches_2_hpd_buildings,122081|1007815
stabili-389b4691-fa18-5921-93e9-68d9ebf8c3df,bronx-2024-p99-r19,ambiguous,manual_review,"166 West Kingsbridge Road, Bronx, NY 10463",2032400059,,,"166 West Kingsbridge Rd, Bronx, NY 10463",source_bbl_found_in_official_nyc_data|parcel_has_multiple_unresolved_hpd_buildings|primary_address_matches_2_hpd_buildings,122085|968094
stabili-6706950e-9226-544c-9015-09d6ff608c62,bronx-2024-p99-r40,ambiguous,manual_review,"5B Edgewater Park, Bronx, NY 10465",2055170061,,,"2B Edgewater Park, Bronx, NY 10465",source_bbl_found_in_official_nyc_data|parcel_has_multiple_unresolved_hpd_buildings,980638|980714
stabili-80aedb67-dbee-5c78-9977-2834a931b926,bronx-2024-p101-r8,ambiguous,manual_review,"626 East 223rd Street, Bronx, NY 10466",2048240052,,,"626 East 223 Street, Bronx, NY 10466",source_bbl_found_in_official_nyc_data|parcel_has_multiple_unresolved_hpd_buildings|primary_address_matches_2_hpd_buildings,69868|971954
stabili-5e01bf08-8b01-5f7c-b59d-39831e27e9f3,bronx-2024-p101-r42,ambiguous,manual_review,"1151 East 224th Street, Bronx, NY 10466",2049030020,,,"1151 East 224 Street, Bronx, NY 10466",source_bbl_found_in_official_nyc_data|parcel_has_multiple_unresolved_hpd_buildings|primary_address_matches_2_hpd_buildings,70122|883914
stabili-3ad2ac02-d232-5f34-9e8c-3b2e580fe9a2,bronx-2024-p102-r20,ambiguous,manual_review,"746 East 227th Street, Bronx, NY 10466",2048400069,,,"746 East 227 Street, Bronx, NY 10466",source_bbl_found_in_official_nyc_data|parcel_has_multiple_unresolved_hpd_buildings|primary_address_matches_2_hpd_buildings,950464|950727
stabili-7be208be-e173-538d-a3ec-47fbbdd38368,bronx-2024-p102-r35,ambiguous,manual_review,"873 East 228th Street, Bronx, NY 10466",2048530011,,,"873 East 228 Street, Bronx, NY 10466",source_bbl_found_in_official_nyc_data|parcel_has_multiple_unresolved_hpd_buildings|primary_address_matches_2_hpd_buildings,71075|1011843
stabili-28396bcf-e197-5c3b-a5b7-1a144432dbe3,bronx-2024-p102-r37,ambiguous,manual_review,"635 East 229th Street, Bronx, NY 10466",2048320060,,,"635 East 229 Street, Bronx, NY 10466",source_bbl_found_in_official_nyc_data|parcel_has_multiple_unresolved_hpd_buildings|primary_address_matches_2_hpd_buildings,71173|882747
stabili-966b33ff-5cad-5734-8425-a00f6f6fdf38,bronx-2024-p105-r14,ambiguous,manual_review,"2721–2777 Barker Avenue, Bronx, NY 10467",2045060001,,,"2700 Bronx Park East, Bronx, NY 10467",source_bbl_found_in_official_nyc_data|parcel_has_multiple_unresolved_hpd_buildings|primary_address_matches_2_hpd_buildings,52028|806264|806265|806319
stabili-6445a6cc-168b-5a1f-8616-70697dc54ce2,bronx-2024-p105-r17,ambiguous,manual_review,"3013 Barker Avenue, Bronx, NY 10467",2045430043,,,"3013 Barker Avenue, Bronx, NY 10467",source_bbl_found_in_official_nyc_data|parcel_has_multiple_unresolved_hpd_buildings|primary_address_matches_2_hpd_buildings,47179|994509
stabili-8a006a25-3cc4-5b22-b6f3-da0215ab7638,bronx-2024-p105-r28,ambiguous,manual_review,"2953 Barnes Avenue, Bronx, NY 10467",2045490035,,,"2953 Barnes Avenue, Bronx, NY 10467",source_bbl_found_in_official_nyc_data|parcel_has_multiple_unresolved_hpd_buildings|primary_address_matches_2_hpd_buildings,47591|994824
stabili-e4ff3866-9e39-5ed8-b518-ed97c51f6caf,bronx-2024-p105-r29,ambiguous,manual_review,"3015 Barnes Avenue, Bronx, NY 10467",2045710044,,,"3015 Barnes Avenue, Bronx, NY 10467",source_bbl_found_in_official_nyc_data|parcel_has_multiple_unresolved_hpd_buildings|primary_address_matches_2_hpd_buildings,47600|983616
stabili-66dc5085-14f3-50e5-afaf-1c650198f3c7,bronx-2024-p105-r45,ambiguous,manual_review,"789 Bartholdi Street, Bronx, NY 10467",2046320006,,,"789 Bartholdi Street, Bronx, NY 10467",source_bbl_found_in_official_nyc_data|parcel_has_multiple_unresolved_hpd_buildings|primary_address_matches_2_hpd_buildings,48071|955453
stabili-4fc6c333-dbc5-59f7-bb3e-f5702f43bf03,bronx-2024-p105-r50,ambiguous,manual_review,"2278 Bronx Park East, Bronx, NY 10467",2043400008,,,"2278 Bronx Park East, Bronx, NY 10467",source_bbl_found_in_official_nyc_data|parcel_has_multiple_unresolved_hpd_buildings|primary_address_matches_2_hpd_buildings,52000|984966
stabili-4ec85fe8-d9ec-571b-929f-f24391854cb9,bronx-2024-p105-r55,ambiguous,manual_review,"2434 Bronx Park East, Bronx, NY 10467",2044240020,,,"Bronx Park East, Bronx, NY 10467",source_bbl_found_in_official_nyc_data|parcel_has_multiple_unresolved_hpd_buildings|primary_address_matches_2_hpd_buildings,52015|1002904
stabili-c68aee8e-965e-5ad2-a6e7-0032fa391a98,bronx-2024-p106-r7,ambiguous,manual_review,"2836–2854 Bronx Park East, Bronx, NY 10467",2045060040,,,"2800 Bronx Park East, Bronx, NY 10467",source_bbl_found_in_official_nyc_data|parcel_has_multiple_unresolved_hpd_buildings|primary_address_matches_2_hpd_buildings,46066|806178|806320|928985|928988|928989|947461|965862|999117|1011328
stabili-99599840-d243-5cd4-afd4-9612ec3058d6,bronx-2024-p106-r29,ambiguous,manual_review,"3554 Carlisle Place, Bronx, NY 10467",2046600044,,,"3554 Carlisle Place, Bronx, NY 10467",source_bbl_found_in_official_nyc_data|parcel_has_multiple_unresolved_hpd_buildings|primary_address_matches_2_hpd_buildings,55095|998639
stabili-0ab90d8f-ac90-54ad-938f-74c474cd3263,bronx-2024-p106-r31,ambiguous,manual_review,"3823 Carpenter Avenue, Bronx, NY 10467",2046530090,,,"3823 Carpenter Avenue, Bronx, NY 10467",source_bbl_found_in_official_nyc_data|parcel_has_multiple_unresolved_hpd_buildings|primary_address_matches_2_hpd_buildings,55107|1007911
stabili-97a08cfa-2e0f-5b46-b7bd-fbc3dba0624d,bronx-2024-p106-r33,ambiguous,manual_review,"3827 Carpenter Avenue, Bronx, NY 10467",2046530087,,,"3827 Carpenter Avenue, Bronx, NY 10467",source_bbl_found_in_official_nyc_data|parcel_has_multiple_unresolved_hpd_buildings|primary_address_matches_2_hpd_buildings,55109|1007081
stabili-48d5a0ac-836c-5051-9902-2a2192da1814,bronx-2024-p106-r45,ambiguous,manual_review,"2543–2545 Cruger Avenue, Bronx, NY 10467",2044330045,,,"2543 Cruger Avenue, Bronx, NY 10467",source_bbl_found_in_official_nyc_data|parcel_has_multiple_unresolved_hpd_buildings|primary_address_matches_2_hpd_buildings,60148|989622
stabili-1f95cbd1-e64f-5087-862a-c08272f94a15,bronx-2024-p106-r47,ambiguous,manual_review,"2749 Cruger Avenue, Bronx, NY 10467",2045090044,,,"2749 Cruger Avenue, Bronx, NY 10467",source_bbl_found_in_official_nyc_data|parcel_has_multiple_unresolved_hpd_buildings|primary_address_matches_2_hpd_buildings,60200|990114
stabili-76aa9a98-d2e3-5296-8fae-3473223e8d5c,bronx-2024-p106-r49,ambiguous,manual_review,"2911 Cruger Avenue, Bronx, NY 10467",2045460077,,,"2911 Cruger Avenue, Bronx, NY 10467",source_bbl_found_in_official_nyc_data|parcel_has_multiple_unresolved_hpd_buildings|primary_address_matches_2_hpd_buildings,60217|957681
stabili-a69ef752-03c2-5632-b198-432dac9a9d4a,bronx-2024-p106-r53,ambiguous,manual_review,"3033 Cruger Avenue, Bronx, NY 10467",2045680039,,,"3033 Cruger Avenue, Bronx, NY 10467",source_bbl_found_in_official_nyc_data|parcel_has_multiple_unresolved_hpd_buildings|primary_address_matches_2_hpd_buildings,60259|1003295
stabili-dc3811fa-a0c4-5618-a95e-2d9f2b9fa384,bronx-2024-p109-r33,ambiguous,manual_review,"759 East 214th Street, Bronx, NY 10467",2046620078,,,"759 East 214 Street, Bronx, NY 10467",source_bbl_found_in_official_nyc_data|parcel_has_multiple_unresolved_hpd_buildings|primary_address_matches_2_hpd_buildings,921407|934316
stabili-b7d5a868-4a71-5913-a9c5-691ba12ef5f5,bronx-2024-p109-r37,ambiguous,manual_review,"765 East 214th Street, Bronx, NY 10467",2046620075,,,"765 East 214 Street, Bronx, NY 10467",source_bbl_found_in_official_nyc_data|parcel_has_multiple_unresolved_hpd_buildings|primary_address_matches_2_hpd_buildings,68023|1001798
stabili-2dea9b45-0707-5e63-9838-2d517be806cb,bronx-2024-p110-r3,ambiguous,manual_review,"815 East 219th Street, Bronx, NY 10467",2046780032,,,"815 East 219 Street, Bronx, NY 10467",source_bbl_found_in_official_nyc_data|parcel_has_multiple_unresolved_hpd_buildings|primary_address_matches_2_hpd_buildings,950559|987965
stabili-0b4c530d-092c-5522-9903-59b68a8b7f79,bronx-2024-p110-r9,ambiguous,manual_review,"710 East 220th Street, Bronx, NY 10467",2046670059,,,"710 East 220 Street, Bronx, NY 10467",source_bbl_found_in_official_nyc_data|parcel_has_multiple_unresolved_hpd_buildings|primary_address_matches_2_hpd_buildings,69024|934006
stabili-2ced4302-eb9c-5ed3-917b-cf6d8f1e10f0,bronx-2024-p110-r12,ambiguous,manual_review,"717 East 220th Street, Bronx, NY 10467",2046680042,,,"717 East 220 Street, Bronx, NY 10467",source_bbl_found_in_official_nyc_data|parcel_has_multiple_unresolved_hpd_buildings|primary_address_matches_2_hpd_buildings,69027|899677
stabili-959527c5-d4e8-5615-b0e9-888874bf93df,bronx-2024-p110-r29,ambiguous,manual_review,"629 East 222nd Street, Bronx, NY 10467",2048240041,,,"629 East 222 Street, Bronx, NY 10467",source_bbl_found_in_official_nyc_data|parcel_has_multiple_unresolved_hpd_buildings|primary_address_matches_2_hpd_buildings,69531|996889
stabili-7f128fdc-01fb-5f98-934b-3710d65973bc,bronx-2024-p112-r38,ambiguous,manual_review,"3502–3506 Hull Avenue, Bronx, NY 10467",2033560120,,,"3502 Hull Avenue, Bronx, NY 10467",source_bbl_found_in_official_nyc_data|parcel_has_multiple_unresolved_hpd_buildings,73737|997622
stabili-b13867e8-f5c0-5a81-be7c-29e2c76a8beb,bronx-2024-p113-r10,ambiguous,manual_review,"679–681 Magenta Street, Bronx, NY 10467",2046280001,,,"679 Magenta Street, Bronx, NY 10467",source_bbl_found_in_official_nyc_data|parcel_has_multiple_unresolved_hpd_buildings|primary_address_matches_2_hpd_buildings,93750|949009
stabili-62d0e76f-2bbb-5574-ba40-52f39de5da55,bronx-2024-p113-r34,ambiguous,manual_review,"2520–2522 Olinville Avenue, Bronx, NY 10467",2044290014,,,"2520 Olinville Avenue, Bronx, NY 10467",source_bbl_found_in_official_nyc_data|parcel_has_multiple_unresolved_hpd_buildings|primary_address_matches_2_hpd_buildings,100306|806855
stabili-8a38a0bb-1e2a-5c79-a8f0-dfa5b580ff14,bronx-2024-p116-r36,ambiguous,manual_review,"3603 Willett Avenue, Bronx, NY 10467",2046460001,,,"3609 Willett Ave, Bronx, NY 10467",source_bbl_found_in_official_nyc_data|parcel_has_multiple_unresolved_hpd_buildings,124669|951230
stabili-af9b3f5d-789e-5995-ba27-6510f6d62a40,bronx-2024-p116-r37,ambiguous,manual_review,"3605 Willett Avenue, Bronx, NY 10467",2046460001,,,"3609 Willett Ave, Bronx, NY 10467",source_bbl_found_in_official_nyc_data|parcel_has_multiple_unresolved_hpd_buildings,124669|951230
stabili-fbd8118e-f03a-519b-a25f-88459fcced25,bronx-2024-p116-r50,ambiguous,manual_review,"2295 Andrews Avenue, Bronx, NY 10468",2032250022,,,"2295 Andrews Avenue North, Bronx, NY 10468",source_bbl_found_in_official_nyc_data|parcel_has_multiple_unresolved_hpd_buildings,45486|1006270
stabili-688cd6b4-f496-5553-b77f-ad9d770c717d,bronx-2024-p116-r55,ambiguous,manual_review,"2316 Andrews Avenue, Bronx, NY 10468",2032180024,,,"2316 Andrews Avenue North, Bronx, NY 10468",source_bbl_found_in_official_nyc_data|parcel_has_multiple_unresolved_hpd_buildings,45499|806247
stabili-3ea30c36-9448-5343-85c7-76ffc3552faa,bronx-2024-p117-r8,ambiguous,manual_review,"2523–2525 Aqueduct Avenue, Bronx, NY 10468",2032140074,,,"2525 Aqueduct Avenue West, Bronx, NY 10468",source_bbl_found_in_official_nyc_data|parcel_has_multiple_unresolved_hpd_buildings,45744|1018686
stabili-a1dc790d-daa6-5198-931e-f63464d959ed,bronx-2024-p117-r10,ambiguous,manual_review,"2541 Aqueduct Avenue, Bronx, NY 10468",2032140082,,,"2541 Aqueduct Avenue West, Bronx, NY 10468",source_bbl_found_in_official_nyc_data|parcel_has_multiple_unresolved_hpd_buildings,45746|1009912
stabili-7eea70b5-3d1c-5b76-a933-6b0d338958f5,bronx-2024-p117-r13,ambiguous,manual_review,"2609 Aqueduct Avenue, Bronx, NY 10468",2032150008,,,"2610 University Avenue, Bronx, NY 10468",source_bbl_found_in_official_nyc_data|parcel_has_multiple_unresolved_hpd_buildings,116685|806249
stabili-6d70680e-1b70-55d1-98ff-6d12ea60f3a9,bronx-2024-p117-r21,ambiguous,manual_review,"2720 Claflin Avenue, Bronx, NY 10468",2032480082,,,"2720 Claflin Avenue, Bronx, NY 10468",source_bbl_found_in_official_nyc_data|parcel_has_multiple_unresolved_hpd_buildings|primary_address_matches_2_hpd_buildings,56536|999946
stabili-cb541e03-a52c-5ba4-98d8-5c5318392508,bronx-2024-p118-r7,ambiguous,manual_review,"2680 Creston Avenue, Bronx, NY 10468",2033140011,,,"2680 Creston Avenue, Bronx, NY 10468",source_bbl_found_in_official_nyc_data|parcel_has_multiple_unresolved_hpd_buildings|primary_address_matches_2_hpd_buildings,59250|1010534
stabili-edb7dfcd-fe57-5021-bbb0-6ad1f1ef5640,bronx-2024-p118-r10,ambiguous,manual_review,"2692 Creston Avenue, Bronx, NY 10468",2033140023,,,"2692 Creston Avenue, Bronx, NY 10468",source_bbl_found_in_official_nyc_data|parcel_has_multiple_unresolved_hpd_buildings|primary_address_matches_2_hpd_buildings,59256|958554
stabili-6ff303d2-5331-5107-bef8-d43aa02bb682,bronx-2024-p118-r19,ambiguous,manual_review,"2758 Creston Avenue, Bronx, NY 10468",2033150031,,,"2758 Creston Avenue, Bronx, NY 10468",source_bbl_found_in_official_nyc_data|parcel_has_multiple_unresolved_hpd_buildings|primary_address_matches_2_hpd_buildings,59299|1012287
stabili-c3aac028-63ab-570b-9d26-7076d23a5fc5,bronx-2024-p118-r24,ambiguous,manual_review,"2861 Creston Avenue, Bronx, NY 10468",2033190060,,,"2861 Creston Avenue, Bronx, NY 10468",source_bbl_found_in_official_nyc_data|parcel_has_multiple_unresolved_hpd_buildings|primary_address_matches_2_hpd_buildings,59324|976442
stabili-f3ac8327-73e8-5876-9f2a-04e322a1355c,bronx-2024-p119-r1,ambiguous,manual_review,"2305 Dr Martin L King Jr Boulevard, Bronx, NY 10468",2032180058,,,"2305 University Avenue, Bronx, NY 10468",source_bbl_found_in_official_nyc_data|parcel_has_multiple_unresolved_hpd_buildings,116935|997623|1001803|1002157|1009390|1010897|1017421
stabili-dab586d0-4d78-5204-a01d-1ccd7c9250b0,bronx-2024-p119-r8,ambiguous,manual_review,"20 East 190th Street, Bronx, NY 10468",2031890020,,,"2489 Morris Avenue, Bronx, NY 10468",source_bbl_found_in_official_nyc_data|parcel_has_multiple_unresolved_hpd_buildings,97589|1013087
stabili-63ea2840-79f0-599a-b323-e73d3edaffb7,bronx-2024-p119-r31,ambiguous,manual_review,"27 East 198th Street, Bronx, NY 10468",2033190021,,,"27 East 198 Street, Bronx, NY 10468",source_bbl_found_in_official_nyc_data|parcel_has_multiple_unresolved_hpd_buildings|primary_address_matches_2_hpd_buildings,67151|1000010
stabili-9337e479-0b42-58ac-8339-2ae2649d3f95,bronx-2024-p120-r14,ambiguous,manual_review,"2409–2411 Grand Avenue, Bronx, NY 10468",2032120078,,,"2409 Grand Avenue, Bronx, NY 10468",source_bbl_found_in_official_nyc_data|parcel_has_multiple_unresolved_hpd_buildings|primary_address_matches_2_hpd_buildings,81573|806703|995421
stabili-3d84722a-3566-5113-a759-97969b97199e,bronx-2024-p120-r45,ambiguous,manual_review,"2621 Grand Avenue, Bronx, NY 10468",2032150044,,,"2615 Grad Avenue, Bronx, NY 10468",source_bbl_found_in_official_nyc_data|parcel_has_multiple_unresolved_hpd_buildings|primary_address_matches_2_hpd_buildings,81630|1012614
stabili-347a8072-79f7-5d97-9c91-f7982f893158,bronx-2024-p120-r46,ambiguous,manual_review,"2625 Grand Avenue, Bronx, NY 10468",2032150042,,,"2625 Grand Avenue, Bronx, NY 10468",source_bbl_found_in_official_nyc_data|parcel_has_multiple_unresolved_hpd_buildings|primary_address_matches_2_hpd_buildings,81632|999340
stabili-1cb43953-b5a6-560e-a46e-2ba81d468516,bronx-2024-p121-r55,ambiguous,manual_review,"2264 Loring Place North, Bronx, NY 10468",2032250010,,,"2264 Loring Place North, Bronx, NY 10468",source_bbl_found_in_official_nyc_data|parcel_has_multiple_unresolved_hpd_buildings|primary_address_matches_2_hpd_buildings,92683|953622
stabili-c460c4c6-90d1-5f4e-a276-f5b94a53b511,bronx-2024-p122-r5,ambiguous,manual_review,"2313 Loring Place North, Bronx, NY 10468",2032250176,,,"2313 Loring Place North, Bronx, NY 10468",source_bbl_found_in_official_nyc_data|parcel_has_multiple_unresolved_hpd_buildings|primary_address_matches_2_hpd_buildings,92707|889096
stabili-80b4d801-ecbe-52ef-94a0-62faeac37f6e,bronx-2024-p122-r17,ambiguous,manual_review,"2302 Morris Avenue, Bronx, NY 10468",2031720003,,,"2302 Morris Avenue, Bronx, NY 10468",source_bbl_found_in_official_nyc_data|parcel_has_multiple_unresolved_hpd_buildings|primary_address_matches_2_hpd_buildings,97543|995728
stabili-4ca555ad-bb72-50da-a6a9-cae3373e3abc,bronx-2024-p122-r26,ambiguous,manual_review,"2361 Morris Avenue, Bronx, NY 10468",2031830043,,,"2361 Morris Avenue, Bronx, NY 10468",source_bbl_found_in_official_nyc_data|parcel_has_multiple_unresolved_hpd_buildings|primary_address_matches_2_hpd_buildings,97563|1009736
stabili-68b71324-2862-5c53-b57b-a1e77e5b19c5,bronx-2024-p122-r51,ambiguous,manual_review,"2719–2721 Morris Avenue, Bronx, NY 10468",2033170043,,,"2719 Morris Avenue, Bronx, NY 10468",source_bbl_found_in_official_nyc_data|parcel_has_multiple_unresolved_hpd_buildings|primary_address_matches_2_hpd_buildings,97610|806834
stabili-c7542590-3fa7-5240-8ce9-c89b0759e148,bronx-2024-p125-r13,ambiguous,manual_review,"2851 University Avenue, Bronx, NY 10468",2032500139,,,"2851 University Avenue, Bronx, NY 10468",source_bbl_found_in_official_nyc_data|parcel_has_multiple_unresolved_hpd_buildings|primary_address_matches_2_hpd_buildings,116727|988766
stabili-97ee7c16-3f3e-5eb5-a0af-9273a6389e0b,bronx-2024-p125-r19,ambiguous,manual_review,"3082 Villa Avenue, Bronx, NY 10468",2033100019,,,"3082 Villa Avenue, Bronx, NY 10468",source_bbl_found_in_official_nyc_data|parcel_has_multiple_unresolved_hpd_buildings|primary_address_matches_2_hpd_buildings,117783|1012477
stabili-bf19a5f7-2b52-52a2-8afe-d6ee5ffc4440,bronx-2024-p125-r25,ambiguous,manual_review,"3126–3128 Villa Avenue, Bronx, NY 10468",2033110009,,,"101 East 204 Street, Bronx, NY 10468",source_bbl_found_in_official_nyc_data|parcel_has_multiple_unresolved_hpd_buildings,67319|807027
stabili-addf4219-b786-5f75-b902-3c3fefab2687,bronx-2024-p125-r29,ambiguous,manual_review,"3155–3157 Villa Avenue, Bronx, NY 10468",2033220047,,,"3157 Villa Avenue, Bronx, NY 10468",source_bbl_found_in_official_nyc_data|parcel_has_multiple_unresolved_hpd_buildings|primary_address_matches_2_hpd_buildings,117804|806586|807028
stabili-afd69ae5-7a83-51c0-8b1f-a13b6c8a24f1,bronx-2024-p125-r36,ambiguous,manual_review,"3185 Villa Avenue, Bronx, NY 10468",2033220035,,,"3185 Villa Avenue, Bronx, NY 10468",source_bbl_found_in_official_nyc_data|parcel_has_multiple_unresolved_hpd_buildings|primary_address_matches_2_hpd_buildings,117823|954445
stabili-3630b959-39ef-5b2e-91f0-533026288349,bronx-2024-p126-r11,ambiguous,manual_review,"140–148 West Fordham Road, Bronx, NY 10468",2032250108,,,"140 West Fordham Road, Bronx, NY 10468",source_bbl_found_in_official_nyc_data|parcel_has_multiple_unresolved_hpd_buildings|primary_address_matches_2_hpd_buildings,122109|1002863
stabili-ca758377-7ff6-5116-b0b7-8ebc8ee79030,bronx-2024-p127-r13,ambiguous,manual_review,"2545 Bronxwood Avenue, Bronx, NY 10469",2044410052,,,"2543 Bronxwood Avenue, Bronx, NY 10469",source_bbl_found_in_official_nyc_data|parcel_has_multiple_unresolved_hpd_buildings,52336|908784
stabili-3e9a1162-05c0-50d1-ae39-54438700fad1,bronx-2024-p127-r15,ambiguous,manual_review,"2761 Bronxwood Avenue, Bronx, NY 10469",2045140030,,,"2761 Bronxwood Avenue, Bronx, NY 10467",source_bbl_found_in_official_nyc_data|parcel_has_multiple_unresolved_hpd_buildings|primary_address_matches_2_hpd_buildings,52367|995696
stabili-742f0b45-126b-5d31-8b88-acda9312b468,bronx-2024-p127-r17,ambiguous,manual_review,"3031 Bronxwood Avenue, Bronx, NY 10469",2045730038,,,"Bronxwood Avenue, Bronx, NY 10469",source_bbl_found_in_official_nyc_data|parcel_has_multiple_unresolved_hpd_buildings|primary_address_matches_2_hpd_buildings,52399|1009935
stabili-f6288660-b325-58af-986e-9fdbbb2b5eb7,bronx-2024-p127-r22,ambiguous,manual_review,"3839 Bronxwood Avenue, Bronx, NY 10469",2046790082,,,"3839 Bronxwood Avenue, Bronx, NY 10469",source_bbl_found_in_official_nyc_data|parcel_has_multiple_unresolved_hpd_buildings|primary_address_matches_2_hpd_buildings,52536|990335
stabili-18db026b-578f-58ba-9002-342618ea9bcf,bronx-2024-p127-r35,ambiguous,manual_review,"3436–3486 Corsa Avenue, Bronx, NY 10469",2047220012,,,"3437 Eastchester Road, Bronx, NY 10469",source_bbl_found_in_official_nyc_data|parcel_has_multiple_unresolved_hpd_buildings|primary_address_matches_13_hpd_buildings,74826|806392|930456|930532|930534|930548|930550|930551|930556|930557|930558|930559|930560|930561|930562|930563|930564|930566|930567|1002829
stabili-19c31525-e3a8-5359-a0c2-a0539833933b,bronx-2024-p128-r31,ambiguous,manual_review,"3013 Eastchester Road, Bronx, NY 10469",2047620092,,,"3013 Eastchester Road, Bronx, NY 10469",source_bbl_found_in_official_nyc_data|parcel_has_multiple_unresolved_hpd_buildings|primary_address_matches_2_hpd_buildings,74716|1004780
stabili-73b2637f-482c-5831-9a9a-9a26a95db486,bronx-2024-p128-r33,ambiguous,manual_review,"3437–3485 Eastchester Road, Bronx, NY 10469",2047220012,,,"3437 Eastchester Road, Bronx, NY 10469",source_bbl_found_in_official_nyc_data|parcel_has_multiple_unresolved_hpd_buildings|primary_address_matches_6_hpd_buildings,74826|806392|930456|930532|930534|930548|930550|930551|930556|930557|930558|930559|930560|930561|930562|930563|930564|930566|930567|1002829
stabili-578ec59c-4b48-5f44-9b1b-6e502b856284,bronx-2024-p128-r43,ambiguous,manual_review,"3525 Eastchester Road, Bronx, NY 10469",2047220006,,,"3525 Eastchester Road, Bronx, NY 10469",source_bbl_found_in_official_nyc_data|parcel_has_multiple_unresolved_hpd_buildings|primary_address_matches_2_hpd_buildings,74841|997720
stabili-e5cab95b-e5ff-5be1-833c-dfc66bd266d8,bronx-2024-p128-r44,ambiguous,manual_review,"3527 Eastchester Road, Bronx, NY 10469",2047220005,,,"3527 Eastchester Road, Bronx, NY 10469",source_bbl_found_in_official_nyc_data|parcel_has_multiple_unresolved_hpd_buildings|primary_address_matches_2_hpd_buildings,74843|968493
stabili-16f1fb55-a427-5113-a996-ce5df2dfa9fd,bronx-2024-p128-r45,ambiguous,manual_review,"3529 Eastchester Road, Bronx, NY 10469",2047220003,,,"3529 Eastchester Road, Bronx, NY 10469",source_bbl_found_in_official_nyc_data|parcel_has_multiple_unresolved_hpd_buildings|primary_address_matches_2_hpd_buildings,74845|945205
stabili-d99537ea-a0c2-577f-888f-0842a645f954,bronx-2024-p128-r46,ambiguous,manual_review,"3531 Eastchester Road, Bronx, NY 10469",2047220002,,,"3531 Eastchester Road, Bronx, NY 10469",source_bbl_found_in_official_nyc_data|parcel_has_multiple_unresolved_hpd_buildings|primary_address_matches_2_hpd_buildings,74848|945204|972808
stabili-08c5a5bb-22a6-57e1-bfb5-cd51009e773f,bronx-2024-p129-r3,ambiguous,manual_review,"3436–3458 Fenton Avenue, Bronx, NY 10469",2047210017,,,"3485 Corsa Avenue, Bronx, NY 10469",source_bbl_found_in_official_nyc_data|parcel_has_multiple_unresolved_hpd_buildings|primary_address_matches_7_hpd_buildings,58710|806393|806672|930512|930513|930514|930517|930519|930520|930521|930525|930528|930531|930533|930536|930537|930538|930539|930540|930541
stabili-200b306a-7187-5544-aff4-d0a911e5adab,bronx-2024-p129-r23,ambiguous,manual_review,"3435–3455 Fish Avenue, Bronx, NY 10469",2047120001,,,"3438 Wilson Avenue, Bronx, NY 10469",source_bbl_found_in_official_nyc_data|parcel_has_multiple_unresolved_hpd_buildings|primary_address_matches_6_hpd_buildings,125386|806675|806745|930740|930742|930744|930745|930757|930767|930768|930770|930771|930772|930773|930775|930778|930781|930807|930816|930819
stabili-6a6bf9c1-50f0-55a7-bc63-787de4a086e1,bronx-2024-p129-r24,ambiguous,manual_review,"3438–3488 Fish Avenue, Bronx, NY 10469",2047130001,,,"3444 Fish Avenue, Bronx, NY 10469",source_bbl_found_in_official_nyc_data|parcel_has_multiple_unresolved_hpd_buildings|primary_address_matches_11_hpd_buildings,78629|806746|806942|930402|930922|930923|930924|930925|930926|930927|930928|930929|930931|930932|930938|930939|930940|930941|930942|930943
stabili-7e89634b-aa2a-555d-859a-df8763a7b619,bronx-2024-p129-r55,ambiguous,manual_review,"1406–1410 Hicks Street, Bronx, NY 10469",2047200001,,,"1400 Hicks Street, Bronx, NY 10469",source_bbl_found_in_official_nyc_data|parcel_has_multiple_unresolved_hpd_buildings|primary_address_matches_2_hpd_buildings,84958|806747|806943|930399|930614|930615|930616|930617|930627|930631|930636|930639|930641|930642|930643
stabili-47ad5006-1fdd-5a44-9473-e208bf6b0442,bronx-2024-p130-r46,ambiguous,manual_review,"3437–3489 Seymour Avenue, Bronx, NY 10469",2047130001,,,"3444 Fish Avenue, Bronx, NY 10469",source_bbl_found_in_official_nyc_data|parcel_has_multiple_unresolved_hpd_buildings|primary_address_matches_13_hpd_buildings,78629|806746|806942|930402|930922|930923|930924|930925|930926|930927|930928|930929|930931|930932|930938|930939|930940|930941|930942|930943
stabili-6adcca0d-a709-5c1d-9ce0-fdcfbd8b41b9,bronx-2024-p130-r54,ambiguous,manual_review,"3470–3494 Seymour Avenue, Bronx, NY 10469",2047130001,,,"3444 Fish Avenue, Bronx, NY 10469",source_bbl_found_in_official_nyc_data|parcel_has_multiple_unresolved_hpd_buildings|primary_address_matches_5_hpd_buildings,78629|806746|806942|930402|930922|930923|930924|930925|930926|930927|930928|930929|930931|930932|930938|930939|930940|930941|930942|930943
stabili-9ffe467f-6c6c-5b56-a797-b5967407a190,bronx-2024-p131-r50,ambiguous,manual_review,"715–723 Cranford Avenue, Bronx, NY 10470",2051120014,,,"715 Cranford Avenue, Bronx, NY 10470",source_bbl_found_in_official_nyc_data|parcel_has_multiple_unresolved_hpd_buildings|primary_address_matches_5_hpd_buildings,59037|942180|948854|948855|948856
stabili-ee290ebf-89fe-5492-9bf6-d67de9c52d06,bronx-2024-p131-r51,ambiguous,manual_review,"69–75 East 233rd Street, Bronx, NY 10470",2033650071,,,"85 East 233 Street, Bronx, NY 10470",source_bbl_found_in_official_nyc_data|parcel_has_multiple_unresolved_hpd_buildings|primary_address_matches_2_hpd_buildings,72062|989273
stabili-1e05134c-1557-5ca3-82f1-72474b89e63c,bronx-2024-p132-r19,ambiguous,manual_review,"524 East 236th Street, Bronx, NY 10470",2033970019,,,"524 East 236 Street, Bronx, NY 10470",source_bbl_found_in_official_nyc_data|parcel_has_multiple_unresolved_hpd_buildings|primary_address_matches_2_hpd_buildings,72613|952096
stabili-b547adf1-478f-5cc1-bb51-6e8e2d453060,bronx-2024-p133-r16,ambiguous,manual_review,"4639–4653 White Plains Road, Bronx, NY 10470",2050830041,,,"4639 White Plains Road, Bronx, NY 10470",source_bbl_found_in_official_nyc_data|parcel_has_multiple_unresolved_hpd_buildings|primary_address_matches_3_hpd_buildings,123595|807115|807116
stabili-56ab2992-404f-5ba0-88cb-3b3034a7cf6d,bronx-2024-p134-r2,ambiguous,manual_review,"4601 Henry Hudson Parkway West, Bronx, NY 10471",2059111102,,,"4601 Henry Hudson Pkwy W, Bronx, NY 10471",source_bbl_found_in_official_nyc_data|parcel_has_multiple_unresolved_hpd_buildings,84403|999747
stabili-617484f5-0a05-5bfa-9520-0c227585723a,bronx-2024-p134-r7,ambiguous,manual_review,"3900 Manhattan College Parkway, Bronx, NY 10471",2057811100,,,"3900 Henry Hudson Pkwy E, Bronx, NY 10471",source_bbl_found_in_official_nyc_data|parcel_has_multiple_unresolved_hpd_buildings,93891|806809|946124|1011415
stabili-104efba3-d0fe-5418-9acd-cfd1d3fbd4a2,bronx-2024-p134-r10,ambiguous,manual_review,"4578 Manhattan College Parkway, Bronx, NY 10471",2057760611,,,"4578 Manhattan College Py, Bronx, NY 10471",source_bbl_found_in_official_nyc_data|parcel_has_multiple_unresolved_hpd_buildings,93901|990509
stabili-28744c4c-8522-5bda-ae51-88eb25ae0bed,bronx-2024-p134-r18,ambiguous,manual_review,"5530–5572 Netherland Avenue, Bronx, NY 10471",2059500429,,,"5530 Netherland Avenue, Bronx, NY 10471",source_bbl_found_in_official_nyc_data|parcel_has_multiple_unresolved_hpd_buildings|primary_address_matches_6_hpd_buildings,99499|996183|996187|996188|996189|996190
stabili-436e2a57-a923-51d0-94d1-1b9060144c72,bronx-2024-p134-r29,ambiguous,manual_review,"5635–5645 Netherland Avenue, Bronx, NY 10471",2059530550,,,"5600 Netherland Avenue, Bronx, NY 10471",source_bbl_found_in_official_nyc_data|parcel_has_multiple_unresolved_hpd_buildings|primary_address_matches_2_hpd_buildings,45885|806849|806850|987290
stabili-6c9abab7-4977-5811-aadf-2153b203220f,bronx-2024-p136-r10,ambiguous,manual_review,"1770–1778 East 172nd Street, Bronx, NY 10472",2037850025,,,"1770 East 172 Street, Bronx, NY 10472",source_bbl_found_in_official_nyc_data|parcel_has_multiple_unresolved_hpd_buildings|primary_address_matches_2_hpd_buildings,65539|1013067
stabili-b201bcee-751d-5549-b4f0-87a303988748,bronx-2024-p136-r14,ambiguous,manual_review,"2028–2032 East 177th Street, Bronx, NY 10472",2038030019,,,"2028 Cross Bronx Expwy, Bronx, NY 10472",source_bbl_found_in_official_nyc_data|parcel_has_multiple_unresolved_hpd_buildings,59731|1020834
stabili-6c28471b-a963-514c-83ca-ff7f5f48d0a5,bronx-2024-p139-r34,ambiguous,manual_review,"801–825 Boynton Avenue, Bronx, NY 10473",2036230001,,,"823 Colgate Avenue, Bronx, NY 10473",source_bbl_found_in_official_nyc_data|parcel_has_multiple_unresolved_hpd_buildings,806385|806386
stabili-0768ba46-e845-575e-9452-22f87ff2ce68,bronx-2024-p139-r36,ambiguous,manual_review,"875 Boynton Avenue, Bronx, NY 10473",2036230001,,,"823 Colgate Avenue, Bronx, NY 10473",source_bbl_found_in_official_nyc_data|parcel_has_multiple_unresolved_hpd_buildings,806385|806386
stabili-9889afc9-bf8f-506a-8809-bf9b1757eb96,bronx-2024-p139-r56,ambiguous,manual_review,"943 Fteley Avenue, Bronx, NY 10473",2036590044,,,"943 Fteley Avenue, Bronx, NY 10473",source_bbl_found_in_official_nyc_data|parcel_has_multiple_unresolved_hpd_buildings|primary_address_matches_2_hpd_buildings,79667|977527
stabili-edda21a1-32dd-5159-ad98-6d2cc196c6b5,bronx-2024-p140-r2,ambiguous,manual_review,"947 Fteley Avenue, Bronx, NY 10473",2036590042,,,"947 Fteley Avenue, Bronx, NY 10473",source_bbl_found_in_official_nyc_data|parcel_has_multiple_unresolved_hpd_buildings|primary_address_matches_2_hpd_buildings,965978|975937
stabili-1d347e90-e996-5045-82e8-fd733137a24f,bronx-2024-p140-r12,ambiguous,manual_review,"413 Leland Avenue, Bronx, NY 10473",2034970057,,,"413 Leland Avenue, Bronx, NY 10473",source_bbl_found_in_official_nyc_data|parcel_has_multiple_unresolved_hpd_buildings|primary_address_matches_2_hpd_buildings,884419|912048
stabili-c9cd416d-7d92-5bd5-9e91-059717339857,bronx-2024-p140-r33,ambiguous,manual_review,"631 Saint Lawrence Avenue, Bronx, NY 10473",2035560049,,,"631 St Lawrence Avenue, Bronx, NY 10473",source_bbl_found_in_official_nyc_data|parcel_has_multiple_unresolved_hpd_buildings,957598|957784
stabili-9016937a-70f5-5c8b-a7bb-a6cdfed72726,bronx-2024-p140-r34,ambiguous,manual_review,"728 Saint Lawrence Avenue, Bronx, NY 10473",2035970025,,,"728 St Lawrence Avenue, Bronx, NY 10473",source_bbl_found_in_official_nyc_data|parcel_has_multiple_unresolved_hpd_buildings,110901|1010030
stabili-d817dd0d-f64e-5a6d-ba0a-558903265c14,bronx-2024-p142-r15,ambiguous,manual_review,"814–816 Manida Street, Bronx, NY 10474",2027400047,,,"814 Manida Street, Bronx, NY 10474",source_bbl_found_in_official_nyc_data|parcel_has_multiple_unresolved_hpd_buildings|primary_address_matches_2_hpd_buildings,807170|940004
stabili-5005c10d-f59f-5079-a7d7-94d2a4260f39,brooklyn-2024-p1-r22,ambiguous,manual_review,"120–122 Atlantic Avenue, Brooklyn, NY 11201",3002850010,,,"122 Atlantic Avenue, Brooklyn, NY 11201",source_bbl_found_in_official_nyc_data|parcel_has_multiple_unresolved_hpd_buildings|primary_address_matches_2_hpd_buildings,185605|807575
stabili-be90ffaa-4794-5186-8d51-319a760a5682,brooklyn-2024-p1-r39,ambiguous,manual_review,"134–138 Baltic Street, Brooklyn, NY 11201",3003107502,,,"439 Hicks Street, Brooklyn, NY 11201",source_bbl_found_in_official_nyc_data|parcel_has_multiple_unresolved_hpd_buildings|primary_address_matches_2_hpd_buildings,312358|807665|807666|808523
stabili-e78ce80d-21c8-54a4-9f28-1078e91fee77,brooklyn-2024-p2-r36,ambiguous,manual_review,"8–12 Columbia Place, Brooklyn, NY 11201",3002580017,,,"10 Columbia Place, Brooklyn, NY 11201",source_bbl_found_in_official_nyc_data|parcel_has_multiple_unresolved_hpd_buildings|primary_address_matches_2_hpd_buildings,807985|807986|807987|807988|808617|1009160|1014557|1014563|1022125|1022127|1022128|1022129|1022134
stabili-80bff7e8-430c-5f0f-a136-f49fc934ad3e,brooklyn-2024-p2-r39,ambiguous,manual_review,"28–34 Columbia Place, Brooklyn, NY 11201",3002580017,,,"10 Columbia Place, Brooklyn, NY 11201",source_bbl_found_in_official_nyc_data|parcel_has_multiple_unresolved_hpd_buildings|primary_address_matches_2_hpd_buildings,807985|807986|807987|807988|808617|1009160|1014557|1014563|1022125|1022127|1022128|1022129|1022134
stabili-c4fbf561-e3ad-59ec-bf14-fa08f603fe17,brooklyn-2024-p3-r49,ambiguous,manual_review,"109 Gold Street, Brooklyn, NY 11201",3000560002,,,"109 Gold Street, Brooklyn, NY 11201",source_bbl_found_in_official_nyc_data|parcel_has_multiple_unresolved_hpd_buildings|primary_address_matches_2_hpd_buildings,301613|940545
stabili-58e1c9bf-ffe6-52a4-8122-7b5ad7f85f2c,brooklyn-2024-p3-r50,ambiguous,manual_review,"235–263 Gold Street, Brooklyn, NY 11201",3001220013,,,"257 Gold Street, Brooklyn, NY 11201",source_bbl_found_in_official_nyc_data|parcel_has_multiple_unresolved_hpd_buildings|primary_address_matches_2_hpd_buildings,301619|902261
stabili-500c6309-9ed1-5626-a7f2-19dd6cd0ba14,brooklyn-2024-p3-r52,ambiguous,manual_review,"277 Gold Street, Brooklyn, NY 11201",3001220005,,,"277 Gold Street, Brooklyn, NY 11201",source_bbl_found_in_official_nyc_data|parcel_has_multiple_unresolved_hpd_buildings|primary_address_matches_2_hpd_buildings,301627|912794
stabili-df21be22-ef87-55ae-86b4-c53e5dd1e1e3,brooklyn-2024-p3-r54,ambiguous,manual_review,"329–345 Gold Street, Brooklyn, NY 11201",3020490002,,,"343 Gold Street, Brooklyn, NY 11201",source_bbl_found_in_official_nyc_data|parcel_has_multiple_unresolved_hpd_buildings|primary_address_matches_2_hpd_buildings,301631|908012|1014228
stabili-b85484e4-b139-59a2-8a90-85008df9427b,brooklyn-2024-p4-r46,ambiguous,manual_review,"417–431 Hicks Street, Brooklyn, NY 11201",3003057501,,,"417 Hicks Street, Brooklyn, NY 11201",source_bbl_found_in_official_nyc_data|parcel_has_multiple_unresolved_hpd_buildings|primary_address_matches_3_hpd_buildings,807664|808520|808521|808522|809759
stabili-6911306c-b53f-5852-97ea-1ebd7ca39b7d,brooklyn-2024-p4-r48,ambiguous,manual_review,"439–445 Hicks Street, Brooklyn, NY 11201",3003107502,,,"439 Hicks Street, Brooklyn, NY 11201",source_bbl_found_in_official_nyc_data|parcel_has_multiple_unresolved_hpd_buildings|primary_address_matches_2_hpd_buildings,312358|807665|807666|808523
stabili-f3ffcbd1-0f6d-51c0-bcbb-c12094a986e7,brooklyn-2024-p4-r52,ambiguous,manual_review,"20–28 Joralemon Street, Brooklyn, NY 11201",3002580017,,,"10 Columbia Place, Brooklyn, NY 11201",source_bbl_found_in_official_nyc_data|parcel_has_multiple_unresolved_hpd_buildings|primary_address_matches_2_hpd_buildings,807985|807986|807987|807988|808617|1009160|1014557|1014563|1022125|1022127|1022128|1022129|1022134
stabili-371769c6-f2ad-56a3-a14c-4f30edd7f046,brooklyn-2024-p6-r3,ambiguous,manual_review,"172–180 Nassau Street, Brooklyn, NY 11201",3001080012,,,"180 Nassau Street, Brooklyn, NY 11201",source_bbl_found_in_official_nyc_data|parcel_has_multiple_unresolved_hpd_buildings|primary_address_matches_2_hpd_buildings,341599|939907
stabili-a121abe6-13b1-53cf-9a9f-4603d6a5abd3,brooklyn-2024-p6-r36,ambiguous,manual_review,"73 Pineapple Street, Brooklyn, NY 11201",3002260030,,,"73 Pineapple Street, Brooklyn, NY 11201",source_bbl_found_in_official_nyc_data|parcel_has_multiple_unresolved_hpd_buildings|primary_address_matches_2_hpd_buildings,353823|945189
stabili-7b7c6ee4-6552-5187-8f18-24db4b423b56,brooklyn-2024-p8-r2,ambiguous,manual_review,"15–19 Wyckoff Street, Brooklyn, NY 11201",3003840072,,,"15 Wyckoff Street, Brooklyn, NY 11201",source_bbl_found_in_official_nyc_data|parcel_has_multiple_unresolved_hpd_buildings|primary_address_matches_2_hpd_buildings,398424|809940
stabili-73719729-8a8e-5108-98b9-418a8ebab79c,brooklyn-2024-p8-r9,ambiguous,manual_review,"181 York Street, Brooklyn, NY 11201",3000550045,,,"181 York Street, Brooklyn, NY 11201",source_bbl_found_in_official_nyc_data|parcel_has_multiple_unresolved_hpd_buildings|primary_address_matches_2_hpd_buildings,399051|931600
stabili-67165d54-38c3-5889-b287-dd882ddf8500,brooklyn-2024-p8-r32,ambiguous,manual_review,"1349–1353 Brooklyn Avenue, Brooklyn, NY 11203",3049700067,,,"1351 Brooklyn Avenue, Brooklyn, NY 11203",source_bbl_found_in_official_nyc_data|parcel_has_multiple_unresolved_hpd_buildings|primary_address_matches_2_hpd_buildings,214539|997138
stabili-4011f720-99a5-5022-8f36-b96a581c551a,brooklyn-2024-p9-r57,ambiguous,manual_review,"53 East 51st Street, Brooklyn, NY 11203",3045920029,,,"53 East 51 Street, Brooklyn, NY 11203",source_bbl_found_in_official_nyc_data|parcel_has_multiple_unresolved_hpd_buildings|primary_address_matches_2_hpd_buildings,267707|1005584
stabili-b062c52f-1195-5c4f-951c-7ab9a2436972,brooklyn-2024-p10-r49,ambiguous,manual_review,"110 East 53rd Street, Brooklyn, NY 11203",3046220022,,,"110 East 53 Street, Brooklyn, NY 11203",source_bbl_found_in_official_nyc_data|parcel_has_multiple_unresolved_hpd_buildings|primary_address_matches_2_hpd_buildings,268906|974002
stabili-3fdebeae-3392-590b-b86e-588913544f1c,brooklyn-2024-p11-r33,ambiguous,manual_review,"824 East New York Avenue, Brooklyn, NY 11203",3048060077,,,"824 East New York Avenue, Brooklyn, NY 11203",source_bbl_found_in_official_nyc_data|parcel_has_multiple_unresolved_hpd_buildings|primary_address_matches_2_hpd_buildings,287449|991240
stabili-8698d49b-7300-5f49-a988-bb7d757009bf,brooklyn-2024-p11-r39,ambiguous,manual_review,"737 Fenimore Street, Brooklyn, NY 11203",3048130054,,,"737 Fenimore Street, Brooklyn, NY 11203",source_bbl_found_in_official_nyc_data|parcel_has_multiple_unresolved_hpd_buildings|primary_address_matches_2_hpd_buildings,291700|1006065
stabili-fd2f6468-5760-56e8-9145-dbf463efbdd9,brooklyn-2024-p11-r41,ambiguous,manual_review,"741 Fenimore Street, Brooklyn, NY 11203",3048130052,,,"741 Fenimore Street, Brooklyn, NY 11203",source_bbl_found_in_official_nyc_data|parcel_has_multiple_unresolved_hpd_buildings|primary_address_matches_2_hpd_buildings,291704|996526
stabili-76411cb3-3007-5f1b-a44f-29741df19c23,brooklyn-2024-p11-r43,ambiguous,manual_review,"5525–5527 Jodie Court, Brooklyn, NY 11203",3079300001,,,"5407 Kings Highway, Brooklyn, NY 11203",source_bbl_found_in_official_nyc_data|parcel_has_multiple_unresolved_hpd_buildings|primary_address_matches_2_hpd_buildings,320405|807587|808611|808612|808633|808634|808635|945381|965248|993416
stabili-ca852dd7-4d0f-5ab9-bfff-22f81070aeee,brooklyn-2024-p11-r44,ambiguous,manual_review,"5526–5528 Jodie Court, Brooklyn, NY 11203",3079300001,,,"5407 Kings Highway, Brooklyn, NY 11203",source_bbl_found_in_official_nyc_data|parcel_has_multiple_unresolved_hpd_buildings|primary_address_matches_2_hpd_buildings,320405|807587|808611|808612|808633|808634|808635|945381|965248|993416
stabili-fedbd6ec-1302-5070-9d3b-21019b3c49de,brooklyn-2024-p11-r50,ambiguous,manual_review,"5735–5737 Kings Highway, Brooklyn, NY 11203",3047050022,,,"5733 Kings Highway, Brooklyn, NY 11203",source_bbl_found_in_official_nyc_data|parcel_has_multiple_unresolved_hpd_buildings|primary_address_matches_2_hpd_buildings,272843|808636|835344|835345
stabili-546d1cbb-095c-50e2-80a1-7613ffbe674e,brooklyn-2024-p11-r52,ambiguous,manual_review,"558A Kingston Avenue, Brooklyn, NY 11203",3048030043,,,"558 Kingston Avenue, Brooklyn, NY 11203",source_bbl_found_in_official_nyc_data|parcel_has_multiple_unresolved_hpd_buildings,321025|895927
stabili-7dd507e5-3c16-56db-8592-433b821d787f,brooklyn-2024-p11-r53,ambiguous,manual_review,"558 Kingston Avenue, Brooklyn, NY 11203",3048030043,,,"558 Kingston Avenue, Brooklyn, NY 11203",source_bbl_found_in_official_nyc_data|parcel_has_multiple_unresolved_hpd_buildings|primary_address_matches_2_hpd_buildings,321025|895927
stabili-7cad4043-5381-52e3-906d-24085b302a1c,brooklyn-2024-p13-r3,ambiguous,manual_review,"828 New York Avenue, Brooklyn, NY 11203",3048530060,,,"828 New York Avenue, Brooklyn, NY 11203",source_bbl_found_in_official_nyc_data|parcel_has_multiple_unresolved_hpd_buildings|primary_address_matches_2_hpd_buildings,344032|1009741|1020721
stabili-827bed35-a2a5-5eed-9f29-5d0ac6a90913,brooklyn-2024-p13-r23,ambiguous,manual_review,"1183 New York Avenue, Brooklyn, NY 11203",3049330053,,,"1183 New York Avenue, Brooklyn, NY 11203",source_bbl_found_in_official_nyc_data|parcel_has_multiple_unresolved_hpd_buildings|primary_address_matches_2_hpd_buildings,343442|1006448
stabili-d7964cfa-da1b-589d-a30a-6ed1b8491607,brooklyn-2024-p13-r24,ambiguous,manual_review,"1244 New York Avenue, Brooklyn, NY 11203",3049490021,,,"1244 New York Avenue, Brooklyn, NY 11203",source_bbl_found_in_official_nyc_data|parcel_has_multiple_unresolved_hpd_buildings|primary_address_matches_2_hpd_buildings,343471|1010025
stabili-c57b3fef-bb71-5427-8eea-38b185144244,brooklyn-2024-p13-r29,ambiguous,manual_review,"1296 New York Avenue, Brooklyn, NY 11203",3049490041,,,"1296 New York Ave, Brooklyn, NY 11203",source_bbl_found_in_official_nyc_data|parcel_has_multiple_unresolved_hpd_buildings|primary_address_matches_2_hpd_buildings,343504|1009335
stabili-c7c33602-19ee-5efc-8493-20acc2e12007,brooklyn-2024-p13-r32,ambiguous,manual_review,"1317 New York Avenue, Brooklyn, NY 11203",3049670031,,,"1317 New York Avenue, Brooklyn, NY 11203",source_bbl_found_in_official_nyc_data|parcel_has_multiple_unresolved_hpd_buildings|primary_address_matches_2_hpd_buildings,343512|967102
stabili-2485725e-6b6a-5df7-836b-cecbb1ebc920,brooklyn-2024-p13-r45,ambiguous,manual_review,"649 Rutland Road, Brooklyn, NY 11203",3048050068,,,"649 Rutland Road, Brooklyn, NY 11203",source_bbl_found_in_official_nyc_data|parcel_has_multiple_unresolved_hpd_buildings|primary_address_matches_2_hpd_buildings,364922|910801
stabili-ec1b8d53-a9e1-5a71-a0fb-6c8b0149d3a0,brooklyn-2024-p13-r51,ambiguous,manual_review,"457 Schenectady Avenue, Brooklyn, NY 11203",3045880001,,,"459 Schenectady Avenue, Brooklyn, NY 11203",source_bbl_found_in_official_nyc_data|parcel_has_multiple_unresolved_hpd_buildings,287456|1002013|1008715|1009492
stabili-c129e911-da26-5861-a949-f03309ff3adc,brooklyn-2024-p14-r8,ambiguous,manual_review,"3400 Snyder Avenue, Brooklyn, NY 11203",3049050001,,,"3400 Snyder Avenue, Brooklyn, NY 11203",source_bbl_found_in_official_nyc_data|parcel_has_multiple_unresolved_hpd_buildings|primary_address_matches_2_hpd_buildings,371433|809464
stabili-c6bb73b8-56ca-5c79-ba6a-93882e54be65,brooklyn-2024-p14-r14,ambiguous,manual_review,"5113 Snyder Avenue, Brooklyn, NY 11203",3046990038,,,"5111 Snyder Avenue, Brooklyn, NY 11203",source_bbl_found_in_official_nyc_data|parcel_has_multiple_unresolved_hpd_buildings|primary_address_matches_2_hpd_buildings,371584|861673
stabili-ad04e836-35d7-5b2e-9f1a-85e752cc6c6c,brooklyn-2024-p14-r28,ambiguous,manual_review,"943–957 Utica Avenue, Brooklyn, NY 11203",3047220064,,,"957 Utica Avenue, Brooklyn, NY 11203",source_bbl_found_in_official_nyc_data|parcel_has_multiple_unresolved_hpd_buildings|primary_address_matches_2_hpd_buildings,384688|891507
stabili-985c00fe-db3d-5852-b7fb-7087761f6b38,brooklyn-2024-p14-r42,ambiguous,manual_review,"7301–7313 17th Avenue, Brooklyn, NY 11204",3062040001,,,"7301 17 Avenue, Brooklyn, NY 11204",source_bbl_found_in_official_nyc_data|parcel_has_multiple_unresolved_hpd_buildings|primary_address_matches_2_hpd_buildings,142131|807482|807487|809977
stabili-9c88598b-7edb-514d-ac56-8cd1cba654b5,brooklyn-2024-p14-r52,ambiguous,manual_review,"6514–6524 20th Avenue, Brooklyn, NY 11204",3055550039,,,"6524 20 Avenue, Brooklyn, NY 11204",source_bbl_found_in_official_nyc_data|parcel_has_multiple_unresolved_hpd_buildings|primary_address_matches_6_hpd_buildings,144611|820631|974865|974866|974867|974868
stabili-a925b0ce-0c50-5124-9017-84b01554999c,brooklyn-2024-p15-r19,ambiguous,manual_review,"1643 44th Street, Brooklyn, NY 11204",3053790070,,,"1643 44 Street, Brooklyn, NY 11204",source_bbl_found_in_official_nyc_data|parcel_has_multiple_unresolved_hpd_buildings|primary_address_matches_2_hpd_buildings,150611|989867
stabili-78262f36-d56c-594c-9395-68d48b55080d,brooklyn-2024-p15-r30,ambiguous,manual_review,"2015 52nd Street, Brooklyn, NY 11204",3054700031,,,"2015 52 Street, Brooklyn, NY 11204",source_bbl_found_in_official_nyc_data|parcel_has_multiple_unresolved_hpd_buildings|primary_address_matches_2_hpd_buildings,155648|899169
stabili-e4dbf73c-1668-56a1-aea5-e8644ded21d4,brooklyn-2024-p15-r41,ambiguous,manual_review,"1853 60th Street, Brooklyn, NY 11204",3055120053,,,"1853 60 Street, Brooklyn, NY 11204",source_bbl_found_in_official_nyc_data|parcel_has_multiple_unresolved_hpd_buildings|primary_address_matches_2_hpd_buildings,161807|875900
stabili-84d4135e-6ced-5022-9e4a-a78689e999e6,brooklyn-2024-p17-r2,ambiguous,manual_review,"1973 70th Street, Brooklyn, NY 11204",3061620043,,,"6924 20 Avenue, Brooklyn, NY 11204",source_bbl_found_in_official_nyc_data|parcel_has_multiple_unresolved_hpd_buildings,144664|996554|1015966
stabili-bd9eda67-e9f2-5b6e-8eb7-eb8511c07584,brooklyn-2024-p19-r35,ambiguous,manual_review,"96 Adelphi Street, Brooklyn, NY 11205",3020440062,,,"96 Adelphi Street, Brooklyn, NY 11205",source_bbl_found_in_official_nyc_data|parcel_has_multiple_unresolved_hpd_buildings|primary_address_matches_2_hpd_buildings,182810|995303
stabili-96d07238-a356-5fec-83f3-237dda6af6ce,brooklyn-2024-p19-r51,ambiguous,manual_review,"836 Bedford Avenue, Brooklyn, NY 11205",3019000043,,,"836 Bedford Avenue, Brooklyn, NY 11205",source_bbl_found_in_official_nyc_data|parcel_has_multiple_unresolved_hpd_buildings|primary_address_matches_2_hpd_buildings,207190|908261
stabili-6a2fefab-4cac-5e65-b5e0-3c37f50be3bb,brooklyn-2024-p20-r7,ambiguous,manual_review,"957 Bedford Avenue, Brooklyn, NY 11205",3017620006,,,"957 Bedford Avenue, Brooklyn, NY 11205",source_bbl_found_in_official_nyc_data|parcel_has_multiple_unresolved_hpd_buildings|primary_address_matches_2_hpd_buildings,207268|970718
stabili-8b4f54d4-46e0-5970-8fcd-1e1213639fea,brooklyn-2024-p20-r12,ambiguous,manual_review,"1044 Bedford Avenue, Brooklyn, NY 11205",3019500033,,,"1044 Bedford Avenue, Brooklyn, NY 11205",source_bbl_found_in_official_nyc_data|parcel_has_multiple_unresolved_hpd_buildings|primary_address_matches_2_hpd_buildings,205464|996161
stabili-416fd7aa-f1b5-518f-9dec-86b6b32bc09e,brooklyn-2024-p20-r16,ambiguous,manual_review,"89 Carlton Avenue, Brooklyn, NY 11205",3020440024,,,"89 Carlton Avenue, Brooklyn, NY 11205",source_bbl_found_in_official_nyc_data|parcel_has_multiple_unresolved_hpd_buildings|primary_address_matches_2_hpd_buildings,217262|886367
stabili-9804955c-b6f3-5ed0-932f-8c3623f6c350,brooklyn-2024-p20-r45,ambiguous,manual_review,"165 Clinton Avenue, Brooklyn, NY 11205",3019020022,,,"165 Clinton Avenue, Brooklyn, NY 11205",source_bbl_found_in_official_nyc_data|parcel_has_multiple_unresolved_hpd_buildings|primary_address_matches_2_hpd_buildings,222769|807963
stabili-d2f0c3ab-6cb7-5396-85c0-5e77089710bc,brooklyn-2024-p20-r50,ambiguous,manual_review,"205 Clinton Avenue, Brooklyn, NY 11205",3019020001,,,"185 Clinton Avenue, Brooklyn, NY 11205",source_bbl_found_in_official_nyc_data|parcel_has_multiple_unresolved_hpd_buildings,222775|807964|807965|807966|809779
stabili-1407ce68-8539-534a-8941-93838beb2c61,brooklyn-2024-p21-r34,ambiguous,manual_review,"91 Franklin Avenue, Brooklyn, NY 11205",3018990024,,,"91-93 Franklin Avenue, Brooklyn, NY 11205",source_bbl_found_in_official_nyc_data|parcel_has_multiple_unresolved_hpd_buildings|primary_address_matches_2_hpd_buildings,296047|998273
stabili-3e0e642b-f630-5ac7-9993-14aafeddef22,brooklyn-2024-p21-r36,ambiguous,manual_review,"123 Franklin Avenue, Brooklyn, NY 11205",3018990009,,,"123 Franklin Avenue, Brooklyn, NY 11205",source_bbl_found_in_official_nyc_data|parcel_has_multiple_unresolved_hpd_buildings|primary_address_matches_2_hpd_buildings,295626|979825
stabili-a5ff0365-85e8-5059-81c4-97d7f83efa9f,brooklyn-2024-p21-r41,ambiguous,manual_review,"168–184 Franklin Avenue, Brooklyn, NY 11205",3019120040,,,"168 Franklin Avenue, Brooklyn, NY 11205",source_bbl_found_in_official_nyc_data|parcel_has_multiple_unresolved_hpd_buildings|primary_address_matches_2_hpd_buildings,295650|887478
stabili-c0df776e-aa62-5479-9b93-0e8a3911eeb3,brooklyn-2024-p21-r54,ambiguous,manual_review,"105 Grand Avenue, Brooklyn, NY 11205",3018930002,,,"105 Grand Avenue, Brooklyn, NY 11205",source_bbl_found_in_official_nyc_data|parcel_has_multiple_unresolved_hpd_buildings|primary_address_matches_2_hpd_buildings,302279|942905
stabili-f3a56cc6-aeeb-599a-a1e9-7ece09225e19,brooklyn-2024-p21-r56,ambiguous,manual_review,"238 Hall Street, Brooklyn, NY 11205",3019180051,,,"238 Hall Street, Brooklyn, NY 11205",source_bbl_found_in_official_nyc_data|parcel_has_multiple_unresolved_hpd_buildings|primary_address_matches_2_hpd_buildings,305388|966286
stabili-e55d5808-a068-585c-8003-78e02ad3efc0,brooklyn-2024-p22-r3,ambiguous,manual_review,"876 Kent Avenue, Brooklyn, NY 11205",3018970056,,,"876 Kent Avenue, Brooklyn, NY 11205",source_bbl_found_in_official_nyc_data|parcel_has_multiple_unresolved_hpd_buildings|primary_address_matches_2_hpd_buildings,319257|967084
stabili-781baa9b-130b-56e6-9351-eebc9af74c7c,brooklyn-2024-p22-r12,ambiguous,manual_review,"978 Kent Avenue, Brooklyn, NY 11205",3019250056,,,"978 Kent Avenue, Brooklyn, NY 11205",source_bbl_found_in_official_nyc_data|parcel_has_multiple_unresolved_hpd_buildings|primary_address_matches_2_hpd_buildings,319284|1003642
stabili-990a07ce-a3f9-58e8-a771-feb35c58e130,brooklyn-2024-p22-r22,ambiguous,manual_review,"558 Lafayette Avenue, Brooklyn, NY 11205",3017880040,,,"558 Lafayette Avenue, Brooklyn, NY 11205",source_bbl_found_in_official_nyc_data|parcel_has_multiple_unresolved_hpd_buildings|primary_address_matches_2_hpd_buildings,322270|897453
stabili-9522f50f-b2f1-585e-af17-15290ad3bf8f,brooklyn-2024-p22-r24,ambiguous,manual_review,"354–356 Myrtle Avenue, Brooklyn, NY 11205",3020730028,,,"352 Myrtle Avenue, Brooklyn, NY 11205",source_bbl_found_in_official_nyc_data|parcel_has_multiple_unresolved_hpd_buildings|primary_address_matches_2_hpd_buildings,340725|807534|808896
stabili-f3e434fa-b2a5-5c28-a29b-c10920503234,brooklyn-2024-p22-r40,ambiguous,manual_review,"610–612 Myrtle Avenue, Brooklyn, NY 11205",3019110019,,,"610 Myrtle Avenue, Brooklyn, NY 11205",source_bbl_found_in_official_nyc_data|parcel_has_multiple_unresolved_hpd_buildings|primary_address_matches_2_hpd_buildings,340882|994519
stabili-d902b068-fe54-561b-9198-1bdd473846b6,brooklyn-2024-p23-r9,ambiguous,manual_review,"94 Ryerson Street, Brooklyn, NY 11205",3018910057,,,"94 Ryerson Street, Brooklyn, NY 11205",source_bbl_found_in_official_nyc_data|parcel_has_multiple_unresolved_hpd_buildings|primary_address_matches_2_hpd_buildings,365659|995557
stabili-2495d620-f67b-553c-8547-e4375b743383,brooklyn-2024-p23-r24,ambiguous,manual_review,"120 Skillman Street, Brooklyn, NY 11205",3018990063,,,"120 Skillman Street, Brooklyn, NY 11205",source_bbl_found_in_official_nyc_data|parcel_has_multiple_unresolved_hpd_buildings|primary_address_matches_2_hpd_buildings,370709|989391
stabili-07bef14b-e9f3-56aa-9751-9c79dd801fa6,brooklyn-2024-p23-r30,ambiguous,manual_review,"229 Skillman Street, Brooklyn, NY 11205",3019280006,,,"229 Skillman Street, Brooklyn, NY 11205",source_bbl_found_in_official_nyc_data|parcel_has_multiple_unresolved_hpd_buildings|primary_address_matches_2_hpd_buildings,370789|895495
stabili-e5b8522d-012f-55d1-afd7-e70a3a9c14e3,brooklyn-2024-p23-r33,ambiguous,manual_review,"282 Skillman Street, Brooklyn, NY 11205",3019410041,,,"282 Skillman Street, Brooklyn, NY 11205",source_bbl_found_in_official_nyc_data|parcel_has_multiple_unresolved_hpd_buildings|primary_address_matches_2_hpd_buildings,370824|936819
stabili-ecdf7e1f-455e-5670-969d-7c8f7150fdc0,brooklyn-2024-p23-r39,ambiguous,manual_review,"205 Spencer Street, Brooklyn, NY 11205",3017630012,,,"205 Spencer Street, Brooklyn, NY 11205",source_bbl_found_in_official_nyc_data|parcel_has_multiple_unresolved_hpd_buildings|primary_address_matches_2_hpd_buildings,373134|966561
stabili-414ccb08-24fe-58bd-897c-f999a15d96b6,brooklyn-2024-p23-r42,ambiguous,manual_review,"216 Spencer Street, Brooklyn, NY 11205",3017620057,,,"216 Spencer Street, Brooklyn, NY 11205",source_bbl_found_in_official_nyc_data|parcel_has_multiple_unresolved_hpd_buildings|primary_address_matches_2_hpd_buildings,373145|942289
stabili-25ee35e2-b8d9-599b-8607-fb96cd0ee246,brooklyn-2024-p23-r43,ambiguous,manual_review,"221 Spencer Street, Brooklyn, NY 11205",3017630003,,,"221 Spencer Street, Brooklyn, NY 11205",source_bbl_found_in_official_nyc_data|parcel_has_multiple_unresolved_hpd_buildings|primary_address_matches_2_hpd_buildings,373151|957917
stabili-72666cb4-8ce2-501d-9fbf-c4a26b3d5aa6,brooklyn-2024-p24-r49,ambiguous,manual_review,"76 Bartlett Street, Brooklyn, NY 11206",3022730001,,,"76 Bartlett Street, Brooklyn, NY 11206",source_bbl_found_in_official_nyc_data|parcel_has_multiple_unresolved_hpd_buildings|primary_address_matches_2_hpd_buildings,199172|988454
stabili-8da0fe1d-d116-5be2-b5e4-89478391dbab,brooklyn-2024-p25-r2,ambiguous,manual_review,"217–219 Boerum Street, Brooklyn, NY 11206",3030730014,,,"Bushwick Place, Brooklyn, NY 11206",source_bbl_found_in_official_nyc_data|parcel_has_multiple_unresolved_hpd_buildings|primary_address_matches_2_hpd_buildings,210968|995875
stabili-42734a49-adf1-5cd8-a3d7-6f4e7876224a,brooklyn-2024-p25-r3,ambiguous,manual_review,"230 Boerum Street, Brooklyn, NY 11206",3030820019,,,"230 Boerum Street, Brooklyn, NY 11206",source_bbl_found_in_official_nyc_data|parcel_has_multiple_unresolved_hpd_buildings|primary_address_matches_2_hpd_buildings,210976|1012677
stabili-a4c4042d-d9c6-5f3a-bc0c-67c009c9bd95,brooklyn-2024-p25-r4,ambiguous,manual_review,"640–644 Broadway, Brooklyn, NY 11206",3022700010,,,"640 Broadway, Brooklyn, NY 11206",source_bbl_found_in_official_nyc_data|parcel_has_multiple_unresolved_hpd_buildings|primary_address_matches_2_hpd_buildings,214230|926973
stabili-8ace9172-6a1c-54fa-8024-bd05da0b8ed7,brooklyn-2024-p25-r5,ambiguous,manual_review,"646 Broadway, Brooklyn, NY 11206",3022700012,,,"646 Broadway, Brooklyn, NY 11206",source_bbl_found_in_official_nyc_data|parcel_has_multiple_unresolved_hpd_buildings|primary_address_matches_2_hpd_buildings,214231|947240
stabili-a116d1df-d3df-5f99-846c-8115e42aa493,brooklyn-2024-p25-r11,ambiguous,manual_review,"923 Broadway, Brooklyn, NY 11206",3031500001,,,"923 Broadway, Brooklyn, NY 11206",source_bbl_found_in_official_nyc_data|parcel_has_multiple_unresolved_hpd_buildings|primary_address_matches_2_hpd_buildings,214348|1012234
stabili-1f43ffa2-362f-54d8-ae8c-8ede372d8243,brooklyn-2024-p25-r53,ambiguous,manual_review,"98F Ellery Street, Brooklyn, NY 11206",3017300010,,,"98 Ellery Street, Brooklyn, NY 11206",source_bbl_found_in_official_nyc_data|parcel_has_multiple_unresolved_hpd_buildings,808255|945287
stabili-852a677b-d842-596b-a3a2-545a92088261,brooklyn-2024-p26-r12,ambiguous,manual_review,"589 Flushing Avenue, Brooklyn, NY 11206",3022640049,,,"589 Flushing Avenue, Brooklyn, NY 11206",source_bbl_found_in_official_nyc_data|parcel_has_multiple_unresolved_hpd_buildings|primary_address_matches_2_hpd_buildings,294094|929919
stabili-735ae113-6481-5ab6-a0ea-86b940b0c556,brooklyn-2024-p26-r13,ambiguous,manual_review,"591 Flushing Avenue, Brooklyn, NY 11206",3022640048,,,"591 Flushing Avenue, Brooklyn, NY 11206",source_bbl_found_in_official_nyc_data|parcel_has_multiple_unresolved_hpd_buildings|primary_address_matches_2_hpd_buildings,294095|928467
stabili-86ee692b-0505-5643-85f4-b0ac8707c1ac,brooklyn-2024-p27-r10,ambiguous,manual_review,"84 Hart Street, Brooklyn, NY 11206",3017710010,,,"84 Hart Street, Brooklyn, NY 11206",source_bbl_found_in_official_nyc_data|parcel_has_multiple_unresolved_hpd_buildings|primary_address_matches_2_hpd_buildings,308776|952177
stabili-dee4bfae-f1df-5f11-9ea9-a3acbbfdbc2d,brooklyn-2024-p27-r11,ambiguous,manual_review,"86–88 Hart Street, Brooklyn, NY 11206",3017710011,,,"88 Hart Street, Brooklyn, NY 11206",source_bbl_found_in_official_nyc_data|parcel_has_multiple_unresolved_hpd_buildings|primary_address_matches_2_hpd_buildings,308804|966625
stabili-24cb9677-f42f-55ec-85f3-f58b193a3308,brooklyn-2024-p27-r53,ambiguous,manual_review,"20 Jefferson Street, Brooklyn, NY 11206",3031700019,,,"20 Jefferson Street, Brooklyn, NY 11206",source_bbl_found_in_official_nyc_data|parcel_has_multiple_unresolved_hpd_buildings|primary_address_matches_2_hpd_buildings,317739|970660
stabili-29d96c62-1886-5302-b273-f43c076fc563,brooklyn-2024-p27-r55,ambiguous,manual_review,"48 Jefferson Street, Brooklyn, NY 11206",3031710013,,,"48 Jefferson Street, Brooklyn, NY 11206",source_bbl_found_in_official_nyc_data|parcel_has_multiple_unresolved_hpd_buildings|primary_address_matches_2_hpd_buildings,317840|989749
stabili-b03525c5-d098-5a61-a521-b238a2a56281,brooklyn-2024-p27-r57,ambiguous,manual_review,"56 Jefferson Street, Brooklyn, NY 11206",3031710018,,,"56 Jefferson Street, Brooklyn, NY 11206",source_bbl_found_in_official_nyc_data|parcel_has_multiple_unresolved_hpd_buildings|primary_address_matches_2_hpd_buildings,317845|951724
stabili-34d524a3-097a-5b4b-80b9-4d3d6ef3a9e9,brooklyn-2024-p28-r2,ambiguous,manual_review,"68 Jefferson Street, Brooklyn, NY 11206",3031710024,,,"68 Jefferson Street, Brooklyn, NY 11206",source_bbl_found_in_official_nyc_data|parcel_has_multiple_unresolved_hpd_buildings|primary_address_matches_2_hpd_buildings,317852|947676
stabili-197f2dc6-16e7-5e5d-a620-6dddda544bff,brooklyn-2024-p28-r6,ambiguous,manual_review,"81 Jefferson Street, Brooklyn, NY 11206",3031620042,,,"81 Jefferson Street, Brooklyn, NY 11206",source_bbl_found_in_official_nyc_data|parcel_has_multiple_unresolved_hpd_buildings|primary_address_matches_2_hpd_buildings,317862|978051
stabili-c65cf74e-7ecc-5268-b51e-591020bc39c8,brooklyn-2024-p28-r8,ambiguous,manual_review,"114 Jefferson Street, Brooklyn, NY 11206",3031720010,,,"114 Jefferson Street, Brooklyn, NY 11206",source_bbl_found_in_official_nyc_data|parcel_has_multiple_unresolved_hpd_buildings|primary_address_matches_2_hpd_buildings,317677|992330
stabili-d9504d1e-7167-5616-b160-4036155d1fd3,brooklyn-2024-p28-r10,ambiguous,manual_review,"146 Jefferson Street, Brooklyn, NY 11206",3031720026,,,"146 Jefferson Street, Brooklyn, NY 11206",source_bbl_found_in_official_nyc_data|parcel_has_multiple_unresolved_hpd_buildings|primary_address_matches_2_hpd_buildings,317704|928223|996602
stabili-a7ff9f80-9fcc-5a40-8306-4ee5d6213646,brooklyn-2024-p28-r14,ambiguous,manual_review,"182 Jefferson Street, Brooklyn, NY 11206",3031730016,,,"182 Jefferson Street, Brooklyn, NY 11206",source_bbl_found_in_official_nyc_data|parcel_has_multiple_unresolved_hpd_buildings|primary_address_matches_2_hpd_buildings,317725|976697
stabili-8ac27f31-f4ee-5d5c-9d09-be790da3dbd0,brooklyn-2024-p28-r32,ambiguous,manual_review,"246 Johnson Avenue, Brooklyn, NY 11206",3030730006,,,"246 Johnson Avenue, Brooklyn, NY 11206",source_bbl_found_in_official_nyc_data|parcel_has_multiple_unresolved_hpd_buildings|primary_address_matches_2_hpd_buildings,974996|980306
stabili-b0c59e68-92bc-5f94-806e-41541e443178,brooklyn-2024-p28-r39,ambiguous,manual_review,"145 Leonard Street, Brooklyn, NY 11206",3030320025,,,"145 Leonard Street, Brooklyn, NY 11206",source_bbl_found_in_official_nyc_data|parcel_has_multiple_unresolved_hpd_buildings|primary_address_matches_2_hpd_buildings,324413|876342
stabili-68deffeb-cc10-58ee-88d3-4bb01adf414d,brooklyn-2024-p28-r42,ambiguous,manual_review,"11 Lewis Avenue, Brooklyn, NY 11206",3015820002,,,"11 Lewis Avenue, Brooklyn, NY 11206",source_bbl_found_in_official_nyc_data|parcel_has_multiple_unresolved_hpd_buildings|primary_address_matches_2_hpd_buildings,324753|1009092
stabili-c552e471-04a9-59c3-b21c-aa4c177873ed,brooklyn-2024-p28-r46,ambiguous,manual_review,"63 Lewis Avenue, Brooklyn, NY 11206",3015890006,,,"63 Lewis Avenue, Brooklyn, NY 11206",source_bbl_found_in_official_nyc_data|parcel_has_multiple_unresolved_hpd_buildings|primary_address_matches_2_hpd_buildings,324890|1007024
stabili-6ff38889-f13b-58e4-9830-815b6baf2173,brooklyn-2024-p29-r10,ambiguous,manual_review,"429 Lorimer Street, Brooklyn, NY 11206",3027910033,,,"429 Lorimer Street, Brooklyn, NY 11206",source_bbl_found_in_official_nyc_data|parcel_has_multiple_unresolved_hpd_buildings|primary_address_matches_2_hpd_buildings,328807|939460
stabili-62f5071d-990c-5aa4-bfa0-d35d12a49331,brooklyn-2024-p29-r13,ambiguous,manual_review,"49–51 Lynch Street, Brooklyn, NY 11206",3022310062,,,"51 Lynch Street, Brooklyn, NY 11206",source_bbl_found_in_official_nyc_data|parcel_has_multiple_unresolved_hpd_buildings|primary_address_matches_2_hpd_buildings,329617|967124
stabili-bda5457d-fbcb-52fb-9ddd-9003588702db,brooklyn-2024-p29-r21,ambiguous,manual_review,"142 Manhattan Avenue, Brooklyn, NY 11206",3030520005,,,"142 Manhattan Avenue, Brooklyn, NY 11206",source_bbl_found_in_official_nyc_data|parcel_has_multiple_unresolved_hpd_buildings|primary_address_matches_2_hpd_buildings,331534|966927
stabili-33fbc4be-77f8-5331-b039-7ece0646a7f4,brooklyn-2024-p29-r25,ambiguous,manual_review,"223 Manhattan Avenue, Brooklyn, NY 11206",3027870025,,,"223 Manhattan Avenue, Brooklyn, NY 11206",source_bbl_found_in_official_nyc_data|parcel_has_multiple_unresolved_hpd_buildings|primary_address_matches_3_hpd_buildings,331565|983861|992242
stabili-9d79e746-15f3-5701-97f9-6eb05230480b,brooklyn-2024-p29-r39,ambiguous,manual_review,"613–615 Marcy Avenue, Brooklyn, NY 11206",3017670007,,,"615 Marcy Avenue, Brooklyn, NY 11206",source_bbl_found_in_official_nyc_data|parcel_has_multiple_unresolved_hpd_buildings|primary_address_matches_2_hpd_buildings,332621|808793
stabili-5fcda918-95d5-5fbc-8940-7cc94b3eec9d,brooklyn-2024-p29-r46,ambiguous,manual_review,"652 Marcy Avenue, Brooklyn, NY 11206",3017740049,,,"652 Marcy Avenue, Brooklyn, NY 11206",source_bbl_found_in_official_nyc_data|parcel_has_multiple_unresolved_hpd_buildings|primary_address_matches_3_hpd_buildings,332653|890412|949036
stabili-d4fd5a98-c7e2-51d5-9ea5-27e11bc55e96,brooklyn-2024-p29-r47,ambiguous,manual_review,"653 Marcy Avenue, Brooklyn, NY 11206",3017750006,,,"653 Marcy Avenue, Brooklyn, NY 11206",source_bbl_found_in_official_nyc_data|parcel_has_multiple_unresolved_hpd_buildings|primary_address_matches_2_hpd_buildings,332654|904852
stabili-aaf89cce-ee42-5356-b88a-c1769bb54753,brooklyn-2024-p30-r2,ambiguous,manual_review,"33 Maujer Street, Brooklyn, NY 11206",3027850044,,,"33 Maujer Street, Brooklyn, NY 11206",source_bbl_found_in_official_nyc_data|parcel_has_multiple_unresolved_hpd_buildings|primary_address_matches_2_hpd_buildings,333565|898008
stabili-0511cde1-1e6b-5e87-811f-968484bea54a,brooklyn-2024-p30-r4,ambiguous,manual_review,"40 Maujer Street, Brooklyn, NY 11206",3027910024,,,"40 Maujer Street, Brooklyn, NY 11206",source_bbl_found_in_official_nyc_data|parcel_has_multiple_unresolved_hpd_buildings|primary_address_matches_2_hpd_buildings,333577|824050
stabili-c73f1205-6dba-5db2-acfa-7cc6eeab3f8e,brooklyn-2024-p30-r5,ambiguous,manual_review,"42 Maujer Street, Brooklyn, NY 11206",3027910025,,,"42 Maujer Street, Brooklyn, NY 11206",source_bbl_found_in_official_nyc_data|parcel_has_multiple_unresolved_hpd_buildings|primary_address_matches_2_hpd_buildings,333579|983334
stabili-ba765a31-6937-59a5-a8c2-3fbed3074c15,brooklyn-2024-p30-r7,ambiguous,manual_review,"45 Maujer Street, Brooklyn, NY 11206",3027850039,,,"45 Maujer Street, Brooklyn, NY 11206",source_bbl_found_in_official_nyc_data|parcel_has_multiple_unresolved_hpd_buildings|primary_address_matches_2_hpd_buildings,333581|977255
stabili-fd22aeef-967c-5bbe-81b6-45cae3551008,brooklyn-2024-p30-r10,ambiguous,manual_review,"48 Maujer Street, Brooklyn, NY 11206",3027910028,,,"48 Maujer Street, Brooklyn, NY 11206",source_bbl_found_in_official_nyc_data|parcel_has_multiple_unresolved_hpd_buildings|primary_address_matches_2_hpd_buildings,333584|900120
stabili-bfab64ff-2711-5ed7-a499-efd390d3c6a1,brooklyn-2024-p30-r28,ambiguous,manual_review,"118 Mckibben Street, Brooklyn, NY 11206",3030880013,,,"118 Mc Kibbin Street, Brooklyn, NY 11206",source_bbl_found_in_official_nyc_data|parcel_has_multiple_unresolved_hpd_buildings,335345|808814
stabili-0011909a-9834-5f66-8541-9fbd30de5350,brooklyn-2024-p30-r30,ambiguous,manual_review,"22 Melrose Street, Brooklyn, NY 11206",3031600015,,,"22 Melrose Street, Brooklyn, NY 11206",source_bbl_found_in_official_nyc_data|parcel_has_multiple_unresolved_hpd_buildings|primary_address_matches_2_hpd_buildings,335623|976966
stabili-4e725a2f-e153-5494-afb9-3a04f1acb0a9,brooklyn-2024-p30-r36,ambiguous,manual_review,"46 Melrose Street, Brooklyn, NY 11206",3031600023,,,"46 Melrose Street, Brooklyn, NY 11206",source_bbl_found_in_official_nyc_data|parcel_has_multiple_unresolved_hpd_buildings|primary_address_matches_2_hpd_buildings,335726|973490
stabili-13e08d04-8250-505d-a216-48a9b21bbf09,brooklyn-2024-p30-r40,ambiguous,manual_review,"239 Melrose Street, Brooklyn, NY 11206",3031570052,,,"239 Melrose Street, Brooklyn, NY 11206",source_bbl_found_in_official_nyc_data|parcel_has_multiple_unresolved_hpd_buildings|primary_address_matches_2_hpd_buildings,335626|994184
stabili-c8cb008b-d533-5fe7-bfb2-5aa7bab9e3cd,brooklyn-2024-p30-r48,ambiguous,manual_review,"17–21 Meserole Street, Brooklyn, NY 11206",3030400044,,,"21 Meserole Street, Brooklyn, NY 11206",source_bbl_found_in_official_nyc_data|parcel_has_multiple_unresolved_hpd_buildings|primary_address_matches_2_hpd_buildings,336360|1009813
stabili-75fb02dc-0aee-53f9-aa78-2b73fddf2a31,brooklyn-2024-p31-r18,ambiguous,manual_review,"201 Meserole Street, Brooklyn, NY 11206",3030450026,,,"201 Meserole Street, Brooklyn, NY 11206",source_bbl_found_in_official_nyc_data|parcel_has_multiple_unresolved_hpd_buildings|primary_address_matches_2_hpd_buildings,336351|849136
stabili-329a9734-06ee-5d34-a9d1-8d929ea3f5c2,brooklyn-2024-p31-r24,ambiguous,manual_review,"207 Meserole Street, Brooklyn, NY 11206",3030450023,,,"207 Meserole Street, Brooklyn, NY 11206",source_bbl_found_in_official_nyc_data|parcel_has_multiple_unresolved_hpd_buildings|primary_address_matches_2_hpd_buildings,336357|849133
stabili-ae4f3a18-5913-5681-9a24-6adb90b22527,brooklyn-2024-p31-r26,ambiguous,manual_review,"210–212 Meserole Street, Brooklyn, NY 11206",3030540016,,,"210 Meserole Street, Brooklyn, NY 11206",source_bbl_found_in_official_nyc_data|parcel_has_multiple_unresolved_hpd_buildings|primary_address_matches_2_hpd_buildings,336361|808839
stabili-2a043e62-a681-5bd4-b1e5-135a33718ee0,brooklyn-2024-p31-r49,ambiguous,manual_review,"141 Montrose Avenue, Brooklyn, NY 11206",3030520028,,,"141 Montrose Avenue, Brooklyn, NY 11206",source_bbl_found_in_official_nyc_data|parcel_has_multiple_unresolved_hpd_buildings|primary_address_matches_2_hpd_buildings,340103|846894|956745
stabili-80e43c91-834a-53b7-a704-8ff4022b956c,brooklyn-2024-p31-r50,ambiguous,manual_review,"143 Montrose Avenue, Brooklyn, NY 11206",3030520027,,,"143 Montrose Avenue, Brooklyn, NY 11206",source_bbl_found_in_official_nyc_data|parcel_has_multiple_unresolved_hpd_buildings|primary_address_matches_2_hpd_buildings,340104|847001
stabili-69cda49b-ab23-532c-a79b-553be2d31be0,brooklyn-2024-p32-r1,ambiguous,manual_review,"201 Montrose Avenue, Brooklyn, NY 11206",3030540036,,,"201 Montrose Avenue, Brooklyn, NY 11206",source_bbl_found_in_official_nyc_data|parcel_has_multiple_unresolved_hpd_buildings|primary_address_matches_2_hpd_buildings,340127|897402
stabili-d76d39f0-9939-5550-b644-0115c07bc8ac,brooklyn-2024-p32-r8,ambiguous,manual_review,"233 Montrose Avenue, Brooklyn, NY 11206",3030550022,,,"233 Montrose Avenue, Brooklyn, NY 11206",source_bbl_found_in_official_nyc_data|parcel_has_multiple_unresolved_hpd_buildings|primary_address_matches_2_hpd_buildings,340153|842946
stabili-ca54db6a-1187-581a-b5ec-1fc61cdf948a,brooklyn-2024-p32-r9,ambiguous,manual_review,"235 Montrose Avenue, Brooklyn, NY 11206",3030550021,,,"235 Montrose Avenue, Brooklyn, NY 11206",source_bbl_found_in_official_nyc_data|parcel_has_multiple_unresolved_hpd_buildings|primary_address_matches_2_hpd_buildings,340154|842947
stabili-a212c49e-bb94-5281-8389-c466bc8ac1d6,brooklyn-2024-p32-r15,ambiguous,manual_review,"90 Moore Street, Brooklyn, NY 11206",3031060011,,,"90 Moore Street, Brooklyn, NY 11206",source_bbl_found_in_official_nyc_data|parcel_has_multiple_unresolved_hpd_buildings|primary_address_matches_2_hpd_buildings,340255|900357
stabili-66f2bf13-40f2-5fd0-98d4-24eba4b107b4,brooklyn-2024-p32-r21,ambiguous,manual_review,"802 Myrtle Avenue, Brooklyn, NY 11206",3017540033,,,"802 Myrtle Avenue, Brooklyn, NY 11206",source_bbl_found_in_official_nyc_data|parcel_has_multiple_unresolved_hpd_buildings|primary_address_matches_2_hpd_buildings,340995|966697
stabili-a04f5dba-4126-55e6-bbf9-5e54286cc005,brooklyn-2024-p32-r24,ambiguous,manual_review,"816 Myrtle Avenue, Brooklyn, NY 11206",3017540040,,,"816 Myrtle Avenue, Brooklyn, NY 11206",source_bbl_found_in_official_nyc_data|parcel_has_multiple_unresolved_hpd_buildings|primary_address_matches_2_hpd_buildings,341002|965993
stabili-d0b58c0c-cdc3-5f82-accd-a5c0078fcae5,brooklyn-2024-p32-r26,ambiguous,manual_review,"854 Myrtle Avenue, Brooklyn, NY 11206",3017550020,,,"854 Myrtle Avenue, Brooklyn, NY 11206",source_bbl_found_in_official_nyc_data|parcel_has_multiple_unresolved_hpd_buildings|primary_address_matches_2_hpd_buildings,341014|877800
stabili-ceee70ab-2e5d-5dbf-b015-05ffb0d7dd96,brooklyn-2024-p32-r47,ambiguous,manual_review,"652 Park Avenue, Brooklyn, NY 11206",3017390006,,,"519 Marcy Avenue, Brooklyn, NY 11206",source_bbl_found_in_official_nyc_data|parcel_has_multiple_unresolved_hpd_buildings|primary_address_matches_2_hpd_buildings,332581|849154|951133
stabili-2a2190fe-a38d-5e9b-831e-f7491d2a3f62,brooklyn-2024-p32-r55,ambiguous,manual_review,"57 Pulaski Street, Brooklyn, NY 11206",3017700066,,,"57 Pulaski Street, Brooklyn, NY 11206",source_bbl_found_in_official_nyc_data|parcel_has_multiple_unresolved_hpd_buildings|primary_address_matches_2_hpd_buildings,357603|889673
stabili-15b77020-c740-5394-b628-d980cf02baa4,brooklyn-2024-p33-r7,ambiguous,manual_review,"188 Pulaski Street, Brooklyn, NY 11206",3017760029,,,"188 Pulaski Street, Brooklyn, NY 11206",source_bbl_found_in_official_nyc_data|parcel_has_multiple_unresolved_hpd_buildings|primary_address_matches_2_hpd_buildings,357447|994022
stabili-49fa7e93-8e75-5065-a2d7-68d20a245ee9,brooklyn-2024-p33-r18,ambiguous,manual_review,"21 Scholes Street, Brooklyn, NY 11206",3030310042,,,"21 Scholes Street, Brooklyn, NY 11206",source_bbl_found_in_official_nyc_data|parcel_has_multiple_unresolved_hpd_buildings|primary_address_matches_2_hpd_buildings,368229|907121
stabili-4d76d862-8e3d-5688-854c-d08a4cdd34f6,brooklyn-2024-p33-r19,ambiguous,manual_review,"22 Scholes Street, Brooklyn, NY 11206",3030400015,,,"22 Scholes Street, Brooklyn, NY 11206",source_bbl_found_in_official_nyc_data|parcel_has_multiple_unresolved_hpd_buildings|primary_address_matches_2_hpd_buildings,368233|847674
stabili-eadcac98-867f-5734-bdac-39938cd605bf,brooklyn-2024-p33-r24,ambiguous,manual_review,"40 Scholes Street, Brooklyn, NY 11206",3030400024,,,"40 Scholes Street, Brooklyn, NY 11206",source_bbl_found_in_official_nyc_data|parcel_has_multiple_unresolved_hpd_buildings|primary_address_matches_2_hpd_buildings,368279|946628
stabili-8fc364d4-b153-5cfe-a966-fe46f2fa117c,brooklyn-2024-p33-r25,ambiguous,manual_review,"63F Scholes Street, Brooklyn, NY 11206",3030320032,,,"63 Scholes Street, Brooklyn, NY 11206",source_bbl_found_in_official_nyc_data|parcel_has_multiple_unresolved_hpd_buildings,368295|809373
stabili-5ccb311c-e24e-5ff9-9507-992397851bb2,brooklyn-2024-p33-r30,ambiguous,manual_review,"92 Scholes Street, Brooklyn, NY 11206",3030420005,,,"92 Scholes Street, Brooklyn, NY 11206",source_bbl_found_in_official_nyc_data|parcel_has_multiple_unresolved_hpd_buildings|primary_address_matches_2_hpd_buildings,368306|953691
stabili-fed03ed5-b5f5-5353-9730-096b48d2dd0a,brooklyn-2024-p33-r34,ambiguous,manual_review,"128 Scholes Street, Brooklyn, NY 11206",3030430010,,,"128 Scholes Street, Brooklyn, NY 11206",source_bbl_found_in_official_nyc_data|parcel_has_multiple_unresolved_hpd_buildings|primary_address_matches_2_hpd_buildings,368198|946032
stabili-5965843e-7f72-5ebd-9ef1-d904b5e83660,brooklyn-2024-p33-r36,ambiguous,manual_review,"132 Scholes Street, Brooklyn, NY 11206",3030430012,,,"132 Scholes Street, Brooklyn, NY 11206",source_bbl_found_in_official_nyc_data|parcel_has_multiple_unresolved_hpd_buildings|primary_address_matches_2_hpd_buildings,368201|938960
stabili-45b16842-53b9-5073-afad-64e9684b4d6a,brooklyn-2024-p33-r44,ambiguous,manual_review,"170 Scholes Street, Brooklyn, NY 11206",3030440010,,,"170 Scholes Street, Brooklyn, NY 11206",source_bbl_found_in_official_nyc_data|parcel_has_multiple_unresolved_hpd_buildings|primary_address_matches_2_hpd_buildings,368211|886012|886017|886024
stabili-eec8ef0d-c0bb-5e1d-8f4e-28d3b90743a1,brooklyn-2024-p33-r48,ambiguous,manual_review,"180 Scholes Street, Brooklyn, NY 11206",3030440016,,,"180 Scholes Street, Brooklyn, NY 11206",source_bbl_found_in_official_nyc_data|parcel_has_multiple_unresolved_hpd_buildings|primary_address_matches_2_hpd_buildings,368214|943007
stabili-3281c58a-e025-5389-b37e-7736dd06e7b6,brooklyn-2024-p33-r50,ambiguous,manual_review,"200R Scholes Street, Brooklyn, NY 11206",3030450008,,,"200 Scholes Street, Brooklyn, NY 11206",source_bbl_found_in_official_nyc_data|parcel_has_multiple_unresolved_hpd_buildings,368225|809365
stabili-7a636810-c78b-57ce-9e93-3965521e10a1,brooklyn-2024-p34-r8,ambiguous,manual_review,"18R Stagg Street, Brooklyn, NY 11206",3030310013,,,"18 Stagg Street, Brooklyn, NY 11206",source_bbl_found_in_official_nyc_data|parcel_has_multiple_unresolved_hpd_buildings,375409|809536|809537
stabili-6244f46b-5cf2-509f-a99b-2cc3a1c74d8b,brooklyn-2024-p34-r9,ambiguous,manual_review,"18F Stagg Street, Brooklyn, NY 11206",3030310013,,,"18 Stagg Street, Brooklyn, NY 11206",source_bbl_found_in_official_nyc_data|parcel_has_multiple_unresolved_hpd_buildings,375409|809536|809537
stabili-37f678a5-444b-584c-8b3f-51bcc51c737e,brooklyn-2024-p34-r10,ambiguous,manual_review,"20R Stagg Street, Brooklyn, NY 11206",3030310014,,,"20 Stagg Street, Brooklyn, NY 11206",source_bbl_found_in_official_nyc_data|parcel_has_multiple_unresolved_hpd_buildings,375410|809538|809539
stabili-dfc238b3-1eb7-5142-a750-152824924762,brooklyn-2024-p34-r11,ambiguous,manual_review,"20F Stagg Street, Brooklyn, NY 11206",3030310014,,,"20 Stagg Street, Brooklyn, NY 11206",source_bbl_found_in_official_nyc_data|parcel_has_multiple_unresolved_hpd_buildings,375410|809538|809539
stabili-5273e11f-7fa3-5df2-bbb3-b2cca2c7174e,brooklyn-2024-p34-r12,ambiguous,manual_review,"22R Stagg Street, Brooklyn, NY 11206",3030310015,,,"22 Stagg Street, Brooklyn, NY 11206",source_bbl_found_in_official_nyc_data|parcel_has_multiple_unresolved_hpd_buildings,375411|809540|809541
stabili-4bae2b6c-0e24-532e-ad0b-ddf95561403f,brooklyn-2024-p34-r13,ambiguous,manual_review,"22F Stagg Street, Brooklyn, NY 11206",3030310015,,,"22 Stagg Street, Brooklyn, NY 11206",source_bbl_found_in_official_nyc_data|parcel_has_multiple_unresolved_hpd_buildings,375411|809540|809541
stabili-e78c0f33-74d9-54ee-880e-36c4fbeb65b6,brooklyn-2024-p34-r33,ambiguous,manual_review,"37 Ten Eyck Street, Brooklyn, NY 11206",3027910035,,,"37 Ten Eyck Street, Brooklyn, NY 11206",source_bbl_found_in_official_nyc_data|parcel_has_multiple_unresolved_hpd_buildings|primary_address_matches_2_hpd_buildings,380907|955279
stabili-a65be44f-f778-575b-94ae-690cf1f42bff,brooklyn-2024-p34-r35,ambiguous,manual_review,"58 Ten Eyck Street, Brooklyn, NY 11206",3030230013,,,"58 Ten Eyck Street, Brooklyn, NY 11206",source_bbl_found_in_official_nyc_data|parcel_has_multiple_unresolved_hpd_buildings|primary_address_matches_2_hpd_buildings,380916|855631
stabili-d8785916-3cb7-5e89-bc68-c699a961bee8,brooklyn-2024-p34-r45,ambiguous,manual_review,"180 Throop Avenue, Brooklyn, NY 11206",3017320019,,,"182 Throop Avenue, Brooklyn, NY 11206",source_bbl_found_in_official_nyc_data|parcel_has_multiple_unresolved_hpd_buildings|primary_address_matches_2_hpd_buildings,381116|381119|808254|979661
stabili-1e078145-41f9-5692-854b-7474f1a9f85e,brooklyn-2024-p34-r49,ambiguous,manual_review,"249 Throop Avenue, Brooklyn, NY 11206",3017570002,,,"249 Throop Avenue, Brooklyn, NY 11206",source_bbl_found_in_official_nyc_data|parcel_has_multiple_unresolved_hpd_buildings|primary_address_matches_2_hpd_buildings,381131|939804
stabili-68e2bb0a-1f67-5a98-93a3-c47e85643e93,brooklyn-2024-p35-r11,ambiguous,manual_review,"33 Troutman Street, Brooklyn, NY 11206",3031710068,,,"33 Troutman Street, Brooklyn, NY 11206",source_bbl_found_in_official_nyc_data|parcel_has_multiple_unresolved_hpd_buildings|primary_address_matches_2_hpd_buildings,381917|991661
stabili-f62ebbd9-0259-5f7c-8e1a-4a5ee025d272,brooklyn-2024-p35-r14,ambiguous,manual_review,"44 Troutman Street, Brooklyn, NY 11206",3031830023,,,"44 Troutman Street, Brooklyn, NY 11206",source_bbl_found_in_official_nyc_data|parcel_has_multiple_unresolved_hpd_buildings|primary_address_matches_2_hpd_buildings,381956|891887
stabili-54cd6f59-19d2-517f-8d47-4e9b6dcb5ec4,brooklyn-2024-p35-r21,ambiguous,manual_review,"63 Troutman Street, Brooklyn, NY 11206",3031710052,,,"63 Troutman Street, Brooklyn, NY 11206",source_bbl_found_in_official_nyc_data|parcel_has_multiple_unresolved_hpd_buildings|primary_address_matches_2_hpd_buildings,381979|945588
stabili-ab97b8f2-12f2-5588-bf07-997506505fe2,brooklyn-2024-p35-r24,ambiguous,manual_review,"99 Troutman Street, Brooklyn, NY 11206",3031720053,,,"99 Troutman Street, Brooklyn, NY 11206",source_bbl_found_in_official_nyc_data|parcel_has_multiple_unresolved_hpd_buildings|primary_address_matches_2_hpd_buildings,381992|912409
stabili-83e5177b-453a-594d-91e4-8acdab2ef4a3,brooklyn-2024-p35-r26,ambiguous,manual_review,"101 Troutman Street, Brooklyn, NY 11206",3031720052,,,"101 Troutman Street, Brooklyn, NY 11206",source_bbl_found_in_official_nyc_data|parcel_has_multiple_unresolved_hpd_buildings|primary_address_matches_2_hpd_buildings,381798|912420
stabili-2a401361-bc6f-57e9-a338-e4127acd02be,brooklyn-2024-p35-r28,ambiguous,manual_review,"105 Troutman Street, Brooklyn, NY 11206",3031720050,,,"105 Troutman Street, Brooklyn, NY 11206",source_bbl_found_in_official_nyc_data|parcel_has_multiple_unresolved_hpd_buildings|primary_address_matches_3_hpd_buildings,381802|938941|940094
stabili-091d3c02-c2e7-5188-8077-8868fef1b84b,brooklyn-2024-p35-r30,ambiguous,manual_review,"111 Troutman Street, Brooklyn, NY 11206",3031720047,,,"111 Troutman Street, Brooklyn, NY 11206",source_bbl_found_in_official_nyc_data|parcel_has_multiple_unresolved_hpd_buildings|primary_address_matches_3_hpd_buildings,381811|988959|1007267
stabili-d737b0bd-8608-5915-805f-2910d60b0141,brooklyn-2024-p35-r33,ambiguous,manual_review,"123 Troutman Street, Brooklyn, NY 11206",3031720043,,,"123 Troutman Street, Brooklyn, NY 11206",source_bbl_found_in_official_nyc_data|parcel_has_multiple_unresolved_hpd_buildings|primary_address_matches_2_hpd_buildings,381816|809700|1010160
stabili-7ef4d3c2-db41-5a24-b09d-2e11c0dfbbf7,brooklyn-2024-p35-r35,ambiguous,manual_review,"129 Troutman Street, Brooklyn, NY 11206",3031720040,,,"129 Troutman Street, Brooklyn, NY 11206",source_bbl_found_in_official_nyc_data|parcel_has_multiple_unresolved_hpd_buildings|primary_address_matches_2_hpd_buildings,381820|978104
stabili-66b1b6b0-cd36-52c3-a393-b79885d9d703,brooklyn-2024-p35-r38,ambiguous,manual_review,"171F Troutman Street, Brooklyn, NY 11206",3031730051,,,"171 Troutman Street, Brooklyn, NY 11206",source_bbl_found_in_official_nyc_data|parcel_has_multiple_unresolved_hpd_buildings,381830|809702
stabili-357a1017-fcbe-5d1f-a51f-9a2df6dade9b,brooklyn-2024-p36-r40,ambiguous,manual_review,"663 Willoughby Avenue, Brooklyn, NY 11206",3017610070,,,"663 Willoughby Avenue, Brooklyn, NY 11206",source_bbl_found_in_official_nyc_data|parcel_has_multiple_unresolved_hpd_buildings|primary_address_matches_2_hpd_buildings,396441|928020
stabili-b8656016-32bf-5642-aef7-d74e8ef3d77e,brooklyn-2024-p37-r5,ambiguous,manual_review,"156 Ashford Street, Brooklyn, NY 11207",3039520027,,,"156 Ashford Street, Brooklyn, NY 11207",source_bbl_found_in_official_nyc_data|parcel_has_multiple_unresolved_hpd_buildings|primary_address_matches_2_hpd_buildings,184864|945853
stabili-637636a7-0b17-5653-9122-d1bc81f44ae9,brooklyn-2024-p37-r12,ambiguous,manual_review,"2767 Atlantic Avenue, Brooklyn, NY 11207",3039460045,,,"2767 Atlantic Ave, Brooklyn, NY 11207",source_bbl_found_in_official_nyc_data|parcel_has_multiple_unresolved_hpd_buildings|primary_address_matches_2_hpd_buildings,898323|1011166
stabili-2085a4b9-0639-56ff-a566-06be1356c607,brooklyn-2024-p37-r13,ambiguous,manual_review,"2777 Atlantic Avenue, Brooklyn, NY 11207",3039460042,,,"2777 Atlantic Avenue, Brooklyn, NY 11207",source_bbl_found_in_official_nyc_data|parcel_has_multiple_unresolved_hpd_buildings|primary_address_matches_2_hpd_buildings,186124|1013699
stabili-9aa12e10-bb97-5ec5-8528-d638b9a6f3ed,brooklyn-2024-p38-r10,ambiguous,manual_review,"1464 Bushwick Avenue, Brooklyn, NY 11207",3034560031,,,"1464 Bushwick Avenue, Brooklyn, NY 11207",source_bbl_found_in_official_nyc_data|parcel_has_multiple_unresolved_hpd_buildings|primary_address_matches_2_hpd_buildings,215886|899982
stabili-5cd9358c-a33b-545b-8699-f557195738d9,brooklyn-2024-p38-r13,ambiguous,manual_review,"1469 Bushwick Avenue, Brooklyn, NY 11207",3034570006,,,"1469 Bushwick Avenue, Brooklyn, NY 11207",source_bbl_found_in_official_nyc_data|parcel_has_multiple_unresolved_hpd_buildings|primary_address_matches_2_hpd_buildings,215890|944239
stabili-11ed5276-7906-5148-9d89-40395375fd9c,brooklyn-2024-p39-r1,ambiguous,manual_review,"1–11 De Sales Place, Brooklyn, NY 11207",3034680050,,,"11 De Sales Place, Brooklyn, NY 11207",source_bbl_found_in_official_nyc_data|parcel_has_multiple_unresolved_hpd_buildings,975118|1007752
stabili-37d34661-88b4-5265-a813-8a593123c311,brooklyn-2024-p39-r14,ambiguous,manual_review,"1200 Decatur Street, Brooklyn, NY 11207",3034350013,,,"1200 Decatur Street, Brooklyn, NY 11207",source_bbl_found_in_official_nyc_data|parcel_has_multiple_unresolved_hpd_buildings|primary_address_matches_2_hpd_buildings,231679|1004660
stabili-2a4f40cb-3b8b-5d13-99b7-4ee5bb192e7f,brooklyn-2024-p39-r15,ambiguous,manual_review,"1202 Decatur Street, Brooklyn, NY 11207",3034350015,,,"1202 Decatur Street, Brooklyn, NY 11207",source_bbl_found_in_official_nyc_data|parcel_has_multiple_unresolved_hpd_buildings|primary_address_matches_2_hpd_buildings,231680|1004684
stabili-ba14932a-ddae-5fe9-8731-c8d1967a4e73,brooklyn-2024-p39-r23,ambiguous,manual_review,"1278 Decatur Street, Brooklyn, NY 11207",3034360019,,,"1278 Decatur Street, Brooklyn, NY 11207",source_bbl_found_in_official_nyc_data|parcel_has_multiple_unresolved_hpd_buildings|primary_address_matches_2_hpd_buildings,231729|948803
stabili-4df2cadb-5416-5566-885e-271067c4ed98,brooklyn-2024-p39-r54,ambiguous,manual_review,"125 Eldert Street, Brooklyn, NY 11207",3034100062,,,"125 Eldert Street, Brooklyn, NY 11207",source_bbl_found_in_official_nyc_data|parcel_has_multiple_unresolved_hpd_buildings|primary_address_matches_2_hpd_buildings,288441|854745
stabili-f4448357-e9ca-5d81-bd94-f7d3f7c65fda,brooklyn-2024-p40-r9,ambiguous,manual_review,"122-05–122-07 Flatlands Avenue, Brooklyn, NY 11207",3044157501,,,"190 Cozine Avenue, Brooklyn, NY 11207",source_bbl_found_in_official_nyc_data|parcel_has_multiple_unresolved_hpd_buildings,227377|227378|293097|385200|386591|808024
stabili-c1fa87bd-a8bc-5bc7-b3b9-337be3d1bf02,brooklyn-2024-p40-r10,ambiguous,manual_review,"123-99–124-01 Flatlands Avenue, Brooklyn, NY 11207",3044237501,,,"971 Jerome Street, Brooklyn, NY 11207",source_bbl_found_in_official_nyc_data|parcel_has_multiple_unresolved_hpd_buildings,227387|227388|227389|227390|227391|289027|289029|289030|289032|293100|293101|293102|293103|293104|293105|293106|293107|293108|318249|808292
stabili-0cbb8a3b-9586-55e8-a9f8-3d7b778a360c,brooklyn-2024-p40-r11,ambiguous,manual_review,"2715 Fulton Street, Brooklyn, NY 11207",3036620048,,,"2715 Fulton Street, Brooklyn, NY 11207",source_bbl_found_in_official_nyc_data|parcel_has_multiple_unresolved_hpd_buildings|primary_address_matches_2_hpd_buildings,297880|1002332
stabili-19e76c35-b535-55c9-9624-e5a8a091ec07,brooklyn-2024-p40-r12,ambiguous,manual_review,"2730 Fulton Street, Brooklyn, NY 11207",3036730018,,,"2730 Fulton Street, Brooklyn, NY 11207",source_bbl_found_in_official_nyc_data|parcel_has_multiple_unresolved_hpd_buildings|primary_address_matches_2_hpd_buildings,297891|892378
stabili-82f36147-866e-579e-a3f3-270867be2885,brooklyn-2024-p40-r13,ambiguous,manual_review,"2732 Fulton Street, Brooklyn, NY 11207",3036730019,,,"2732 Fulton Street, Brooklyn, NY 11207",source_bbl_found_in_official_nyc_data|parcel_has_multiple_unresolved_hpd_buildings|primary_address_matches_2_hpd_buildings,297892|886807
stabili-5c6184de-644e-54f1-975a-d66aadcf65b8,brooklyn-2024-p40-r14,ambiguous,manual_review,"2741 Fulton Street, Brooklyn, NY 11207",3036640052,,,"2741 Fulton Street, Brooklyn, NY 11207",source_bbl_found_in_official_nyc_data|parcel_has_multiple_unresolved_hpd_buildings|primary_address_matches_2_hpd_buildings,297897|998938
stabili-ec379ac9-8d4c-58bd-a801-102f57a1615e,brooklyn-2024-p40-r15,ambiguous,manual_review,"2746 Fulton Street, Brooklyn, NY 11207",3036740016,,,"2746 Fulton Street, Brooklyn, NY 11207",source_bbl_found_in_official_nyc_data|parcel_has_multiple_unresolved_hpd_buildings|primary_address_matches_2_hpd_buildings,297899|994466
stabili-f259e2d2-eece-55dd-8465-7effeaae7227,brooklyn-2024-p41-r20,ambiguous,manual_review,"315 Jerome Street, Brooklyn, NY 11207",3039980006,,,"315 Jerome Street, Brooklyn, NY 11207",source_bbl_found_in_official_nyc_data|parcel_has_multiple_unresolved_hpd_buildings|primary_address_matches_2_hpd_buildings,317970|836904|927243|939774|939775
stabili-36e291ad-557e-5082-afe8-8a7dc6432f7f,brooklyn-2024-p41-r22,ambiguous,manual_review,"319 Jerome Street, Brooklyn, NY 11207",3039980006,,,"315 Jerome Street, Brooklyn, NY 11207",source_bbl_found_in_official_nyc_data|parcel_has_multiple_unresolved_hpd_buildings|primary_address_matches_2_hpd_buildings,317970|836904|927243|939774|939775
stabili-6d1e7302-a0e1-55d9-a94a-4b158bdc7fd1,brooklyn-2024-p41-r45,ambiguous,manual_review,"449 Liberty Avenue, Brooklyn, NY 11207",3036900027,,,"449 Liberty Avenue, Brooklyn, NY 11207",source_bbl_found_in_official_nyc_data|parcel_has_multiple_unresolved_hpd_buildings|primary_address_matches_2_hpd_buildings,325581|1007115
stabili-b00f6068-142f-57eb-b402-9467926f1c1e,brooklyn-2024-p41-r48,ambiguous,manual_review,"669–671 Liberty Avenue, Brooklyn, NY 11207",3039680037,,,"671 Liberty Avenue, Brooklyn, NY 11207",source_bbl_found_in_official_nyc_data|parcel_has_multiple_unresolved_hpd_buildings|primary_address_matches_2_hpd_buildings,325675|979030
stabili-d2a08e2c-2de8-562d-a26b-a77e95f0261c,brooklyn-2024-p41-r54,ambiguous,manual_review,"684 Livonia Avenue, Brooklyn, NY 11207",3038250021,,,"674 Livonia Avenue, Brooklyn, NY 11207",source_bbl_found_in_official_nyc_data|parcel_has_multiple_unresolved_hpd_buildings|primary_address_matches_2_hpd_buildings,328229|968786
stabili-18d70a68-7fce-50a3-8ee9-d18e7b61ad07,brooklyn-2024-p41-r56,ambiguous,manual_review,"780 Livonia Avenue, Brooklyn, NY 11207",3040880020,,,"780 Livonia Avenue, Brooklyn, NY 11207",source_bbl_found_in_official_nyc_data|parcel_has_multiple_unresolved_hpd_buildings|primary_address_matches_2_hpd_buildings,328240|968212
stabili-9cb6b483-29b9-53ea-ae4f-d91b4d328489,brooklyn-2024-p43-r12,ambiguous,manual_review,"310–312 New Lots Avenue, Brooklyn, NY 11207",3042960009,,,"316 New Lots Avenue, Brooklyn, NY 11207",source_bbl_found_in_official_nyc_data|parcel_has_multiple_unresolved_hpd_buildings|primary_address_matches_2_hpd_buildings,342744|342745|940971|1018244
stabili-f03e0587-04e0-5887-8b06-1f77bcc8a686,brooklyn-2024-p43-r38,ambiguous,manual_review,"411 Pennsylvania Avenue, Brooklyn, NY 11207",3037890016,,,"411 Pennsylvania Avenue, Brooklyn, NY 11207",source_bbl_found_in_official_nyc_data|parcel_has_multiple_unresolved_hpd_buildings|primary_address_matches_2_hpd_buildings,353099|954100
stabili-ea3d90f0-4447-542b-b145-e4833de6923e,brooklyn-2024-p43-r48,ambiguous,manual_review,"2222 Pitkin Avenue, Brooklyn, NY 11207",3040090027,,,"2222 Pitkin Avenue, Brooklyn, NY 11207",source_bbl_found_in_official_nyc_data|parcel_has_multiple_unresolved_hpd_buildings|primary_address_matches_2_hpd_buildings,354140|846310
stabili-10fb8aff-50f7-58cd-82ce-f6e6487ea756,brooklyn-2024-p43-r51,ambiguous,manual_review,"2324 Pitkin Avenue, Brooklyn, NY 11207",3040140012,,,"2326 Pitkin Avenue, Brooklyn, NY 11207",source_bbl_found_in_official_nyc_data|parcel_has_multiple_unresolved_hpd_buildings|primary_address_matches_2_hpd_buildings,354179|883794
stabili-3c7860b5-152a-580a-afb3-a8f4a5f61031,brooklyn-2024-p44-r4,ambiguous,manual_review,"510 Riverdale Avenue, Brooklyn, NY 11207",3038360025,,,"506 Riverdale Avenue, Brooklyn, NY 11207",source_bbl_found_in_official_nyc_data|parcel_has_multiple_unresolved_hpd_buildings,395846|809877
stabili-4cbd61f6-4bb0-54ac-bc2f-40637e011578,brooklyn-2024-p44-r6,ambiguous,manual_review,"522 Riverdale Avenue, Brooklyn, NY 11207",3038360026,,,"520 Riverdale Avenue, Brooklyn, NY 11207",source_bbl_found_in_official_nyc_data|parcel_has_multiple_unresolved_hpd_buildings|primary_address_matches_2_hpd_buildings,362337|809286
stabili-e46e88c6-a7ae-542e-a2b3-f9d27297c56e,brooklyn-2024-p44-r20,ambiguous,manual_review,"61 Schaefer Street, Brooklyn, NY 11207",3034210059,,,"61 Schaefer Street, Brooklyn, NY 11207",source_bbl_found_in_official_nyc_data|parcel_has_multiple_unresolved_hpd_buildings|primary_address_matches_2_hpd_buildings,366877|996041
stabili-bfa69824-eb4f-5960-b699-41baed83fd78,brooklyn-2024-p44-r38,ambiguous,manual_review,"305 Sheffield Avenue, Brooklyn, NY 11207",3037540008,,,"305 Sheffield Avenue, Brooklyn, NY 11207",source_bbl_found_in_official_nyc_data|parcel_has_multiple_unresolved_hpd_buildings|primary_address_matches_2_hpd_buildings,369217|886825
stabili-ef7af97d-5f48-57f9-b77f-be9256b62982,brooklyn-2024-p44-r47,ambiguous,manual_review,"647 Sheffield Avenue, Brooklyn, NY 11207",3042980076,,,"647 Sheffield Avenue, Brooklyn, NY 11207",source_bbl_found_in_official_nyc_data|parcel_has_multiple_unresolved_hpd_buildings|primary_address_matches_2_hpd_buildings,369304|995824
stabili-dfb440ad-b659-57f5-ba39-94c344c7dfcd,brooklyn-2024-p45-r2,ambiguous,manual_review,"726 Snediker Avenue, Brooklyn, NY 11207",3038730039,,,"726 Snediker Avenue, Brooklyn, NY 11207",source_bbl_found_in_official_nyc_data|parcel_has_multiple_unresolved_hpd_buildings|primary_address_matches_2_hpd_buildings,371291|899593
stabili-537a8eda-433f-58a7-a534-4fd6ea392345,brooklyn-2024-p45-r15,ambiguous,manual_review,"107 Van Siclen Avenue, Brooklyn, NY 11207",3039470017,,,"107 Van Siclen Avenue, Brooklyn, NY 11207",source_bbl_found_in_official_nyc_data|parcel_has_multiple_unresolved_hpd_buildings|primary_address_matches_2_hpd_buildings,385203|910638
stabili-b6149253-1b16-59c0-afaa-b4951107857c,brooklyn-2024-p45-r22,ambiguous,manual_review,"371 Van Siclen Avenue, Brooklyn, NY 11207",3040260002,,,"371 Van Siclen Avenue, Brooklyn, NY 11207",source_bbl_found_in_official_nyc_data|parcel_has_multiple_unresolved_hpd_buildings|primary_address_matches_2_hpd_buildings,385315|809651|927206
stabili-94b02f8e-c632-5cca-816a-498dc148d576,brooklyn-2024-p46-r22,ambiguous,manual_review,"535 Williams Avenue, Brooklyn, NY 11207",3038360025,,,"506 Riverdale Avenue, Brooklyn, NY 11207",source_bbl_found_in_official_nyc_data|parcel_has_multiple_unresolved_hpd_buildings,395846|809877
stabili-5c053797-b990-54a3-8640-c5b0fa2e9ea4,brooklyn-2024-p48-r13,ambiguous,manual_review,"346 Autumn Avenue, Brooklyn, NY 11208",3041670035,,,"346 Autumn Avenue, Brooklyn, NY 11208",source_bbl_found_in_official_nyc_data|parcel_has_multiple_unresolved_hpd_buildings|primary_address_matches_2_hpd_buildings,186788|904511
stabili-4b00d7ef-3a45-5c33-ab71-788d301302e0,brooklyn-2024-p49-r27,ambiguous,manual_review,"516 Crescent Street, Brooklyn, NY 11208",3042340023,,,"516 Crescent Street, Brooklyn, NY 11208",source_bbl_found_in_official_nyc_data|parcel_has_multiple_unresolved_hpd_buildings|primary_address_matches_2_hpd_buildings,227756|927808
stabili-26f68836-ac8a-575c-84d1-f15a70211ebc,brooklyn-2024-p50-r10,ambiguous,manual_review,"1010–1040 Elton Street, Brooklyn, NY 11208",3044237501,,,"971 Jerome Street, Brooklyn, NY 11207",source_bbl_found_in_official_nyc_data|parcel_has_multiple_unresolved_hpd_buildings|primary_address_matches_4_hpd_buildings,227387|227388|227389|227390|227391|289027|289029|289030|289032|293100|293101|293102|293103|293104|293105|293106|293107|293108|318249|808292
stabili-f12106b1-3b0d-56f4-b75a-de043147a04d,brooklyn-2024-p50-r12,ambiguous,manual_review,"1062 Elton Street, Brooklyn, NY 11208",3044477501,,,"1062 Elton Street, Brooklyn, NY 11208",source_bbl_found_in_official_nyc_data|parcel_has_multiple_unresolved_hpd_buildings,956539|998105
stabili-a578e2db-849a-5a7f-8de8-7f185df7b59a,brooklyn-2024-p50-r36,ambiguous,manual_review,"444 Euclid Avenue, Brooklyn, NY 11208",3042130016,,,"1024 Glenmore Avenue, Brooklyn, NY 11208",source_bbl_found_in_official_nyc_data|parcel_has_multiple_unresolved_hpd_buildings,300660|810098|810099|810101|810102|810103|810104
stabili-3f091537-11d7-5201-a8a5-6510f621a1d2,brooklyn-2024-p50-r42,ambiguous,manual_review,"124-21–124-23 Flatlands Avenue, Brooklyn, NY 11208",3044237501,,,"971 Jerome Street, Brooklyn, NY 11207",source_bbl_found_in_official_nyc_data|parcel_has_multiple_unresolved_hpd_buildings,227387|227388|227389|227390|227391|289027|289029|289030|289032|293100|293101|293102|293103|293104|293105|293106|293107|293108|318249|808292
stabili-46dd400a-da24-5850-8f78-7ee1aceb50b6,brooklyn-2024-p50-r43,ambiguous,manual_review,"124-25 Flatlands Avenue, Brooklyn, NY 11208",3044237501,,,"971 Jerome Street, Brooklyn, NY 11207",source_bbl_found_in_official_nyc_data|parcel_has_multiple_unresolved_hpd_buildings,227387|227388|227389|227390|227391|289027|289029|289030|289032|293100|293101|293102|293103|293104|293105|293106|293107|293108|318249|808292
stabili-e846b498-ce79-51d9-873f-48f03e72ba79,brooklyn-2024-p50-r44,ambiguous,manual_review,"124-29 Flatlands Avenue, Brooklyn, NY 11208",3044237501,,,"971 Jerome Street, Brooklyn, NY 11207",source_bbl_found_in_official_nyc_data|parcel_has_multiple_unresolved_hpd_buildings,227387|227388|227389|227390|227391|289027|289029|289030|289032|293100|293101|293102|293103|293104|293105|293106|293107|293108|318249|808292
stabili-484e3b4b-58c8-5db6-b326-4cc3fafff814,brooklyn-2024-p50-r45,ambiguous,manual_review,"124-31 Flatlands Avenue, Brooklyn, NY 11208",3044237501,,,"971 Jerome Street, Brooklyn, NY 11207",source_bbl_found_in_official_nyc_data|parcel_has_multiple_unresolved_hpd_buildings,227387|227388|227389|227390|227391|289027|289029|289030|289032|293100|293101|293102|293103|293104|293105|293106|293107|293108|318249|808292
stabili-dbefaac4-aa37-51df-ba67-4dabd76482b1,brooklyn-2024-p50-r46,ambiguous,manual_review,"124-35 Flatlands Avenue, Brooklyn, NY 11208",3044237501,,,"971 Jerome Street, Brooklyn, NY 11207",source_bbl_found_in_official_nyc_data|parcel_has_multiple_unresolved_hpd_buildings,227387|227388|227389|227390|227391|289027|289029|289030|289032|293100|293101|293102|293103|293104|293105|293106|293107|293108|318249|808292
stabili-dc5bb02c-1f9a-5c35-9d99-2f245de84b11,brooklyn-2024-p51-r11,ambiguous,manual_review,"970 Glenmore Avenue, Brooklyn, NY 11208",3042110019,,,"970 Glenmore Avenue, Brooklyn, NY 11208",source_bbl_found_in_official_nyc_data|parcel_has_multiple_unresolved_hpd_buildings|primary_address_matches_2_hpd_buildings,301073|932067
stabili-f43ada09-6cd6-5e0b-9c1a-70510490e16d,brooklyn-2024-p51-r40,ambiguous,manual_review,"17–19 Hill Street, Brooklyn, NY 11208",3041650050,,,"17 Hill Street, Brooklyn, NY 11208",source_bbl_found_in_official_nyc_data|parcel_has_multiple_unresolved_hpd_buildings|primary_address_matches_2_hpd_buildings,312759|808530
stabili-fd8f1c46-0a1d-5c89-86a4-81a064a07296,brooklyn-2024-p51-r49,ambiguous,manual_review,"720 Liberty Avenue, Brooklyn, NY 11208",3039870010,,,"720 Liberty Avenue, Brooklyn, NY 11208",source_bbl_found_in_official_nyc_data|parcel_has_multiple_unresolved_hpd_buildings|primary_address_matches_2_hpd_buildings,325689|1007673
stabili-0ec76f77-c375-5f0c-8d35-847e9f3e58d8,brooklyn-2024-p51-r51,ambiguous,manual_review,"729 Liberty Avenue, Brooklyn, NY 11208",3039710051,,,"729 Liberty Avenue, Brooklyn, NY 11208",source_bbl_found_in_official_nyc_data|parcel_has_multiple_unresolved_hpd_buildings|primary_address_matches_2_hpd_buildings,325696|1002510
stabili-a3f86b00-19af-51f4-aa41-a5d20fc366ae,brooklyn-2024-p51-r52,ambiguous,manual_review,"731 Liberty Avenue, Brooklyn, NY 11208",3039710050,,,"731 Liberty Avenue, Brooklyn, NY 11208",source_bbl_found_in_official_nyc_data|parcel_has_multiple_unresolved_hpd_buildings|primary_address_matches_2_hpd_buildings,325697|1009903|1016466
stabili-3d03a585-40f3-5a59-9d70-22e4d5e44a9d,brooklyn-2024-p51-r53,ambiguous,manual_review,"735 Liberty Avenue, Brooklyn, NY 11208",3039710049,,,"735 Liberty Avenue, Brooklyn, NY 11208",source_bbl_found_in_official_nyc_data|parcel_has_multiple_unresolved_hpd_buildings|primary_address_matches_2_hpd_buildings,325698|989464
stabili-10b01975-badd-5c55-bade-cc7155fdb16c,brooklyn-2024-p51-r54,ambiguous,manual_review,"737–739 Liberty Avenue, Brooklyn, NY 11208",3039710047,,,"737 Liberty Avenue, Brooklyn, NY 11208",source_bbl_found_in_official_nyc_data|parcel_has_multiple_unresolved_hpd_buildings|primary_address_matches_2_hpd_buildings,325699|906299
stabili-9f5f2bb1-6b18-5a92-8e97-848fc0204d89,brooklyn-2024-p52-r43,ambiguous,manual_review,"1426C Loring Avenue, Brooklyn, NY 11208",3045170003,,,"646 Emerald Street, Brooklyn, NY 11208",source_bbl_found_in_official_nyc_data|parcel_has_multiple_unresolved_hpd_buildings,997079|1002090
stabili-814e680c-2695-55b9-b048-6ea6b9b8f7f6,brooklyn-2024-p52-r44,ambiguous,manual_review,"1426B Loring Avenue, Brooklyn, NY 11208",3045170001,,,"1426 Loring Avenue, Brooklyn, NY 11208",source_bbl_found_in_official_nyc_data|parcel_has_multiple_unresolved_hpd_buildings|primary_address_matches_2_hpd_buildings,817281|817282|817283|817284
stabili-eb688fd2-bafa-5cad-b036-afcc58ed01da,brooklyn-2024-p52-r50,ambiguous,manual_review,"82 Milford Street, Brooklyn, NY 11208",3039760065,,,"82 Milford Street, Brooklyn, NY 11208",source_bbl_found_in_official_nyc_data|parcel_has_multiple_unresolved_hpd_buildings|primary_address_matches_2_hpd_buildings,337527|1004945
stabili-e89f1d06-ceb9-5be6-b874-b1ddf2354135,brooklyn-2024-p52-r56,ambiguous,manual_review,"277 Milford Street, Brooklyn, NY 11208",3042450005,,,"275 Milford Street, Brooklyn, NY 11208",source_bbl_found_in_official_nyc_data|parcel_has_multiple_unresolved_hpd_buildings|primary_address_matches_2_hpd_buildings,337379|994986
stabili-6dcce856-9a31-5462-ba10-717e1207b446,brooklyn-2024-p53-r43,ambiguous,manual_review,"2437 Pitkin Avenue, Brooklyn, NY 11208",3040030035,,,"2433 Pitkin Avenue, Brooklyn, NY 11208",source_bbl_found_in_official_nyc_data|parcel_has_multiple_unresolved_hpd_buildings|primary_address_matches_2_hpd_buildings,354242|995923
stabili-e4642aaa-cec2-577f-8fcd-e281740e4af4,brooklyn-2024-p53-r44,ambiguous,manual_review,"2445 Pitkin Avenue, Brooklyn, NY 11208",3040030028,,,"2451 Pitkin Avenue, Brooklyn, NY 11208",source_bbl_found_in_official_nyc_data|parcel_has_multiple_unresolved_hpd_buildings,354251|940975
stabili-576168a0-dfd8-5705-bee7-053042d4cddb,brooklyn-2024-p54-r11,ambiguous,manual_review,"387 Shepherd Avenue, Brooklyn, NY 11208",3040050007,,,"387 Shepherd Avenue, Brooklyn, NY 11208",source_bbl_found_in_official_nyc_data|parcel_has_multiple_unresolved_hpd_buildings|primary_address_matches_2_hpd_buildings,844027|865277
stabili-5d0f01c7-be5d-5365-857d-9a86cf8163b8,brooklyn-2024-p56-r29,ambiguous,manual_review,"470–474 74th Street, Brooklyn, NY 11209",3059300031,,,"470 74 Street, Brooklyn, NY 11209",source_bbl_found_in_official_nyc_data|parcel_has_multiple_unresolved_hpd_buildings|primary_address_matches_2_hpd_buildings,171020|810061
stabili-a736108f-5784-5b60-b5ff-5ffdc052928b,brooklyn-2024-p56-r30,ambiguous,manual_review,"474 74th Street, Brooklyn, NY 11209",3059300031,,,"470 74 Street, Brooklyn, NY 11209",source_bbl_found_in_official_nyc_data|parcel_has_multiple_unresolved_hpd_buildings|primary_address_matches_2_hpd_buildings,171020|810061
stabili-07aee685-1386-5ccf-b4c8-41bedb253f84,brooklyn-2024-p56-r35,ambiguous,manual_review,"252 75th Street, Brooklyn, NY 11209",3059390020,,,"238 Bay Ridge Parkway, Brooklyn, NY 11209",source_bbl_found_in_official_nyc_data|parcel_has_multiple_unresolved_hpd_buildings,171738|807491|807492|807493|807494
stabili-b9afe869-f3be-5de6-85ba-86d4d4e93120,brooklyn-2024-p59-r25,ambiguous,manual_review,"373–385 86th Street, Brooklyn, NY 11209",3060340049,,,"375 86 Street, Brooklyn, NY 11209",source_bbl_found_in_official_nyc_data|parcel_has_multiple_unresolved_hpd_buildings|primary_address_matches_2_hpd_buildings,180698|807510
stabili-57d899a1-a030-55e7-a0b8-5b97f76c91ba,brooklyn-2024-p59-r38,ambiguous,manual_review,"380 88th Street, Brooklyn, NY 11209",3060620034,,,"8802 4 Avenue, Brooklyn, NY 11209",source_bbl_found_in_official_nyc_data|parcel_has_multiple_unresolved_hpd_buildings,129701|970408
stabili-7ffc0a3f-654f-577e-97ac-0b4447290739,brooklyn-2024-p60-r20,ambiguous,manual_review,"359 91st Street, Brooklyn, NY 11209",3060810079,,,"359 91 Street, Brooklyn, NY 11209",source_bbl_found_in_official_nyc_data|parcel_has_multiple_unresolved_hpd_buildings|primary_address_matches_2_hpd_buildings,938019|938026
stabili-57f694ff-e8f1-592d-ac9c-91e91ca3f484,brooklyn-2024-p60-r38,ambiguous,manual_review,"378 92nd Street, Brooklyn, NY 11209",3061030029,,,"378 92 Street, Brooklyn, NY 11209",source_bbl_found_in_official_nyc_data|parcel_has_multiple_unresolved_hpd_buildings|primary_address_matches_2_hpd_buildings,181705|848957
stabili-93d80b8c-04d3-52d2-8c23-c68e3267713d,brooklyn-2024-p61-r48,ambiguous,manual_review,"8214–8224 Fort Hamilton Parkway, Brooklyn, NY 11209",3060100001,,,"8220 Ft Hamilton Parkway, Brooklyn, NY 11209",source_bbl_found_in_official_nyc_data|parcel_has_multiple_unresolved_hpd_buildings,296968|1018706
stabili-8a08641a-15f4-580e-9500-3bda554ca2cb,brooklyn-2024-p61-r56,ambiguous,manual_review,"8831 Fort Hamilton Parkway, Brooklyn, NY 11209",3060690004,,,"8831 Ft Hamilton Parkway, Brooklyn, NY 11209",source_bbl_found_in_official_nyc_data|parcel_has_multiple_unresolved_hpd_buildings,297016|808407
stabili-2189a1e4-8974-5de8-8000-312ad1c5e6f5,brooklyn-2024-p62-r7,ambiguous,manual_review,"9330 Fort Hamilton Parkway, Brooklyn, NY 11209",3061100052,,,"9330 Ft Hamilton Parkway, Brooklyn, NY 11209",source_bbl_found_in_official_nyc_data|parcel_has_multiple_unresolved_hpd_buildings,297078|1004972
stabili-620aa406-9341-55bf-ac0c-0bc80c2cb91f,brooklyn-2024-p62-r13,ambiguous,manual_review,"124–128 Gatling Place, Brooklyn, NY 11209",3060900039,,,"126 Gatling Place, Brooklyn, NY 11209",source_bbl_found_in_official_nyc_data|parcel_has_multiple_unresolved_hpd_buildings|primary_address_matches_2_hpd_buildings,299643|932144
stabili-c1531588-50a9-52e4-8966-0860175b1b6c,brooklyn-2024-p63-r29,ambiguous,manual_review,"7200–7224 Ridge Boulevard, Brooklyn, NY 11209",3059060018,,,"190 72 Street, Brooklyn, NY 11209",source_bbl_found_in_official_nyc_data|parcel_has_multiple_unresolved_hpd_buildings,809275|874272|874571|874572|874573|874574
stabili-6efbb3b9-5461-50e5-8771-c71aa31b7205,brooklyn-2024-p63-r51,ambiguous,manual_review,"7259–7261 Shore Road, Brooklyn, NY 11209",3059040002,,,"7259 Shore Road, Brooklyn, NY 11209",source_bbl_found_in_official_nyc_data|parcel_has_multiple_unresolved_hpd_buildings|primary_address_matches_2_hpd_buildings,370430|809422
stabili-729d6218-f902-56dc-a625-2376e4a57c78,brooklyn-2024-p65-r12,ambiguous,manual_review,"1611–1617 Brooklyn Avenue, Brooklyn, NY 11210",3075640031,,,"1617 Brooklyn Avenue, Brooklyn, NY 11210",source_bbl_found_in_official_nyc_data|parcel_has_multiple_unresolved_hpd_buildings|primary_address_matches_2_hpd_buildings,214624|997261
stabili-3c2da7b7-3de2-5b4f-b1d5-48ce4c210e7f,brooklyn-2024-p65-r18,ambiguous,manual_review,"1755 Brooklyn Avenue, Brooklyn, NY 11210",3075820013,,,"1755 Brooklyn Avenue, Brooklyn, NY 11210",source_bbl_found_in_official_nyc_data|parcel_has_multiple_unresolved_hpd_buildings|primary_address_matches_2_hpd_buildings,214692|1008010
stabili-c66861a1-9682-5496-af6a-1512ebb488a8,brooklyn-2024-p65-r45,ambiguous,manual_review,"641 East 28th Street, Brooklyn, NY 11210",3052510014,,,"641 East 28Th Street, Brooklyn, NY 11210",source_bbl_found_in_official_nyc_data|parcel_has_multiple_unresolved_hpd_buildings|primary_address_matches_2_hpd_buildings,255128|1002723
stabili-b9f1770e-5541-5d47-8b91-8c4e353b2c74,brooklyn-2024-p66-r8,ambiguous,manual_review,"730 East 32nd Street, Brooklyn, NY 11210",3075590057,,,"730 East 32 Street, Brooklyn, NY 11210",source_bbl_found_in_official_nyc_data|parcel_has_multiple_unresolved_hpd_buildings|primary_address_matches_2_hpd_buildings,257756|996951
stabili-6ef0b715-b429-598f-a6e2-8c7ac014300b,brooklyn-2024-p66-r11,ambiguous,manual_review,"762 East 32nd Street, Brooklyn, NY 11210",3075590068,,,"762 East 32Nd Street, Brooklyn, NY 11210",source_bbl_found_in_official_nyc_data|parcel_has_multiple_unresolved_hpd_buildings|primary_address_matches_2_hpd_buildings,257764|989547
stabili-3f613fae-2b84-52e2-abed-a6f097190ce5,brooklyn-2024-p66-r21,ambiguous,manual_review,"860 East 35th Street, Brooklyn, NY 11210",3075620051,,,"860 East 35 Street, Brooklyn, NY 11210",source_bbl_found_in_official_nyc_data|parcel_has_multiple_unresolved_hpd_buildings|primary_address_matches_2_hpd_buildings,259909|992043
stabili-b2445953-ba31-5eeb-995f-5d0bdd56f9f5,brooklyn-2024-p66-r39,ambiguous,manual_review,"3410 Farragut Road, Brooklyn, NY 11210",3050090040,,,"3410 Farragut Road, Brooklyn, NY 11210",source_bbl_found_in_official_nyc_data|parcel_has_multiple_unresolved_hpd_buildings|primary_address_matches_2_hpd_buildings,291216|1009533
stabili-2e4ee626-8df0-5799-8d39-5b89dd87368f,brooklyn-2024-p66-r41,ambiguous,manual_review,"3506 Farragut Road, Brooklyn, NY 11210",3050100040,,,"3506 Farragut Road, Brooklyn, NY 11210",source_bbl_found_in_official_nyc_data|parcel_has_multiple_unresolved_hpd_buildings|primary_address_matches_2_hpd_buildings,291229|986445
stabili-a0b88462-df45-59f8-b5e6-23cc618da766,brooklyn-2024-p67-r35,ambiguous,manual_review,"3208 Glenwood Road, Brooklyn, NY 11210",3075600041,,,"3208 Glenwood Road, Brooklyn, NY 11210",source_bbl_found_in_official_nyc_data|parcel_has_multiple_unresolved_hpd_buildings|primary_address_matches_2_hpd_buildings,301255|992270
stabili-cb6e7ec3-d076-5485-95b1-c9cccec3ef7b,brooklyn-2024-p67-r38,ambiguous,manual_review,"3321 Glenwood Road, Brooklyn, NY 11210",3050080001,,,"3321 Glenwood Road, Brooklyn, NY 11210",source_bbl_found_in_official_nyc_data|parcel_has_multiple_unresolved_hpd_buildings|primary_address_matches_2_hpd_buildings,301269|1006823
stabili-5294e020-f98c-52ce-8623-10792a91826c,brooklyn-2024-p67-r39,ambiguous,manual_review,"3408 Glenwood Road, Brooklyn, NY 11210",3075620041,,,"3408 Glenwood Road, Brooklyn, NY 11210",source_bbl_found_in_official_nyc_data|parcel_has_multiple_unresolved_hpd_buildings|primary_address_matches_2_hpd_buildings,301273|1009566
stabili-bec440a5-9cf3-5343-b96c-29bc7e5d22a1,brooklyn-2024-p67-r40,ambiguous,manual_review,"3421 Glenwood Road, Brooklyn, NY 11210",3050090001,,,"3421 Glenwood Road, Brooklyn, NY 11210",source_bbl_found_in_official_nyc_data|parcel_has_multiple_unresolved_hpd_buildings|primary_address_matches_2_hpd_buildings,301278|1004904
stabili-5cd117a5-56c3-5f2c-8fe1-3226705487ea,brooklyn-2024-p67-r44,ambiguous,manual_review,"50 Kenilworth Place, Brooklyn, NY 11210",3052480012,,,"50 Kenilworth Place, Brooklyn, NY 11210",source_bbl_found_in_official_nyc_data|parcel_has_multiple_unresolved_hpd_buildings|primary_address_matches_2_hpd_buildings,319043|808625
stabili-b2991f82-5a31-5292-bd53-a377c745036e,brooklyn-2024-p67-r47,ambiguous,manual_review,"113 Kenilworth Place, Brooklyn, NY 11210",3075570019,,,"113 Kenilworth Place, Brooklyn, NY 11210",source_bbl_found_in_official_nyc_data|parcel_has_multiple_unresolved_hpd_buildings|primary_address_matches_2_hpd_buildings,319009|945469
stabili-bb1f4603-e665-5d46-af4d-7b23d1aec7e6,brooklyn-2024-p67-r50,ambiguous,manual_review,"1351 New York Avenue, Brooklyn, NY 11210",3049670040,,,"3505 Foster Avenue, Brooklyn, NY 11210",source_bbl_found_in_official_nyc_data|parcel_has_multiple_unresolved_hpd_buildings,294931|808309|808310|808311|808312|808313|808314|808315|808316|808948|808950|808952
stabili-e4015daf-d237-5876-a64e-ab0bf8af847b,brooklyn-2024-p67-r52,ambiguous,manual_review,"1353 New York Avenue, Brooklyn, NY 11210",3049670040,,,"3505 Foster Avenue, Brooklyn, NY 11210",source_bbl_found_in_official_nyc_data|parcel_has_multiple_unresolved_hpd_buildings,294931|808309|808310|808311|808312|808313|808314|808315|808316|808948|808950|808952
stabili-47de30e9-d801-541c-a5d5-3000170afc51,brooklyn-2024-p67-r54,ambiguous,manual_review,"1355 New York Avenue, Brooklyn, NY 11210",3049670040,,,"3505 Foster Avenue, Brooklyn, NY 11210",source_bbl_found_in_official_nyc_data|parcel_has_multiple_unresolved_hpd_buildings,294931|808309|808310|808311|808312|808313|808314|808315|808316|808948|808950|808952
stabili-e0f549ed-8964-5e46-bde9-737e91ccc445,brooklyn-2024-p68-r33,ambiguous,manual_review,"1522 New York Avenue, Brooklyn, NY 11210",3050070054,,,"1522 New York Avenue, Brooklyn, NY 11210",source_bbl_found_in_official_nyc_data|parcel_has_multiple_unresolved_hpd_buildings|primary_address_matches_2_hpd_buildings,343552|1000818
stabili-f90f01d4-823c-5d99-92a1-b577f8fa4520,brooklyn-2024-p68-r41,ambiguous,manual_review,"1556 New York Avenue, Brooklyn, NY 11210",3050070068,,,"1556 New York Ave, Brooklyn, NY 11210",source_bbl_found_in_official_nyc_data|parcel_has_multiple_unresolved_hpd_buildings|primary_address_matches_2_hpd_buildings,343568|1007557
stabili-3446bfc3-a25d-51b3-9f69-e5f958e3ca71,brooklyn-2024-p68-r47,ambiguous,manual_review,"1610 New York Avenue, Brooklyn, NY 11210",3075600055,,,"1610 New York Avenue, Brooklyn, NY 11210",source_bbl_found_in_official_nyc_data|parcel_has_multiple_unresolved_hpd_buildings|primary_address_matches_2_hpd_buildings,343580|993989
stabili-93b8b7ea-50f3-5593-98ae-31630a43dfbb,brooklyn-2024-p68-r49,ambiguous,manual_review,"1620 New York Avenue, Brooklyn, NY 11210",3075600057,,,"1620 New York Avenue, Brooklyn, NY 11210",source_bbl_found_in_official_nyc_data|parcel_has_multiple_unresolved_hpd_buildings|primary_address_matches_2_hpd_buildings,343585|999933
stabili-cc184fb2-3eca-50d5-9c54-7c4e59893e6e,brooklyn-2024-p68-r55,ambiguous,manual_review,"3102 Newkirk Avenue, Brooklyn, NY 11210",3049640047,,,"3101 Foster Avenue, Brooklyn, NY 11210",source_bbl_found_in_official_nyc_data|parcel_has_multiple_unresolved_hpd_buildings,294919|808308|808981|808982|974758
stabili-1f45397b-23a9-5e2a-ba9f-f07de1165eaa,brooklyn-2024-p68-r56,ambiguous,manual_review,"3104 Newkirk Avenue, Brooklyn, NY 11210",3049640047,,,"3101 Foster Avenue, Brooklyn, NY 11210",source_bbl_found_in_official_nyc_data|parcel_has_multiple_unresolved_hpd_buildings,294919|808308|808981|808982|974758
stabili-0ce56484-9c4c-51eb-bbbe-58ccefaa7481,brooklyn-2024-p70-r16,ambiguous,manual_review,"248–252 Broadway, Brooklyn, NY 11211",3021400017,,,"252 Broadway, Brooklyn, NY 11211",source_bbl_found_in_official_nyc_data|parcel_has_multiple_unresolved_hpd_buildings|primary_address_matches_2_hpd_buildings,214100|943652
stabili-ac08df35-aa77-5350-8f6d-8a37fd2afb66,brooklyn-2024-p70-r24,ambiguous,manual_review,"359–365 Broadway, Brooklyn, NY 11211",3024630040,,,"359 Broadway, Brooklyn, NY 11211",source_bbl_found_in_official_nyc_data|parcel_has_multiple_unresolved_hpd_buildings|primary_address_matches_3_hpd_buildings,214149|807855|807856
stabili-a734e01f-667c-5e71-a39d-3400a86094ab,brooklyn-2024-p70-r29,ambiguous,manual_review,"413 Broadway, Brooklyn, NY 11211",3024640030,,,"413 Broadway, Brooklyn, NY 11211",source_bbl_found_in_official_nyc_data|parcel_has_multiple_unresolved_hpd_buildings|primary_address_matches_2_hpd_buildings,214179|896809
stabili-8a441c14-fed5-5a17-917f-d663c1e4cf53,brooklyn-2024-p70-r33,ambiguous,manual_review,"58 Bushwick Avenue, Brooklyn, NY 11211",3027780019,,,"58 Bushwick Avenue, Brooklyn, NY 11211",source_bbl_found_in_official_nyc_data|parcel_has_multiple_unresolved_hpd_buildings|primary_address_matches_2_hpd_buildings,216084|935099
stabili-a564e566-5b3f-547b-a473-f7d8bf676675,brooklyn-2024-p70-r56,ambiguous,manual_review,"227R Devoe Street, Brooklyn, NY 11211",3029160065,,,"227 Devoe Street, Brooklyn, NY 11211",source_bbl_found_in_official_nyc_data|parcel_has_multiple_unresolved_hpd_buildings,232904|808081
stabili-07f0c67e-cf77-5243-b455-e7104580ddd6,brooklyn-2024-p70-r57,ambiguous,manual_review,"227F Devoe Street, Brooklyn, NY 11211",3029160065,,,"227 Devoe Street, Brooklyn, NY 11211",source_bbl_found_in_official_nyc_data|parcel_has_multiple_unresolved_hpd_buildings,232904|808081
stabili-d490b2d5-4c21-52c7-bffb-ff032344123f,brooklyn-2024-p71-r15,ambiguous,manual_review,"285R Devoe Street, Brooklyn, NY 11211",3029170025,,,"285 Devoe Street, Brooklyn, NY 11211",source_bbl_found_in_official_nyc_data|parcel_has_multiple_unresolved_hpd_buildings,232949|808084
stabili-d2e75645-78ea-50c1-9b8f-e9a611c1e2b9,brooklyn-2024-p71-r16,ambiguous,manual_review,"285F Devoe Street, Brooklyn, NY 11211",3029170025,,,"285 Devoe Street, Brooklyn, NY 11211",source_bbl_found_in_official_nyc_data|parcel_has_multiple_unresolved_hpd_buildings,232949|808084
stabili-af9388ce-dd6f-50ae-8e9a-290fe9044415,brooklyn-2024-p71-r19,ambiguous,manual_review,"293 Devoe Street, Brooklyn, NY 11211",3029170021,,,"293 Devoe Street, Brooklyn, NY 11211",source_bbl_found_in_official_nyc_data|parcel_has_multiple_unresolved_hpd_buildings|primary_address_matches_2_hpd_buildings,232957|954259
stabili-1c489123-fffa-5b07-abb9-d22fd23ea0ae,brooklyn-2024-p72-r1,ambiguous,manual_review,"135–139 Frost Street, Brooklyn, NY 11211",3027340035,,,"137 Frost Street, Brooklyn, NY 11211",source_bbl_found_in_official_nyc_data|parcel_has_multiple_unresolved_hpd_buildings|primary_address_matches_2_hpd_buildings,296377|994162
stabili-e898767a-8182-561d-a83a-f0a09ac8d7ba,brooklyn-2024-p72-r22,ambiguous,manual_review,"319 Graham Avenue, Brooklyn, NY 11211",3027700024,,,"319 Graham Avenue, Brooklyn, NY 11211",source_bbl_found_in_official_nyc_data|parcel_has_multiple_unresolved_hpd_buildings|primary_address_matches_2_hpd_buildings,302061|808080|987136
stabili-534f3b98-8a7c-5ffe-bcf2-0e33bdec697e,brooklyn-2024-p72-r35,ambiguous,manual_review,"340 Grand Street, Brooklyn, NY 11211",3023960012,,,"340 Grand Street, Brooklyn, NY 11211",source_bbl_found_in_official_nyc_data|parcel_has_multiple_unresolved_hpd_buildings|primary_address_matches_2_hpd_buildings,302618|894483
stabili-e7171677-9383-5e06-ae3f-9780029895f4,brooklyn-2024-p72-r38,ambiguous,manual_review,"461 Grand Street, Brooklyn, NY 11211",3023870033,,,"461 Grand Street, Brooklyn, NY 11211",source_bbl_found_in_official_nyc_data|parcel_has_multiple_unresolved_hpd_buildings|primary_address_matches_2_hpd_buildings,302673|904677
stabili-3743d8ca-3493-51db-9ec8-5cb229c2356e,brooklyn-2024-p72-r44,ambiguous,manual_review,"611 Grand Street, Brooklyn, NY 11211",3027800029,,,"611 Grand Street, Brooklyn, NY 11211",source_bbl_found_in_official_nyc_data|parcel_has_multiple_unresolved_hpd_buildings|primary_address_matches_3_hpd_buildings,302766|895485|912404
stabili-bace9002-5031-55cf-9912-48f6f87edd0f,brooklyn-2024-p72-r47,ambiguous,manual_review,"667 Grand Street, Brooklyn, NY 11211",3027810029,,,"667 Grand Street, Brooklyn, NY 11211",source_bbl_found_in_official_nyc_data|parcel_has_multiple_unresolved_hpd_buildings|primary_address_matches_2_hpd_buildings,302806|890014
stabili-6f125cab-6f52-508e-a80f-d7ac86c4c4b7,brooklyn-2024-p73-r1,ambiguous,manual_review,"739 Grand Street, Brooklyn, NY 11211",3027830038,,,"739 Grand Street, Brooklyn, NY 11211",source_bbl_found_in_official_nyc_data|parcel_has_multiple_unresolved_hpd_buildings|primary_address_matches_2_hpd_buildings,302848|887181
stabili-850d55a2-df72-545f-a8d4-82f77d9579cc,brooklyn-2024-p73-r50,ambiguous,manual_review,"362 Hewes Street, Brooklyn, NY 11211",3024390001,,,"366 Hewes Street, Brooklyn, NY 11211",source_bbl_found_in_official_nyc_data|parcel_has_multiple_unresolved_hpd_buildings,312123|809468|998499
stabili-686f0cd3-e333-5658-83bc-905107d53f7e,brooklyn-2024-p74-r9,ambiguous,manual_review,"25 Hope Street, Brooklyn, NY 11211",3023680034,,,"25 Hope Street, Brooklyn, NY 11211",source_bbl_found_in_official_nyc_data|parcel_has_multiple_unresolved_hpd_buildings|primary_address_matches_2_hpd_buildings,313568|987146
stabili-07dd2090-7150-58bc-b78f-faadddb80ea8,brooklyn-2024-p74-r16,ambiguous,manual_review,"156 Hope Street, Brooklyn, NY 11211",3023870007,,,"156 Hope Street, Brooklyn, NY 11211",source_bbl_found_in_official_nyc_data|parcel_has_multiple_unresolved_hpd_buildings|primary_address_matches_2_hpd_buildings,313556|949044
stabili-e4bd33f3-5132-568a-b330-44adc3ddce87,brooklyn-2024-p74-r25,ambiguous,manual_review,"419 Humboldt Street, Brooklyn, NY 11211",3027500020,,,"419 Humboldt Street, Brooklyn, NY 11211",source_bbl_found_in_official_nyc_data|parcel_has_multiple_unresolved_hpd_buildings|primary_address_matches_2_hpd_buildings,314977|937327
stabili-aebfff8c-ad06-5620-8968-f8cfcc75ed11,brooklyn-2024-p74-r47,ambiguous,manual_review,"21 Judge Street, Brooklyn, NY 11211",3029190027,,,"21 Judge Street, Brooklyn, NY 11211",source_bbl_found_in_official_nyc_data|parcel_has_multiple_unresolved_hpd_buildings|primary_address_matches_2_hpd_buildings,318578|900311
stabili-59a75e30-f8cb-5fb6-b90e-0a8ce13152f3,brooklyn-2024-p75-r41,ambiguous,manual_review,"351 Manhattan Avenue, Brooklyn, NY 11211",3027480024,,,"351 Manhattan Avenue, Brooklyn, NY 11211",source_bbl_found_in_official_nyc_data|parcel_has_multiple_unresolved_hpd_buildings|primary_address_matches_2_hpd_buildings,331635|939440
stabili-c9cad62a-a953-500c-9935-2688537c4a50,brooklyn-2024-p75-r48,ambiguous,manual_review,"8 Marcy Avenue, Brooklyn, NY 11211",3023690019,,,"416 Metropolitan Avenue, Brooklyn, NY 11211",source_bbl_found_in_official_nyc_data|parcel_has_multiple_unresolved_hpd_buildings,336520|983547
stabili-ac18dae7-da51-5801-a445-64409886b469,brooklyn-2024-p76-r24,ambiguous,manual_review,"519–523 Metropolitan Avenue, Brooklyn, NY 11211",3027560001,,,"458 Union Avenue, Brooklyn, NY 11211",source_bbl_found_in_official_nyc_data|parcel_has_multiple_unresolved_hpd_buildings,382967|1000957
stabili-dc1a741e-ce4f-5ab2-b8f3-86b82b047e17,brooklyn-2024-p76-r34,ambiguous,manual_review,"596 Metropolitan Avenue, Brooklyn, NY 11211",3027620005,,,"596 Metropolitan Avenue, Brooklyn, NY 11211",source_bbl_found_in_official_nyc_data|parcel_has_multiple_unresolved_hpd_buildings|primary_address_matches_2_hpd_buildings,336574|1007834
stabili-361660b0-da56-5f72-8f2d-aeddfe85ab5c,brooklyn-2024-p76-r44,ambiguous,manual_review,"713 Metropolitan Avenue, Brooklyn, NY 11211",3027590036,,,"713 Metropolitan Avenue, Brooklyn, NY 11211",source_bbl_found_in_official_nyc_data|parcel_has_multiple_unresolved_hpd_buildings|primary_address_matches_2_hpd_buildings,336625|911072
stabili-5bcb2c3f-5f2c-5e0c-b20f-c6c4deeecda9,brooklyn-2024-p76-r54,ambiguous,manual_review,"924 Metropolitan Avenue, Brooklyn, NY 11211",3029170007,,,"924 Metropolitan Avenue, Brooklyn, NY 11211",source_bbl_found_in_official_nyc_data|parcel_has_multiple_unresolved_hpd_buildings|primary_address_matches_2_hpd_buildings,336703|892476
stabili-10c9ec0b-2526-5c8a-ac7b-ee1cf443f8e3,brooklyn-2024-p77-r45,ambiguous,manual_review,"140–146 North 6th Street, Brooklyn, NY 11211",3023357501,,,"142 North 6 Street, Brooklyn, NY 11249",source_bbl_found_in_official_nyc_data|parcel_has_multiple_unresolved_hpd_buildings,906760|977529
stabili-c6604f97-4180-56a2-bb43-7dc88e71aebb,brooklyn-2024-p78-r5,ambiguous,manual_review,"109 North 7th Street, Brooklyn, NY 11211",3023180029,,,"109 North 7 Street, Brooklyn, NY 11249",source_bbl_found_in_official_nyc_data|parcel_has_multiple_unresolved_hpd_buildings,345401|809000|987008|1009901
stabili-e60a3e28-598d-5fa9-b7c7-9ba0ca81362b,brooklyn-2024-p78-r9,ambiguous,manual_review,"179–181 North 7th Street, Brooklyn, NY 11211",3023200028,,,"179 North 7 Street, Brooklyn, NY 11211",source_bbl_found_in_official_nyc_data|parcel_has_multiple_unresolved_hpd_buildings|primary_address_matches_3_hpd_buildings,345430|988014|997137
stabili-7d948c98-a812-56ed-b23f-fa8672c10155,brooklyn-2024-p78-r56,ambiguous,manual_review,"59 Orient Avenue, Brooklyn, NY 11211",3029070047,,,"59 Orient Avenue, Brooklyn, NY 11211",source_bbl_found_in_official_nyc_data|parcel_has_multiple_unresolved_hpd_buildings|primary_address_matches_2_hpd_buildings,348991|953043
stabili-4d4b9305-ad1d-576a-8a62-5063b7f8ae65,brooklyn-2024-p81-r33,ambiguous,manual_review,"70–74 South 4th Street, Brooklyn, NY 11211",3024420011,,,"74 South 4 Street, Brooklyn, NY 11249",source_bbl_found_in_official_nyc_data|parcel_has_multiple_unresolved_hpd_buildings,372366|934011
stabili-96e6bfbb-7803-5399-96a8-1146e69fae49,brooklyn-2024-p82-r33,ambiguous,manual_review,"25 Skillman Avenue, Brooklyn, NY 11211",3027460045,,,"25 Skillman Avenue, Brooklyn, NY 11211",source_bbl_found_in_official_nyc_data|parcel_has_multiple_unresolved_hpd_buildings|primary_address_matches_2_hpd_buildings,370642|957297
stabili-5b3549a5-42f9-5a46-84db-001821538763,brooklyn-2024-p82-r45,ambiguous,manual_review,"178 Skillman Avenue, Brooklyn, NY 11211",3027550016,,,"178 Skillman Avenue, Brooklyn, NY 11211",source_bbl_found_in_official_nyc_data|parcel_has_multiple_unresolved_hpd_buildings|primary_address_matches_2_hpd_buildings,370623|994745
stabili-217b139d-65b2-55bb-adab-7b0684175c8e,brooklyn-2024-p83-r15,ambiguous,manual_review,"438 Union Avenue, Brooklyn, NY 11211",3027610005,,,"438 Union Avenue, Brooklyn, NY 11211",source_bbl_found_in_official_nyc_data|parcel_has_multiple_unresolved_hpd_buildings|primary_address_matches_2_hpd_buildings,382963|1007606
stabili-0684d725-fcac-5848-8ad7-4307a6975fcf,brooklyn-2024-p83-r33,ambiguous,manual_review,"59 Withers Street, Brooklyn, NY 11211",3027360032,,,"59 Withers Street, Brooklyn, NY 11211",source_bbl_found_in_official_nyc_data|parcel_has_multiple_unresolved_hpd_buildings|primary_address_matches_2_hpd_buildings,397670|895741
stabili-350b7a30-930f-53f3-858a-46aa3c5e87a9,brooklyn-2024-p83-r54,ambiguous,manual_review,"209 Woodpoint Road, Brooklyn, NY 11211",3028930007,,,"209 Woodpoint Road, Brooklyn, NY 11211",source_bbl_found_in_official_nyc_data|parcel_has_multiple_unresolved_hpd_buildings|primary_address_matches_2_hpd_buildings,398010|866938
stabili-7683e8d1-b1b4-5e40-bff5-72c36742508e,brooklyn-2024-p84-r1,ambiguous,manual_review,"172R Wythe Avenue, Brooklyn, NY 11211",3023250020,,,"172 Wythe Avenue, Brooklyn, NY 11249",source_bbl_found_in_official_nyc_data|parcel_has_multiple_unresolved_hpd_buildings,398944|809951
stabili-b9f0ef6a-efa7-5dd8-9a27-57743f435a9f,brooklyn-2024-p84-r2,ambiguous,manual_review,"172F Wythe Avenue, Brooklyn, NY 11211",3023250020,,,"172 Wythe Avenue, Brooklyn, NY 11249",source_bbl_found_in_official_nyc_data|parcel_has_multiple_unresolved_hpd_buildings,398944|809951
stabili-0d75c772-cc47-52a5-b996-eb141f9ae3c6,brooklyn-2024-p84-r28,ambiguous,manual_review,"40 Christopher Avenue, Brooklyn, NY 11212",3036920020,,,"40 Christopher Avenue, Brooklyn, NY 11212",source_bbl_found_in_official_nyc_data|parcel_has_multiple_unresolved_hpd_buildings|primary_address_matches_3_hpd_buildings,219908|837528|841894
stabili-47841cdf-5412-5133-8a56-5eb761ed4904,brooklyn-2024-p84-r51,ambiguous,manual_review,"87–97 East 93rd Street, Brooklyn, NY 11212",3045960049,,,"987 Rutland Road, Brooklyn, NY 11212",source_bbl_found_in_official_nyc_data|parcel_has_multiple_unresolved_hpd_buildings,365035|949866
stabili-84f207d0-6e6e-58ca-8fdb-4aaa2d98bae8,brooklyn-2024-p85-r47,ambiguous,manual_review,"87 East 96th Street, Brooklyn, NY 11212",3046150001,,,"1068 Rutland Road, Brooklyn, NY 11212",source_bbl_found_in_official_nyc_data|parcel_has_multiple_unresolved_hpd_buildings,364604|1014883
stabili-422e80be-1376-58bf-afc0-916484ef964a,brooklyn-2024-p85-r50,ambiguous,manual_review,"171 East 96th Street, Brooklyn, NY 11212",3046320001,,,"1124 Winthrop Street, Brooklyn, NY 11212",source_bbl_found_in_official_nyc_data|parcel_has_multiple_unresolved_hpd_buildings,397373|957853
stabili-461f82a4-2f22-54d4-afe1-868caeedc810,brooklyn-2024-p86-r6,ambiguous,manual_review,"1090 East New York Avenue, Brooklyn, NY 11212",3045980009,,,"1090 East New York Avenue, Brooklyn, NY 11212",source_bbl_found_in_official_nyc_data|parcel_has_multiple_unresolved_hpd_buildings,284380|997776|1019028
stabili-82f8431a-0235-5cd8-ad63-a2dec572385f,brooklyn-2024-p86-r11,ambiguous,manual_review,"1547 East New York Avenue, Brooklyn, NY 11212",3014610035,,,"1547 East New York Avenue, Brooklyn, NY 11212",source_bbl_found_in_official_nyc_data|parcel_has_multiple_unresolved_hpd_buildings|primary_address_matches_2_hpd_buildings,287255|886174
stabili-eb849d4d-ee28-50b1-b12a-3179e66c7a40,brooklyn-2024-p86-r22,ambiguous,manual_review,"71–77 Hegeman Avenue, Brooklyn, NY 11212",3036230001,,,"604 Bristol Street, Brooklyn, NY 11212",source_bbl_found_in_official_nyc_data|parcel_has_multiple_unresolved_hpd_buildings,213572|956964
stabili-f446cd73-d83e-5720-b22b-b79211af67d2,brooklyn-2024-p86-r23,ambiguous,manual_review,"210–212 Hegeman Avenue, Brooklyn, NY 11212",3036390035,,,"210 Hegeman Avenue, Brooklyn, NY 11212",source_bbl_found_in_official_nyc_data|parcel_has_multiple_unresolved_hpd_buildings|primary_address_matches_2_hpd_buildings,309494|976044
stabili-93fb79d6-dba8-5a00-983c-c230cc07c076,brooklyn-2024-p86-r46,ambiguous,manual_review,"802 Howard Avenue, Brooklyn, NY 11212",3035650042,,,"802 Howard Avenue, Brooklyn, NY 11212",source_bbl_found_in_official_nyc_data|parcel_has_multiple_unresolved_hpd_buildings|primary_address_matches_2_hpd_buildings,314265|865013
stabili-0b905320-6bd3-5c6b-9a66-2475dce32439,brooklyn-2024-p86-r55,ambiguous,manual_review,"9407–9427 Kings Highway, Brooklyn, NY 11212",3046490024,,,"9407 Kings Highway, Brooklyn, NY 11212",source_bbl_found_in_official_nyc_data|parcel_has_multiple_unresolved_hpd_buildings|primary_address_matches_2_hpd_buildings,320632|875672
stabili-63481247-2eed-54a2-b8dd-b00e0355e800,brooklyn-2024-p87-r10,ambiguous,manual_review,"90 Liberty Avenue, Brooklyn, NY 11212",3036920016,,,"267 Mother Gaston Blvd, Brooklyn, NY 11212",source_bbl_found_in_official_nyc_data|parcel_has_multiple_unresolved_hpd_buildings|primary_address_matches_2_hpd_buildings,325733|1007093
stabili-dd25d48a-f25b-5883-aa1f-17d66693f2b0,brooklyn-2024-p87-r11,ambiguous,manual_review,"103–105 Liberty Avenue, Brooklyn, NY 11212",3036750025,,,"103 Liberty Avenue, Brooklyn, NY 11212",source_bbl_found_in_official_nyc_data|parcel_has_multiple_unresolved_hpd_buildings|primary_address_matches_2_hpd_buildings,325392|996937
stabili-953eae80-27af-53c4-9ce0-b74aeb96b530,brooklyn-2024-p87-r30,ambiguous,manual_review,"11–21 New Lots Avenue, Brooklyn, NY 11212",3036280001,,,"240 Lott Avenue, Brooklyn, NY 11212",source_bbl_found_in_official_nyc_data|parcel_has_multiple_unresolved_hpd_buildings,329071|808943|955335
stabili-d2faf448-16c7-5f65-8fdd-04c09506cb02,brooklyn-2024-p87-r31,ambiguous,manual_review,"23–39 New Lots Avenue, Brooklyn, NY 11212",3036280001,,,"240 Lott Avenue, Brooklyn, NY 11212",source_bbl_found_in_official_nyc_data|parcel_has_multiple_unresolved_hpd_buildings|primary_address_matches_2_hpd_buildings,329071|808943|955335
stabili-76e7b5c0-5b7c-59aa-aba7-706cf3ad0851,brooklyn-2024-p87-r42,ambiguous,manual_review,"189 Newport Street, Brooklyn, NY 11212",3036020001,,,"189 Newport Street, Brooklyn, NY 11212",source_bbl_found_in_official_nyc_data|parcel_has_multiple_unresolved_hpd_buildings|primary_address_matches_2_hpd_buildings,344476|861675
stabili-ce03800b-6b5c-5e52-92b0-5d163c475e01,brooklyn-2024-p88-r3,ambiguous,manual_review,"303 Powell Street, Brooklyn, NY 11212",3037630006,,,"303 Powell Street, Brooklyn, NY 11212",source_bbl_found_in_official_nyc_data|parcel_has_multiple_unresolved_hpd_buildings|primary_address_matches_2_hpd_buildings,354724|1010110
stabili-2c1f03fc-042a-58f9-a72f-32399348d49f,brooklyn-2024-p88-r8,ambiguous,manual_review,"94–106 Remsen Avenue, Brooklyn, NY 11212",3045920012,,,"106 Remsen Avenue, Brooklyn, NY 11203",source_bbl_found_in_official_nyc_data|parcel_has_multiple_unresolved_hpd_buildings|primary_address_matches_2_hpd_buildings,360610|966595
stabili-bd9ff8c7-295e-5b6e-88e8-fba8c7870cfb,brooklyn-2024-p89-r41,ambiguous,manual_review,"743–751 Thomas South Boyland Street, Brooklyn, NY 11212",3035730001,,,"Bristol Street, Brooklyn, NY 11212",source_bbl_found_in_official_nyc_data|parcel_has_multiple_unresolved_hpd_buildings,213477|807838|807839|807842|808112|897205|948870|948952|948953|948954|948955|948956|948957|948958
stabili-efaa8eee-592a-53cc-8ab1-097c597bb7d9,brooklyn-2024-p90-r35,ambiguous,manual_review,"264 Albany Avenue, Brooklyn, NY 11213",3012510034,,,"264 Albany Avenue, Brooklyn, NY 11213",source_bbl_found_in_official_nyc_data|parcel_has_multiple_unresolved_hpd_buildings|primary_address_matches_2_hpd_buildings,183628|972250
stabili-b5e15518-cab2-5858-a4ed-7f55c5024f05,brooklyn-2024-p90-r50,ambiguous,manual_review,"1528 Bergen Street, Brooklyn, NY 11213",3013540016,,,"1528 Bergen Street, Brooklyn, NY 11213",source_bbl_found_in_official_nyc_data|parcel_has_multiple_unresolved_hpd_buildings|primary_address_matches_2_hpd_buildings,208362|999430
stabili-ccedf9dd-9fe1-54fc-aed7-e07476359c4e,brooklyn-2024-p90-r53,ambiguous,manual_review,"1545 Bergen Street, Brooklyn, NY 11213",3013480076,,,"1545 Bergen Street, Brooklyn, NY 11213",source_bbl_found_in_official_nyc_data|parcel_has_multiple_unresolved_hpd_buildings|primary_address_matches_2_hpd_buildings,208377|982149
stabili-494a8bd5-d068-57f1-aebb-4bb8b4acd2a7,brooklyn-2024-p91-r12,ambiguous,manual_review,"237 Buffalo Avenue, Brooklyn, NY 11213",3013810011,,,"237 Buffalo Avenue, Brooklyn, NY 11213",source_bbl_found_in_official_nyc_data|parcel_has_multiple_unresolved_hpd_buildings|primary_address_matches_2_hpd_buildings,215382|971095
stabili-c20299bd-e639-5143-bd04-785d3d86b361,brooklyn-2024-p92-r1,ambiguous,manual_review,"1715 Dean Street, Brooklyn, NY 11213",3013420061,,,"1715 Dean Street, Brooklyn, NY 11213",source_bbl_found_in_official_nyc_data|parcel_has_multiple_unresolved_hpd_buildings|primary_address_matches_2_hpd_buildings,231004|929195
stabili-1dbac85c-daf4-5561-bfa2-698244518d7f,brooklyn-2024-p92-r2,ambiguous,manual_review,"1717 Dean Street, Brooklyn, NY 11213",3013420060,,,"1717 Dean Street, Brooklyn, NY 11213",source_bbl_found_in_official_nyc_data|parcel_has_multiple_unresolved_hpd_buildings|primary_address_matches_2_hpd_buildings,231006|872176
stabili-5d2bbcfa-a958-5e44-9a41-48fe3460fa1b,brooklyn-2024-p93-r15,ambiguous,manual_review,"800–824 Empire Boulevard, Brooklyn, NY 11213",3014270020,,,"830 Empire Boulevard, Brooklyn, NY 11213",source_bbl_found_in_official_nyc_data|parcel_has_multiple_unresolved_hpd_buildings|primary_address_matches_2_hpd_buildings,981254|995145
stabili-c3a5e511-7b7d-5a79-b114-6734769521af,brooklyn-2024-p93-r21,ambiguous,manual_review,"1600 Fulton Street, Brooklyn, NY 11213",3016990027,,,"1600 Fulton Street, Brooklyn, NY 11213",source_bbl_found_in_official_nyc_data|parcel_has_multiple_unresolved_hpd_buildings|primary_address_matches_2_hpd_buildings,297549|932981
stabili-251fade5-3078-5ddc-b803-ea6bd13bbe7a,brooklyn-2024-p93-r26,ambiguous,manual_review,"412 Herkimer Street, Brooklyn, NY 11213",3018710030,,,"412 Herkimer Street, Brooklyn, NY 11213",source_bbl_found_in_official_nyc_data|parcel_has_multiple_unresolved_hpd_buildings|primary_address_matches_2_hpd_buildings,311504|966943
stabili-d313ff1b-09bb-5034-8a08-408971f72f97,brooklyn-2024-p93-r37,ambiguous,manual_review,"35 Kingston Avenue, Brooklyn, NY 11213",3018710006,,,"35 Kingston Avenue, Brooklyn, NY 11213",source_bbl_found_in_official_nyc_data|parcel_has_multiple_unresolved_hpd_buildings|primary_address_matches_2_hpd_buildings,320961|1004331
stabili-1c85b0a5-5445-568d-ad49-846d522f3420,brooklyn-2024-p94-r48,ambiguous,manual_review,"1462 Pacific Street, Brooklyn, NY 11213",3012100010,,,"79 Kingston Avenue, Brooklyn, NY 11213",source_bbl_found_in_official_nyc_data|parcel_has_multiple_unresolved_hpd_buildings,321044|987271
stabili-f5d7f870-2515-57c5-81a2-078ee539f5c7,brooklyn-2024-p95-r4,ambiguous,manual_review,"1629 Pacific Street, Brooklyn, NY 11213",3013340046,,,"1629 Pacific Street, Brooklyn, NY 11213",source_bbl_found_in_official_nyc_data|parcel_has_multiple_unresolved_hpd_buildings|primary_address_matches_2_hpd_buildings,349752|976237
stabili-26a5b139-2bb7-50fc-8a82-79ccef58b4e0,brooklyn-2024-p95-r43,ambiguous,manual_review,"1515 Park Place, Brooklyn, NY 11213",3013680074,,,"1494 Prospect Place, Brooklyn, NY 11213",source_bbl_found_in_official_nyc_data|parcel_has_multiple_unresolved_hpd_buildings|primary_address_matches_2_hpd_buildings,351587|999701
stabili-b2b652cc-a14c-5e40-901b-df447b5aac49,brooklyn-2024-p95-r47,ambiguous,manual_review,"1540 Park Place, Brooklyn, NY 11213",3013740032,,,"1540 Park Place, Brooklyn, NY 11213",source_bbl_found_in_official_nyc_data|parcel_has_multiple_unresolved_hpd_buildings|primary_address_matches_2_hpd_buildings,351598|1004148
stabili-ca2d303e-9525-5145-9aa8-281cdbbf3957,brooklyn-2024-p96-r35,ambiguous,manual_review,"1534 Prospect Place, Brooklyn, NY 11213",3013680040,,,"1534 Prospect Place, Brooklyn, NY 11213",source_bbl_found_in_official_nyc_data|parcel_has_multiple_unresolved_hpd_buildings|primary_address_matches_2_hpd_buildings,356807|885942
stabili-21e938d5-2c48-56c4-bab9-1624c7eece9c,brooklyn-2024-p96-r43,ambiguous,manual_review,"950 Saint Johns Place, Brooklyn, NY 11213",3012560011,,,"950 St Johns Place, Brooklyn, NY 11213",source_bbl_found_in_official_nyc_data|parcel_has_multiple_unresolved_hpd_buildings,374232|944166
stabili-65f80438-067f-58fa-ab7e-5dbd4df39075,brooklyn-2024-p96-r46,ambiguous,manual_review,"1055–1093 Saint Johns Place, Brooklyn, NY 11213",3012500040,,,"1093 St Johns Place, Brooklyn, NY 11213",source_bbl_found_in_official_nyc_data|parcel_has_multiple_unresolved_hpd_buildings,912872|988985
stabili-d06915e9-a1a8-5c8c-a48d-3eb5a3c77670,brooklyn-2024-p97-r33,ambiguous,manual_review,"1387 Saint Johns Place, Brooklyn, NY 11213",3013780070,,,"1387 St Johns Place, Brooklyn, NY 11213",source_bbl_found_in_official_nyc_data|parcel_has_multiple_unresolved_hpd_buildings,373713|950516
stabili-12a78827-74cf-5773-b8dd-e3ad2f9a1a98,brooklyn-2024-p97-r45,ambiguous,manual_review,"1515 Saint Johns Place, Brooklyn, NY 11213",3013800074,,,"1515 St Johns Place, Brooklyn, NY 11213",source_bbl_found_in_official_nyc_data|parcel_has_multiple_unresolved_hpd_buildings,373769|373770
stabili-04f0dcf6-a647-5085-9c3e-989c4be1d087,brooklyn-2024-p97-r49,ambiguous,manual_review,"780 Saint Marks Avenue, Brooklyn, NY 11213",3012280007,,,"780 St Marks Avenue, Brooklyn, NY 11216",source_bbl_found_in_official_nyc_data|parcel_has_multiple_unresolved_hpd_buildings,374997|965496
stabili-6e9aea59-b3c0-5222-8081-918fe4526012,brooklyn-2024-p98-r13,ambiguous,manual_review,"1119 Saint Marks Avenue, Brooklyn, NY 11213",3013540082,,,"1119 St Marks Avenue, Brooklyn, NY 11213",source_bbl_found_in_official_nyc_data|parcel_has_multiple_unresolved_hpd_buildings,374292|966916
stabili-0a4465cf-8066-5cee-9ed3-04d589ca0a6b,brooklyn-2024-p98-r14,ambiguous,manual_review,"1135 Saint Marks Avenue, Brooklyn, NY 11213",3013540074,,,"1135 St Marks Avenue, Brooklyn, NY 11213",source_bbl_found_in_official_nyc_data|parcel_has_multiple_unresolved_hpd_buildings,374303|969255
stabili-130466d7-3797-5d54-8cba-3775754907b1,brooklyn-2024-p98-r15,ambiguous,manual_review,"1137 Saint Marks Avenue, Brooklyn, NY 11213",3013540073,,,"1137 St Marks Avenue, Brooklyn, NY 11213",source_bbl_found_in_official_nyc_data|parcel_has_multiple_unresolved_hpd_buildings,374305|969254
stabili-448fed25-ba41-5397-84cd-081bf493bb79,brooklyn-2024-p99-r25,ambiguous,manual_review,"209 Troy Avenue, Brooklyn, NY 11213",3013710007,,,"209 Troy Avenue, Brooklyn, NY 11213",source_bbl_found_in_official_nyc_data|parcel_has_multiple_unresolved_hpd_buildings|primary_address_matches_2_hpd_buildings,382407|994574
stabili-2f768d77-b89e-5458-98f0-dfb630d2b733,brooklyn-2024-p99-r26,ambiguous,manual_review,"211 Troy Avenue, Brooklyn, NY 11213",3013710006,,,"211 Troy Avenue, Brooklyn, NY 11213",source_bbl_found_in_official_nyc_data|parcel_has_multiple_unresolved_hpd_buildings|primary_address_matches_2_hpd_buildings,382409|994575
stabili-bf6242df-27dc-5f52-8d66-fb7fb12669de,brooklyn-2024-p102-r20,ambiguous,manual_review,"1832 78th Street, Brooklyn, NY 11214",3062610119,,,"1832 78 Street, Brooklyn, NY 11214",source_bbl_found_in_official_nyc_data|parcel_has_multiple_unresolved_hpd_buildings|primary_address_matches_2_hpd_buildings,887971|975688
stabili-5af7239e-9a98-5233-90c1-0065220e95dc,brooklyn-2024-p102-r48,ambiguous,manual_review,"1775 79th Street, Brooklyn, NY 11214",3062600056,,,"1775 79 Street, Brooklyn, NY 11214",source_bbl_found_in_official_nyc_data|parcel_has_multiple_unresolved_hpd_buildings|primary_address_matches_2_hpd_buildings,175037|921995
stabili-caa67983-8987-5420-937c-8b88790ef877,brooklyn-2024-p103-r11,ambiguous,manual_review,"1779 81st Street, Brooklyn, NY 11214",3062840050,,,"8014 18 Avenue, Brooklyn, NY 11214",source_bbl_found_in_official_nyc_data|parcel_has_multiple_unresolved_hpd_buildings,143299|1020724
stabili-58cb1800-0104-5e67-b445-1ea40b3bddec,brooklyn-2024-p106-r4,ambiguous,manual_review,"244–311 Bay 19th Street, Brooklyn, NY 11214",3064630143,,,"244 Bay 19 Street, Brooklyn, NY 11214",source_bbl_found_in_official_nyc_data|parcel_has_multiple_unresolved_hpd_buildings|primary_address_matches_14_hpd_buildings,201440|909237|910199|956516|956657|956662|956663|956665|956667|956670|956672|956674|956677|956680
stabili-fdcfcbc7-c86a-5ee9-b1ec-8ccb5e9f8e79,brooklyn-2024-p106-r51,ambiguous,manual_review,"21 Bay 31st Street, Brooklyn, NY 11214",3063820032,,,"21 Bay 31 Street, Brooklyn, NY 11214",source_bbl_found_in_official_nyc_data|parcel_has_multiple_unresolved_hpd_buildings|primary_address_matches_2_hpd_buildings,202216|842867
stabili-d5564ae6-f60f-5e99-9a31-a78ec033d0ea,brooklyn-2024-p108-r11,ambiguous,manual_review,"2243 Cropsey Avenue, Brooklyn, NY 11214",3064490001,,,"2253 Cropsey Avenue, Brooklyn, NY 11214",source_bbl_found_in_official_nyc_data|parcel_has_multiple_unresolved_hpd_buildings,202325|1009541
stabili-ae1fad34-ff49-54bf-8ea5-0a56f6cc4531,brooklyn-2024-p108-r16,ambiguous,manual_review,"1429 Shore Parkway, Brooklyn, NY 11214",3064680016,,,"1429 Shore Parkway, Brooklyn, NY 11214",source_bbl_found_in_official_nyc_data|parcel_has_multiple_unresolved_hpd_buildings,370177|809405|809406|1019864
stabili-156a580f-f86d-5d67-8c51-079a8a36e316,brooklyn-2024-p108-r28,ambiguous,manual_review,"2523 West 17th Street, Brooklyn, NY 11214",3069240118,,,"2523 West 17 Street, Brooklyn, NY 11214",source_bbl_found_in_official_nyc_data|parcel_has_multiple_unresolved_hpd_buildings|primary_address_matches_2_hpd_buildings,394391|927647
stabili-ed40e2a5-acd4-57d5-ad7b-c2374c55302f,brooklyn-2024-p109-r23,ambiguous,manual_review,"383 12th Street, Brooklyn, NY 11215",3010240063,,,"383 12 Street, Brooklyn, NY 11215",source_bbl_found_in_official_nyc_data|parcel_has_multiple_unresolved_hpd_buildings|primary_address_matches_2_hpd_buildings,138028|1003740
stabili-76d55426-1fda-52a6-a309-97f820928383,brooklyn-2024-p110-r10,ambiguous,manual_review,"419 14th Street, Brooklyn, NY 11215",3011000060,,,"409 14 Street, Brooklyn, NY 11215",source_bbl_found_in_official_nyc_data|parcel_has_multiple_unresolved_hpd_buildings|primary_address_matches_2_hpd_buildings,139762|139763|807397|807398|807399|807400|807401
stabili-2a9f5702-13fa-5dce-8aeb-5eae49e29705,brooklyn-2024-p110-r49,ambiguous,manual_review,"169 16th Street, Brooklyn, NY 11215",3010470061,,,"169 16 Street, Brooklyn, NY 11215",source_bbl_found_in_official_nyc_data|parcel_has_multiple_unresolved_hpd_buildings|primary_address_matches_2_hpd_buildings,141459|938227
stabili-52bc9eda-85fe-5567-a6ff-f4808a3fd85a,brooklyn-2024-p112-r16,ambiguous,manual_review,"276 20th Street, Brooklyn, NY 11215",3008910026,,,"20Th Street, Brooklyn, NY 11215",source_bbl_found_in_official_nyc_data|parcel_has_multiple_unresolved_hpd_buildings|primary_address_matches_2_hpd_buildings,145047|1003183
stabili-7db87e83-4839-5327-a898-a41440559485,brooklyn-2024-p112-r21,ambiguous,manual_review,"300 20th Street, Brooklyn, NY 11215",3008910037,,,"300 20 Street, Brooklyn, NY 11215",source_bbl_found_in_official_nyc_data|parcel_has_multiple_unresolved_hpd_buildings|primary_address_matches_2_hpd_buildings,145064|932311
stabili-1ea10432-bb56-57ed-8b6e-1a2001694da4,brooklyn-2024-p114-r8,ambiguous,manual_review,"426–428 4th Avenue, Brooklyn, NY 11215",3009970047,,,"426 4 Avenue, Brooklyn, NY 11215",source_bbl_found_in_official_nyc_data|parcel_has_multiple_unresolved_hpd_buildings|primary_address_matches_2_hpd_buildings,129043|888383
stabili-397b60d0-c6cb-5039-8965-6d523e903a8a,brooklyn-2024-p114-r9,ambiguous,manual_review,"451 4th Street, Brooklyn, NY 11215",3009830045,,,"232 7 Avenue, Brooklyn, NY 11215",source_bbl_found_in_official_nyc_data|parcel_has_multiple_unresolved_hpd_buildings,807387|924358
stabili-0e6771c6-d4e1-5ce5-b9f9-1530cfce89f6,brooklyn-2024-p114-r21,ambiguous,manual_review,"541–555 4th Avenue, Brooklyn, NY 11215",3010470003,,,"555 4 Avenue, Brooklyn, NY 11215",source_bbl_found_in_official_nyc_data|parcel_has_multiple_unresolved_hpd_buildings|primary_address_matches_2_hpd_buildings,129271|970803
stabili-b3a05a9a-d059-5035-ae26-119de60d610a,brooklyn-2024-p114-r27,ambiguous,manual_review,"582–588 4th Avenue, Brooklyn, NY 11215",3010510039,,,"584 4 Avenue, Brooklyn, NY 11215",source_bbl_found_in_official_nyc_data|parcel_has_multiple_unresolved_hpd_buildings|primary_address_matches_2_hpd_buildings,129340|1010528
stabili-c08dfe9b-031e-5b42-a574-3210fb15890f,brooklyn-2024-p115-r30,ambiguous,manual_review,"211 6th Avenue, Brooklyn, NY 11215",3009570003,,,"756 Union Street, Brooklyn, NY 11215",source_bbl_found_in_official_nyc_data|parcel_has_multiple_unresolved_hpd_buildings,383876|809719
stabili-2095f528-21b3-54f0-a6cb-9acc28be3e93,brooklyn-2024-p116-r3,ambiguous,manual_review,"585–593 6th Avenue, Brooklyn, NY 11215",3010540010,,,"593 6 Avenue, Brooklyn, NY 11215",source_bbl_found_in_official_nyc_data|parcel_has_multiple_unresolved_hpd_buildings|primary_address_matches_2_hpd_buildings,132399|926457
stabili-bd7292b5-abe0-5740-862d-266267ee31db,brooklyn-2024-p118-r56,ambiguous,manual_review,"262–264 9th Street, Brooklyn, NY 11215",3010100010,,,"262 9 Street, Brooklyn, NY 11215",source_bbl_found_in_official_nyc_data|parcel_has_multiple_unresolved_hpd_buildings|primary_address_matches_2_hpd_buildings,135241|1001857
stabili-03b94215-6e09-5a64-ba32-27287f6ac5d5,brooklyn-2024-p120-r34,ambiguous,manual_review,"1 Prospect Park Southwest, Brooklyn, NY 11215",3011060005,,,"1 Prospect Park Sw, Brooklyn, NY 11215",source_bbl_found_in_official_nyc_data|parcel_has_multiple_unresolved_hpd_buildings,141666|969733
stabili-51688728-944a-55b1-b631-daa09f32d70c,brooklyn-2024-p120-r53,ambiguous,manual_review,"135 Prospect Avenue, Brooklyn, NY 11215",3010510065,,,"135 Prospect Avenue, Brooklyn, NY 11215",source_bbl_found_in_official_nyc_data|parcel_has_multiple_unresolved_hpd_buildings|primary_address_matches_2_hpd_buildings,356094|994873
stabili-f025a652-08d0-5d33-8ec7-25bee1b6dcf6,brooklyn-2024-p123-r3,ambiguous,manual_review,"1247–1249 Atlantic Avenue, Brooklyn, NY 11216",3018670088,,,"1247 Atlantic Avenue, Brooklyn, NY 11216",source_bbl_found_in_official_nyc_data|parcel_has_multiple_unresolved_hpd_buildings|primary_address_matches_2_hpd_buildings,185614|989123
stabili-deaf2ced-34fb-5d2f-996f-bf9392c0b51c,brooklyn-2024-p123-r14,ambiguous,manual_review,"1078–1082 Bedford Avenue, Brooklyn, NY 11216",3019680029,,,"1078 Bedford Avenue, Brooklyn, NY 11216",source_bbl_found_in_official_nyc_data|parcel_has_multiple_unresolved_hpd_buildings|primary_address_matches_2_hpd_buildings,205487|807738
stabili-cdd08696-ed35-5c07-9527-150f3f0fc75b,brooklyn-2024-p123-r17,ambiguous,manual_review,"1104 Bedford Avenue, Brooklyn, NY 11216",3019710028,,,"1104 Bedford Avenue, Brooklyn, NY 11216",source_bbl_found_in_official_nyc_data|parcel_has_multiple_unresolved_hpd_buildings|primary_address_matches_2_hpd_buildings,205502|991164
stabili-b54681bb-0f56-5d1e-b17a-f8c4d679ac7f,brooklyn-2024-p123-r56,ambiguous,manual_review,"1495–1505 Bedford Avenue, Brooklyn, NY 11216",3012530007,,,"1499 Bedford Avenue, Brooklyn, NY 11216",source_bbl_found_in_official_nyc_data|parcel_has_multiple_unresolved_hpd_buildings|primary_address_matches_2_hpd_buildings,205708|996625
stabili-fab29906-9bfa-5645-8245-39ec6aa9dc4a,brooklyn-2024-p124-r50,ambiguous,manual_review,"185 Clifton Place, Brooklyn, NY 11216",3019500053,,,"185 Clifton Place, Brooklyn, NY 11216",source_bbl_found_in_official_nyc_data|parcel_has_multiple_unresolved_hpd_buildings|primary_address_matches_2_hpd_buildings,222533|905901
stabili-caa07aae-94e3-5792-b5e2-281edc998bfe,brooklyn-2024-p125-r27,ambiguous,manual_review,"1242–1244 Dean Street, Brooklyn, NY 11216",3012130030,,,"1242 Dean Street, Brooklyn, NY 11216",source_bbl_found_in_official_nyc_data|parcel_has_multiple_unresolved_hpd_buildings|primary_address_matches_2_hpd_buildings,230768|808062
stabili-8d85df34-07f5-592c-a066-8eda4227f914,brooklyn-2024-p125-r46,ambiguous,manual_review,"14 Decatur Street, Brooklyn, NY 11216",3018570031,,,"1461 Fulton Street, Brooklyn, NY 11216",source_bbl_found_in_official_nyc_data|parcel_has_multiple_unresolved_hpd_buildings,297450|839388
stabili-1d74131e-d26c-56fc-9458-bba3f078d1ab,brooklyn-2024-p126-r4,ambiguous,manual_review,"745 Dekalb Avenue, Brooklyn, NY 11216",3017750051,,,"745 Dekalb Avenue, Brooklyn, NY 11216",source_bbl_found_in_official_nyc_data|parcel_has_multiple_unresolved_hpd_buildings,230370|808058
stabili-7d14d28e-213d-5547-9301-7c18a542e6cc,brooklyn-2024-p126-r7,ambiguous,manual_review,"371–377 Eastern Parkway, Brooklyn, NY 11216",3012590047,,,"377 Eastern Parkway, Brooklyn, NY 11216",source_bbl_found_in_official_nyc_data|parcel_has_multiple_unresolved_hpd_buildings|primary_address_matches_2_hpd_buildings,287814|808241
stabili-6355da09-8e27-5b99-9037-d7f120484ce4,brooklyn-2024-p126-r36,ambiguous,manual_review,"1423–1425 Fulton Street, Brooklyn, NY 11216",3018540049,,,"1425 Fulton Street, Brooklyn, NY 11216",source_bbl_found_in_official_nyc_data|parcel_has_multiple_unresolved_hpd_buildings|primary_address_matches_2_hpd_buildings,297424|1000435
stabili-883e5f4d-4f49-52b2-ac4a-f385a0072f1d,brooklyn-2024-p126-r37,ambiguous,manual_review,"1430 Fulton Street, Brooklyn, NY 11216",3018630010,,,"1428 Fulton Street, Brooklyn, NY 11216",source_bbl_found_in_official_nyc_data|parcel_has_multiple_unresolved_hpd_buildings|primary_address_matches_2_hpd_buildings,297428|1000611
stabili-3c5a0f8f-4b32-50de-a621-d34dee6f1caa,brooklyn-2024-p126-r46,ambiguous,manual_review,"1557 Fulton Street, Brooklyn, NY 11216",3018580039,,,"1555 Fulton Street, Brooklyn, NY 11216",source_bbl_found_in_official_nyc_data|parcel_has_multiple_unresolved_hpd_buildings|primary_address_matches_2_hpd_buildings,297520|876203|995093
stabili-46ffdbf2-6cc6-574e-970b-c8a03a3aa520,brooklyn-2024-p127-r18,ambiguous,manual_review,"500 Gates Avenue, Brooklyn, NY 11216",3018140017,,,"500 Gates Avenue, Brooklyn, NY 11216",source_bbl_found_in_official_nyc_data|parcel_has_multiple_unresolved_hpd_buildings|primary_address_matches_2_hpd_buildings,299457|974501
stabili-38eb3cb2-685e-5914-958e-ee75ad5b5254,brooklyn-2024-p127-r23,ambiguous,manual_review,"360 Greene Avenue, Brooklyn, NY 11216",3019680014,,,"360 Greene Avenue, Brooklyn, NY 11216",source_bbl_found_in_official_nyc_data|parcel_has_multiple_unresolved_hpd_buildings|primary_address_matches_2_hpd_buildings,304117|862265
stabili-4938dd4c-d1bd-5515-b426-4b59bfbd421a,brooklyn-2024-p127-r42,ambiguous,manual_review,"86 Halsey Street, Brooklyn, NY 11216",3018430020,,,"500 Nostrand Avenue, Brooklyn, NY 11216",source_bbl_found_in_official_nyc_data|parcel_has_multiple_unresolved_hpd_buildings,346838|808776
stabili-e6d4fa3d-3b25-5fd7-9ec9-be22d7b861fe,brooklyn-2024-p128-r46,ambiguous,manual_review,"85 Herkimer Street, Brooklyn, NY 11216",3018600066,,,"Herkimer Street, Brooklyn, NY 11216",source_bbl_found_in_official_nyc_data|parcel_has_multiple_unresolved_hpd_buildings|primary_address_matches_2_hpd_buildings,311666|1008550
stabili-8f7ae25d-f4c4-589f-8e0e-56a0064ea148,brooklyn-2024-p128-r54,ambiguous,manual_review,"164 Herkimer Street, Brooklyn, NY 11216",3018670036,,,"164 Herkimer Street, Brooklyn, NY 11216",source_bbl_found_in_official_nyc_data|parcel_has_multiple_unresolved_hpd_buildings|primary_address_matches_2_hpd_buildings,311402|955520
stabili-1f3dfcd7-fee0-511f-a9ef-1ab55e35ec42,brooklyn-2024-p129-r1,ambiguous,manual_review,"327 Herkimer Street, Brooklyn, NY 11216",3018630059,,,"327 Herkimer Street, Brooklyn, NY 11216",source_bbl_found_in_official_nyc_data|parcel_has_multiple_unresolved_hpd_buildings|primary_address_matches_2_hpd_buildings,311454|954116
stabili-68f9b47d-40f2-5e72-a06c-21be5217f277,brooklyn-2024-p129-r3,ambiguous,manual_review,"117–121 Jefferson Avenue, Brooklyn, NY 11216",3018270089,,,"117 Jefferson Avenue, Brooklyn, NY 11216",source_bbl_found_in_official_nyc_data|parcel_has_multiple_unresolved_hpd_buildings|primary_address_matches_2_hpd_buildings,316731|808599
stabili-ce3166bf-aab1-5cae-a432-b699604ea2ad,brooklyn-2024-p129-r35,ambiguous,manual_review,"194 Lexington Avenue, Brooklyn, NY 11216",3018020013,,,"194 Lexington Avenue, Brooklyn, NY 11216",source_bbl_found_in_official_nyc_data|parcel_has_multiple_unresolved_hpd_buildings|primary_address_matches_2_hpd_buildings,324967|995419
stabili-68b0b991-ae5c-5a96-9728-78cbc3beda8c,brooklyn-2024-p129-r39,ambiguous,manual_review,"410 Lexington Avenue, Brooklyn, NY 11216",3018057502,,,"420 Lexington Avenue, Brooklyn, NY 11221",source_bbl_found_in_official_nyc_data|parcel_has_multiple_unresolved_hpd_buildings,381589|979559
stabili-16d45249-cd47-5272-83bd-2fba4e22a543,brooklyn-2024-p130-r5,ambiguous,manual_review,"25 Macdonough Street, Brooklyn, NY 11216",3018510063,,,"25 Mac Donough Street, Brooklyn, NY 11216",source_bbl_found_in_official_nyc_data|parcel_has_multiple_unresolved_hpd_buildings,334478|984130
stabili-63fa52a4-b932-51c8-abcc-9fbfe7219243,brooklyn-2024-p130-r19,ambiguous,manual_review,"29 Macon Street, Brooklyn, NY 11216",3018430020,,,"500 Nostrand Avenue, Brooklyn, NY 11216",source_bbl_found_in_official_nyc_data|parcel_has_multiple_unresolved_hpd_buildings,346838|808776
stabili-ac27028b-3e5d-57db-9b40-0feb38fd362a,brooklyn-2024-p131-r19,ambiguous,manual_review,"80 New York Avenue, Brooklyn, NY 11216",3012070034,,,"1316 Pacific Street, Brooklyn, NY 11216",source_bbl_found_in_official_nyc_data|parcel_has_multiple_unresolved_hpd_buildings,349517|965272
stabili-a401c49c-f166-5653-8ef8-28a053ba714f,brooklyn-2024-p131-r42,ambiguous,manual_review,"347 Nostrand Avenue, Brooklyn, NY 11216",3018087501,,,"349 Nostrand Avenue, Brooklyn, NY 11216",source_bbl_found_in_official_nyc_data|parcel_has_multiple_unresolved_hpd_buildings|primary_address_matches_2_hpd_buildings,939708|939709|939710|939711|956530|965608
stabili-302e0991-76a6-53a9-aa4e-5987bf837ecf,brooklyn-2024-p132-r38,ambiguous,manual_review,"1295 Pacific Street, Brooklyn, NY 11216",3012010074,,,"573 Nostrand Avenue, Brooklyn, NY 11216",source_bbl_found_in_official_nyc_data|parcel_has_multiple_unresolved_hpd_buildings,346867|993844
stabili-e408362d-c3d8-544b-a2a9-4ba89abb73e3,brooklyn-2024-p132-r56,ambiguous,manual_review,"1435 Pacific Street, Brooklyn, NY 11216",3012030071,,,"1435 Pacific Street, Brooklyn, NY 11216",source_bbl_found_in_official_nyc_data|parcel_has_multiple_unresolved_hpd_buildings|primary_address_matches_2_hpd_buildings,349613|838070
stabili-b5775017-b2b7-54ca-a7da-7c662045c1e0,brooklyn-2024-p133-r40,ambiguous,manual_review,"678 Prospect Place, Brooklyn, NY 11216",3012310041,,,"678 Prospect Place, Brooklyn, NY 11216",source_bbl_found_in_official_nyc_data|parcel_has_multiple_unresolved_hpd_buildings|primary_address_matches_2_hpd_buildings,357255|933342
stabili-f23fdc8a-230c-507a-900b-33a4ff7ed8bb,brooklyn-2024-p133-r44,ambiguous,manual_review,"730 Prospect Place, Brooklyn, NY 11216",3012330016,,,"730 Prospect Place, Brooklyn, NY 11216",source_bbl_found_in_official_nyc_data|parcel_has_multiple_unresolved_hpd_buildings|primary_address_matches_3_hpd_buildings,357271|868328|967050
stabili-98466cc9-ace9-50d6-a9f7-7fb34f870c39,brooklyn-2024-p133-r47,ambiguous,manual_review,"761–767 Prospect Place, Brooklyn, NY 11216",3012260055,,,"767 Prospect Place, Brooklyn, NY 11216",source_bbl_found_in_official_nyc_data|parcel_has_multiple_unresolved_hpd_buildings|primary_address_matches_2_hpd_buildings,357284|809226
stabili-5d319323-20fd-53e2-8b31-89c449ff95bb,brooklyn-2024-p134-r2,ambiguous,manual_review,"168 Putnam Avenue, Brooklyn, NY 11216",3019960022,,,"168 Putnam Avenue, Brooklyn, NY 11216",source_bbl_found_in_official_nyc_data|parcel_has_multiple_unresolved_hpd_buildings|primary_address_matches_2_hpd_buildings,357949|833623
stabili-188d6bc3-ec4f-5c80-95ac-d48d2f14c2b3,brooklyn-2024-p134-r36,ambiguous,manual_review,"32 Rogers Avenue, Brooklyn, NY 11216",3012180005,,,"1387 Bedford Avenue, Brooklyn, NY 11216",source_bbl_found_in_official_nyc_data|parcel_has_multiple_unresolved_hpd_buildings,205634|1018328
stabili-1ebc37b4-967d-5100-9dc3-f061f0fbe6c0,brooklyn-2024-p134-r40,ambiguous,manual_review,"83–93 Rogers Avenue, Brooklyn, NY 11216",3012260080,,,"85 Rogers Avenue, Brooklyn, NY 11216",source_bbl_found_in_official_nyc_data|parcel_has_multiple_unresolved_hpd_buildings|primary_address_matches_2_hpd_buildings,364010|991650
stabili-42c6a6a6-00d0-58fa-a1c9-5276519e70b3,brooklyn-2024-p134-r54,ambiguous,manual_review,"158 Rogers Avenue, Brooklyn, NY 11216",3012530033,,,"158 Rogers Avenue, Brooklyn, NY 11216",source_bbl_found_in_official_nyc_data|parcel_has_multiple_unresolved_hpd_buildings|primary_address_matches_2_hpd_buildings,363715|845692
stabili-8192ac81-6efb-54c6-aca1-c69e7d91d46b,brooklyn-2024-p135-r15,ambiguous,manual_review,"806 Saint Johns Place, Brooklyn, NY 11216",3012540026,,,"808 St Johns Place, Brooklyn, NY 11216",source_bbl_found_in_official_nyc_data|parcel_has_multiple_unresolved_hpd_buildings,374153|973717|982140|982142|999722
stabili-eb7e0738-c0db-5617-aead-8f0f4a60a7a8,brooklyn-2024-p135-r55,ambiguous,manual_review,"701 Saint Marks Avenue, Brooklyn, NY 11216",3012200001,,,"637 Nostrand Avenue, Brooklyn, NY 11216",source_bbl_found_in_official_nyc_data|parcel_has_multiple_unresolved_hpd_buildings,346893|1014792
stabili-2b748d8e-7d85-51a6-8b4d-a09bf4b5036b,brooklyn-2024-p135-r56,ambiguous,manual_review,"705 Saint Marks Avenue, Brooklyn, NY 11216",3012200078,,,"705 St Marks Avenue, Brooklyn, NY 11216",source_bbl_found_in_official_nyc_data|parcel_has_multiple_unresolved_hpd_buildings,374977|942426
stabili-8c5b6753-5e4f-518a-8bf5-9c57348eccd9,brooklyn-2024-p136-r1,ambiguous,manual_review,"715 Saint Marks Avenue, Brooklyn, NY 11216",3012200019,,,"715 St Marks Avenue, Brooklyn, NY 11216",source_bbl_found_in_official_nyc_data|parcel_has_multiple_unresolved_hpd_buildings,208183|1006737
stabili-8ca0e91c-e99c-5048-9366-5cc1d4b44c9f,brooklyn-2024-p136-r27,ambiguous,manual_review,"797 Sterling Place, Brooklyn, NY 11216",3012400069,,,"797 Sterling Place, Brooklyn, NY 11216",source_bbl_found_in_official_nyc_data|parcel_has_multiple_unresolved_hpd_buildings|primary_address_matches_2_hpd_buildings,376883|939780
stabili-b72aedc1-f4f4-505a-b21d-32b91309a916,brooklyn-2024-p136-r33,ambiguous,manual_review,"939 Sterling Place, Brooklyn, NY 11216",3012410045,,,"939 Sterling Place, Brooklyn, NY 11216",source_bbl_found_in_official_nyc_data|parcel_has_multiple_unresolved_hpd_buildings,343846|838519
stabili-7223a64f-4c86-5710-b2d4-c29f42ed1778,brooklyn-2024-p136-r39,ambiguous,manual_review,"588 Throop Avenue, Brooklyn, NY 11216",3018400048,,,"299 Halsey Street, Brooklyn, NY 11216",source_bbl_found_in_official_nyc_data|parcel_has_multiple_unresolved_hpd_buildings,305794|809687
stabili-900c76b0-0dbe-529c-8804-70324d8e926f,brooklyn-2024-p136-r47,ambiguous,manual_review,"288–290 Tompkins Avenue, Brooklyn, NY 11216",3018040037,,,"288 Tompkins Avenue, Brooklyn, NY 11216",source_bbl_found_in_official_nyc_data|parcel_has_multiple_unresolved_hpd_buildings|primary_address_matches_2_hpd_buildings,381592|966945
stabili-7dd84d05-7a93-5c45-b20e-24cefe8ec5bf,brooklyn-2024-p137-r23,ambiguous,manual_review,"110 4th Avenue, Brooklyn, NY 11217",3004010041,,,"110 4 Avenue, Brooklyn, NY 11217",source_bbl_found_in_official_nyc_data|parcel_has_multiple_unresolved_hpd_buildings|primary_address_matches_2_hpd_buildings,128883|901503
stabili-8db6198f-d56e-53bf-a859-6162d9164136,brooklyn-2024-p138-r1,ambiguous,manual_review,"75 6th Avenue, Brooklyn, NY 11217",3011430008,,,"249 Flatbush Avenue, Brooklyn, NY 11217",source_bbl_found_in_official_nyc_data|parcel_has_multiple_unresolved_hpd_buildings|primary_address_matches_2_hpd_buildings,132562|807382
stabili-247c2a7d-0e3d-5cd1-bea8-78d8f7a959a1,brooklyn-2024-p138-r48,ambiguous,manual_review,"255–259 Bergen Street, Brooklyn, NY 11217",3001970055,,,"255 Bergen Street, Brooklyn, NY 11217",source_bbl_found_in_official_nyc_data|parcel_has_multiple_unresolved_hpd_buildings|primary_address_matches_2_hpd_buildings,208753|807772
stabili-3ab5700d-3cb6-5fd8-a493-5fc8dc5cc79f,brooklyn-2024-p139-r7,ambiguous,manual_review,"528–532 Bergen Street, Brooklyn, NY 11217",3011430035,,,"528 Bergen Street, Brooklyn, NY 11217",source_bbl_found_in_official_nyc_data|parcel_has_multiple_unresolved_hpd_buildings|primary_address_matches_2_hpd_buildings,208907|907547
stabili-833b1c5d-d62f-5a09-9f17-9c7097c0a6ab,brooklyn-2024-p140-r15,ambiguous,manual_review,"89 Hanson Place, Brooklyn, NY 11217",3021150017,,,"87 Hanson Place, Brooklyn, NY 11217",source_bbl_found_in_official_nyc_data|parcel_has_multiple_unresolved_hpd_buildings,307581|1001834
stabili-7fd54bf7-d9f6-5edb-9cc3-05444e9f0f61,brooklyn-2024-p141-r12,ambiguous,manual_review,"115–117 Prospect Place, Brooklyn, NY 11217",3011500062,,,"115 Prospect Place, Brooklyn, NY 11217",source_bbl_found_in_official_nyc_data|parcel_has_multiple_unresolved_hpd_buildings|primary_address_matches_2_hpd_buildings,356668|809221
stabili-ff04e75e-ae75-526c-bf0d-f67eefc9033b,brooklyn-2024-p142-r22,ambiguous,manual_review,"76–78 Saint Marks Avenue, Brooklyn, NY 11217",3009360008,,,"76 St Marks Avenue, Brooklyn, NY 11217",source_bbl_found_in_official_nyc_data|parcel_has_multiple_unresolved_hpd_buildings,374991|809524
stabili-289bbaa4-1dc6-5afc-a22c-3b53eaf22938,brooklyn-2024-p142-r24,ambiguous,manual_review,"80–82 Saint Marks Avenue, Brooklyn, NY 11217",3009360008,,,"76 St Marks Avenue, Brooklyn, NY 11217",source_bbl_found_in_official_nyc_data|parcel_has_multiple_unresolved_hpd_buildings,374991|809524
stabili-75b172a5-1514-5f31-af36-aef28cc34801,brooklyn-2024-p145-r32,ambiguous,manual_review,"334 Dahill Road, Brooklyn, NY 11218",3053680013,,,"334 Dahill Road, Brooklyn, NY 11218",source_bbl_found_in_official_nyc_data|parcel_has_multiple_unresolved_hpd_buildings|primary_address_matches_2_hpd_buildings,229410|966382
stabili-77c4f3c2-7648-54fd-ba17-44270a09b99a,brooklyn-2024-p146-r48,ambiguous,manual_review,"475 East 8th Street, Brooklyn, NY 11218",3053920085,,,"475 East 8 Street, Brooklyn, NY 11218",source_bbl_found_in_official_nyc_data|parcel_has_multiple_unresolved_hpd_buildings|primary_address_matches_2_hpd_buildings,240716|911161
stabili-29899e0d-a19a-51b9-87aa-294c954bbdb3,brooklyn-2024-p146-r51,ambiguous,manual_review,"263 East 9th Street, Brooklyn, NY 11218",3053610055,,,"263 East 9 Street, Brooklyn, NY 11218",source_bbl_found_in_official_nyc_data|parcel_has_multiple_unresolved_hpd_buildings|primary_address_matches_2_hpd_buildings,241354|1004115
stabili-3dcff212-49a0-50a0-94e1-5f53f9a26358,brooklyn-2024-p147-r2,ambiguous,manual_review,"333 Mcdonald Avenue, Brooklyn, NY 11218",3053240001,,,"333 Mcdonald Avenue, Brooklyn, NY 11218",source_bbl_found_in_official_nyc_data|parcel_has_multiple_unresolved_hpd_buildings,334117|807908|807909
stabili-25593425-89a1-5237-8f09-e51f0c9409e8,brooklyn-2024-p147-r23,ambiguous,manual_review,"553 Mcdonald Avenue, Brooklyn, NY 11218",3053530059,,,"553 Mcdonald Avenue, Brooklyn, NY 11218",source_bbl_found_in_official_nyc_data|parcel_has_multiple_unresolved_hpd_buildings,334205|996430|1009933
stabili-cf69e638-30a7-51fa-be84-ac3f4bce648d,brooklyn-2024-p147-r31,ambiguous,manual_review,"100 Ocean Parkway, Brooklyn, NY 11218",3053190024,,,"100 Ocean Parkway, Brooklyn, NY 11218",source_bbl_found_in_official_nyc_data|parcel_has_multiple_unresolved_hpd_buildings|primary_address_matches_2_hpd_buildings,347869|809076
stabili-e5bd3b36-579b-5b73-a2d0-c487df42b598,brooklyn-2024-p148-r34,ambiguous,manual_review,"571 Ocean Parkway, Brooklyn, NY 11218",3054000072,,,"571 Ocean Parkway, Brooklyn, NY 11218",source_bbl_found_in_official_nyc_data|parcel_has_multiple_unresolved_hpd_buildings|primary_address_matches_2_hpd_buildings,348602|1008187
stabili-a7717c39-9dad-594c-8316-3deb29f69b3d,brooklyn-2024-p148-r36,ambiguous,manual_review,"581 Ocean Parkway, Brooklyn, NY 11218",3054000068,,,"581 Ocean Parkway, Brooklyn, NY 11218",source_bbl_found_in_official_nyc_data|parcel_has_multiple_unresolved_hpd_buildings|primary_address_matches_2_hpd_buildings,348605|969178
stabili-04c91d84-1c08-5969-81ac-6177654644c6,brooklyn-2024-p148-r43,ambiguous,manual_review,"1218–1224 Prospect Avenue, Brooklyn, NY 11218",3052740009,,,"1224 Prospect Avenue, Brooklyn, NY 11218",source_bbl_found_in_official_nyc_data|parcel_has_multiple_unresolved_hpd_buildings|primary_address_matches_2_hpd_buildings,356042|937459
stabili-9ff2ec9f-614a-5167-8b90-af88c280550e,brooklyn-2024-p148-r51,ambiguous,manual_review,"38 Stratford Road, Brooklyn, NY 11218",3050710022,,,"38 Stratford Road, Brooklyn, NY 11218",source_bbl_found_in_official_nyc_data|parcel_has_multiple_unresolved_hpd_buildings|primary_address_matches_2_hpd_buildings,242265|1003772
stabili-2ade624f-502d-513c-91fb-9d362ff11a5e,brooklyn-2024-p151-r5,ambiguous,manual_review,"929–931 42nd Street, Brooklyn, NY 11219",3055900068,,,"933 42 Street, Brooklyn, NY 11219",source_bbl_found_in_official_nyc_data|parcel_has_multiple_unresolved_hpd_buildings|primary_address_matches_2_hpd_buildings,149887|943149
stabili-2e886c3c-ff0a-5e65-94a4-51dac5d19259,brooklyn-2024-p151-r14,ambiguous,manual_review,"1225 42nd Street, Brooklyn, NY 11219",3055930060,,,"1225 42 Street, Brooklyn, NY 11219",source_bbl_found_in_official_nyc_data|parcel_has_multiple_unresolved_hpd_buildings|primary_address_matches_2_hpd_buildings,149476|999265
stabili-73038dfe-8fbc-509b-8dce-85989d9e7337,brooklyn-2024-p152-r13,ambiguous,manual_review,"1154–1156 46th Street, Brooklyn, NY 11219",3056210032,,,"1154 46 Street, Brooklyn, NY 11219",source_bbl_found_in_official_nyc_data|parcel_has_multiple_unresolved_hpd_buildings|primary_address_matches_2_hpd_buildings,151641|924296
stabili-8ccee486-8b30-594c-ab16-d6db25277a18,brooklyn-2024-p152-r16,ambiguous,manual_review,"1343 46th Street, Brooklyn, NY 11219",3056170059,,,"1345 46 Street, Brooklyn, NY 11219",source_bbl_found_in_official_nyc_data|parcel_has_multiple_unresolved_hpd_buildings,151703|904198
stabili-44a540a7-4b8a-54fa-b5bd-ae49342becd6,brooklyn-2024-p152-r17,ambiguous,manual_review,"1345 46th Street, Brooklyn, NY 11219",3056170059,,,"1345 46 Street, Brooklyn, NY 11219",source_bbl_found_in_official_nyc_data|parcel_has_multiple_unresolved_hpd_buildings|primary_address_matches_2_hpd_buildings,151703|904198
stabili-13e7dc9f-fad2-580c-842c-63276f25a6be,brooklyn-2024-p152-r27,ambiguous,manual_review,"1154 47th Street, Brooklyn, NY 11219",3056270051,,,"1154 47 Street, Brooklyn, NY 11219",source_bbl_found_in_official_nyc_data|parcel_has_multiple_unresolved_hpd_buildings|primary_address_matches_2_hpd_buildings,152207|950268
stabili-d5065728-0027-5ccb-b110-54367ee3d642,brooklyn-2024-p152-r29,ambiguous,manual_review,"1178 47th Street, Brooklyn, NY 11219",3056270057,,,"1178 47 Street, Brooklyn, NY 11219",source_bbl_found_in_official_nyc_data|parcel_has_multiple_unresolved_hpd_buildings|primary_address_matches_2_hpd_buildings,810016|969559
stabili-a341fd81-5a45-55bc-998f-c6a589f61233,brooklyn-2024-p152-r33,ambiguous,manual_review,"1357 47th Street, Brooklyn, NY 11219",3056230054,,,"1357 47 Street, Brooklyn, NY 11219",source_bbl_found_in_official_nyc_data|parcel_has_multiple_unresolved_hpd_buildings|primary_address_matches_2_hpd_buildings,152273|893046
stabili-9c766394-6dd8-537c-9481-083bdf558090,brooklyn-2024-p153-r1,ambiguous,manual_review,"1252 50th Street, Brooklyn, NY 11219",3056480028,,,"1252 50 Street, Brooklyn, NY 11219",source_bbl_found_in_official_nyc_data|parcel_has_multiple_unresolved_hpd_buildings|primary_address_matches_2_hpd_buildings,154012|983482
stabili-95012819-8098-5fbf-be8c-bc37df51f17c,brooklyn-2024-p153-r7,ambiguous,manual_review,"1259 51st Street, Brooklyn, NY 11219",3056480053,,,"1259 51 Street, Brooklyn, NY 11219",source_bbl_found_in_official_nyc_data|parcel_has_multiple_unresolved_hpd_buildings|primary_address_matches_2_hpd_buildings,154684|992631
stabili-66950f00-5de6-5a9f-a3ae-c16e3bf1db51,brooklyn-2024-p153-r17,ambiguous,manual_review,"984 52nd Street, Brooklyn, NY 11219",3056590042,,,"984 52 Street, Brooklyn, NY 11219",source_bbl_found_in_official_nyc_data|parcel_has_multiple_unresolved_hpd_buildings|primary_address_matches_2_hpd_buildings,156068|949099
stabili-04f0e5b3-ce6a-59f7-9e83-5dddc66011f7,brooklyn-2024-p153-r52,ambiguous,manual_review,"1475 54th Street, Brooklyn, NY 11219",3056710042,,,"1479 54 Street, Brooklyn, NY 11219",source_bbl_found_in_official_nyc_data|parcel_has_multiple_unresolved_hpd_buildings,139996|939706|1001358
stabili-f63595b4-b455-5b32-8032-1271b9199130,brooklyn-2024-p154-r20,ambiguous,manual_review,"1056 57th Street, Brooklyn, NY 11219",3056950031,,,"1056 57 Street, Brooklyn, NY 11219",source_bbl_found_in_official_nyc_data|parcel_has_multiple_unresolved_hpd_buildings|primary_address_matches_2_hpd_buildings,159106|885043
stabili-33e8621a-c106-5f17-9214-540f6d700b64,brooklyn-2024-p154-r24,ambiguous,manual_review,"1064 57th Street, Brooklyn, NY 11219",3056950035,,,"1064 57 Street, Brooklyn, NY 11219",source_bbl_found_in_official_nyc_data|parcel_has_multiple_unresolved_hpd_buildings|primary_address_matches_2_hpd_buildings,159110|885047
stabili-530a960c-ccd6-5632-aba7-5cdd02419c9b,brooklyn-2024-p154-r54,ambiguous,manual_review,"1422 60th Street, Brooklyn, NY 11219",3057200015,,,"1422 60 Street, Brooklyn, NY 11219",source_bbl_found_in_official_nyc_data|parcel_has_multiple_unresolved_hpd_buildings|primary_address_matches_2_hpd_buildings,161623|950277
stabili-a47cd315-b43e-5360-8094-d9078ad045de,brooklyn-2024-p156-r16,ambiguous,manual_review,"1305 Bay Ridge Avenue, Brooklyn, NY 11219",3057750001,,,"6825 13 Avenue, Brooklyn, NY 11219",source_bbl_found_in_official_nyc_data|parcel_has_multiple_unresolved_hpd_buildings,138468|809968
stabili-7f9b8bf7-3a69-5ba9-aa79-81a326fd0a35,brooklyn-2024-p157-r20,ambiguous,manual_review,"807 44th Street, Brooklyn, NY 11220",3007330001,,,"4317 8 Avenue, Brooklyn, NY 11232",source_bbl_found_in_official_nyc_data|parcel_has_multiple_unresolved_hpd_buildings,134308|999127|1018683
stabili-b0de36e9-d691-5e92-87dd-adbb99e575e2,brooklyn-2024-p157-r32,ambiguous,manual_review,"606 45th Street, Brooklyn, NY 11220",3007490005,,,"4513 6 Avenue, Brooklyn, NY 11220",source_bbl_found_in_official_nyc_data|parcel_has_multiple_unresolved_hpd_buildings,132054|807378
stabili-cca01423-def3-52c2-b8ea-9c24c46324d8,brooklyn-2024-p160-r56,ambiguous,manual_review,"314 52nd Street, Brooklyn, NY 11220",3008060012,,,"314 52 Street, Brooklyn, NY 11220",source_bbl_found_in_official_nyc_data|parcel_has_multiple_unresolved_hpd_buildings|primary_address_matches_2_hpd_buildings,155709|952350
stabili-a91ce2b6-72ad-5d7b-bb87-657de6975ddc,brooklyn-2024-p162-r4,ambiguous,manual_review,"374 55th Street, Brooklyn, NY 11220",3008300033,,,"364 55 Street, Brooklyn, NY 11220",source_bbl_found_in_official_nyc_data|parcel_has_multiple_unresolved_hpd_buildings,158025|810035|810036
stabili-81d4e479-4e56-5332-ba5d-237c7f02ab98,brooklyn-2024-p164-r52,ambiguous,manual_review,"5223 5th Avenue, Brooklyn, NY 11220",3008080001,,,"5223 5 Avenue, Brooklyn, NY 11220",source_bbl_found_in_official_nyc_data|parcel_has_multiple_unresolved_hpd_buildings|primary_address_matches_2_hpd_buildings,130686|130687
stabili-831fc9be-c24e-5dc0-b183-61f61a8812e4,brooklyn-2024-p166-r10,ambiguous,manual_review,"843 60th Street, Brooklyn, NY 11220",3057070059,,,"843 60 Street, Brooklyn, NY 11220",source_bbl_found_in_official_nyc_data|parcel_has_multiple_unresolved_hpd_buildings|primary_address_matches_2_hpd_buildings,162264|971405
stabili-25cf17f5-9f00-5d8d-9b26-291dd1a65407,brooklyn-2024-p167-r28,ambiguous,manual_review,"375 64th Street, Brooklyn, NY 11220",3058080040,,,"6324 4 Avenue, Brooklyn, NY 11220",source_bbl_found_in_official_nyc_data|parcel_has_multiple_unresolved_hpd_buildings,129406|996727
stabili-8f7e5f58-2a2a-50dd-8c88-9d6c44c2bd07,brooklyn-2024-p169-r8,ambiguous,manual_review,"5313 6th Avenue, Brooklyn, NY 11220",3008170005,,,"5301 6 Avenue, Brooklyn, NY 11220",source_bbl_found_in_official_nyc_data|parcel_has_multiple_unresolved_hpd_buildings,132263|807380
stabili-03d0be30-9681-5e00-9830-bd091c4c9d0d,brooklyn-2024-p171-r41,ambiguous,manual_review,"18A Bleecker Street, Brooklyn, NY 11221",3033040007,,,"18A Bleecker Street, Brooklyn, NY 11221",source_bbl_found_in_official_nyc_data|parcel_has_multiple_unresolved_hpd_buildings|primary_address_matches_2_hpd_buildings,982013|993965
stabili-bd23bb78-573c-564e-9aaa-b90e2d3ad85c,brooklyn-2024-p171-r42,ambiguous,manual_review,"48 Bleecker Street, Brooklyn, NY 11221",3033050012,,,"48 Bleecker Street, Brooklyn, NY 11221",source_bbl_found_in_official_nyc_data|parcel_has_multiple_unresolved_hpd_buildings|primary_address_matches_2_hpd_buildings,210816|1004291
stabili-1173115a-5c21-58cd-8010-7146decd0d53,brooklyn-2024-p171-r53,ambiguous,manual_review,"142–148 Bleecker Street, Brooklyn, NY 11221",3033060018,,,"150 Bleecker Street, Brooklyn, NY 11221",source_bbl_found_in_official_nyc_data|parcel_has_multiple_unresolved_hpd_buildings|primary_address_matches_2_hpd_buildings,996509|997057|999803
stabili-eb4f2c8c-5693-5132-9b98-14cde2f2a9a3,brooklyn-2024-p172-r22,ambiguous,manual_review,"1207 Broadway, Brooklyn, NY 11221",3032730005,,,"1207 Broadway, Brooklyn, NY 11221",source_bbl_found_in_official_nyc_data|parcel_has_multiple_unresolved_hpd_buildings|primary_address_matches_2_hpd_buildings,213737|975936
stabili-b5369067-4171-5b3d-8da7-fb9e821cb787,brooklyn-2024-p172-r40,ambiguous,manual_review,"743 Bushwick Avenue, Brooklyn, NY 11221",3032260003,,,"743 Bushwick Avenue, Brooklyn, NY 11221",source_bbl_found_in_official_nyc_data|parcel_has_multiple_unresolved_hpd_buildings|primary_address_matches_2_hpd_buildings,216164|897610
stabili-5b285f6c-eb82-57ed-813b-29ade8136f62,brooklyn-2024-p172-r52,ambiguous,manual_review,"890–894 Bushwick Avenue, Brooklyn, NY 11221",3032730035,,,"890 Bushwick Avenue, Brooklyn, NY 11221",source_bbl_found_in_official_nyc_data|parcel_has_multiple_unresolved_hpd_buildings|primary_address_matches_2_hpd_buildings,216237|968130
stabili-be87eeee-3a5e-5d04-8c97-f992c2701a3b,brooklyn-2024-p172-r54,ambiguous,manual_review,"898 Bushwick Avenue, Brooklyn, NY 11221",3032730038,,,"898 Bushwick Avenue, Brooklyn, NY 11221",source_bbl_found_in_official_nyc_data|parcel_has_multiple_unresolved_hpd_buildings|primary_address_matches_2_hpd_buildings,216239|997785
stabili-f84e3b79-38b5-5b93-86a3-01badd3a0e64,brooklyn-2024-p173-r3,ambiguous,manual_review,"1001 Bushwick Avenue, Brooklyn, NY 11221",3033220001,,,"1001 Bushwick Avenue, Brooklyn, NY 11221",source_bbl_found_in_official_nyc_data|parcel_has_multiple_unresolved_hpd_buildings|primary_address_matches_2_hpd_buildings,215610|1008810
stabili-3fe7dfb0-2ac7-5157-98a0-6ad67578e319,brooklyn-2024-p173-r7,ambiguous,manual_review,"1140 Bushwick Avenue, Brooklyn, NY 11221",3033660041,,,"1140 Bushwick Avenue, Brooklyn, NY 11221",source_bbl_found_in_official_nyc_data|parcel_has_multiple_unresolved_hpd_buildings|primary_address_matches_2_hpd_buildings,215679|977039
stabili-8a4651d4-6036-5279-93b7-81294584c574,brooklyn-2024-p173-r13,ambiguous,manual_review,"15 Cedar Street, Brooklyn, NY 11221",3032260037,,,"17 Cedar Street, Brooklyn, NY 11221",source_bbl_found_in_official_nyc_data|parcel_has_multiple_unresolved_hpd_buildings|primary_address_matches_2_hpd_buildings,807912|971685
stabili-4e1792a3-e382-54f0-87f5-a5e75a34896d,brooklyn-2024-p173-r57,ambiguous,manual_review,"867–869 Dekalb Avenue, Brooklyn, NY 11221",3017770058,,,"867 Dekalb Avenue, Brooklyn, NY 11221",source_bbl_found_in_official_nyc_data|parcel_has_multiple_unresolved_hpd_buildings,230437|230438|974817
stabili-3f4cc6f9-b5ab-50d8-a368-ec3d59a359f8,brooklyn-2024-p174-r19,ambiguous,manual_review,"1141–1145 Dekalb Avenue, Brooklyn, NY 11221",3032300002,,,"1143 Dekalb Avenue, Brooklyn, NY 11221",source_bbl_found_in_official_nyc_data|parcel_has_multiple_unresolved_hpd_buildings,229883|939110
stabili-ea6a5f36-b43c-5d66-bd7e-845d9f665a0d,brooklyn-2024-p174-r28,ambiguous,manual_review,"1342 Dekalb Avenue, Brooklyn, NY 11221",3032450015,,,"1342 Dekalb Avenue, Brooklyn, NY 11221",source_bbl_found_in_official_nyc_data|parcel_has_multiple_unresolved_hpd_buildings,229962|886876
stabili-c27c908c-acd1-5ba8-911e-68297ee08034,brooklyn-2024-p174-r29,ambiguous,manual_review,"1345 Dekalb Avenue, Brooklyn, NY 11221",3032340054,,,"1345 Dekalb Avenue, Brooklyn, NY 11221",source_bbl_found_in_official_nyc_data|parcel_has_multiple_unresolved_hpd_buildings,823364|823412
stabili-b1f1d9f2-1b8f-5581-9df6-c4da21ca62fd,brooklyn-2024-p174-r48,ambiguous,manual_review,"263 Evergreen Avenue, Brooklyn, NY 11221",3032540007,,,"263 Evergreen Avenue, Brooklyn, NY 11221",source_bbl_found_in_official_nyc_data|parcel_has_multiple_unresolved_hpd_buildings|primary_address_matches_2_hpd_buildings,290668|950623
stabili-e51ec906-5637-58cf-b5f5-cb5140549ad8,brooklyn-2024-p174-r53,ambiguous,manual_review,"334 Evergreen Avenue, Brooklyn, NY 11221",3032640030,,,"334 Evergreen Avenue, Brooklyn, NY 11221",source_bbl_found_in_official_nyc_data|parcel_has_multiple_unresolved_hpd_buildings|primary_address_matches_2_hpd_buildings,290722|998965
stabili-d99c77ff-a13d-5ff6-a4ba-e9a00ccabf69,brooklyn-2024-p175-r2,ambiguous,manual_review,"491–493 Evergreen Avenue, Brooklyn, NY 11221",3033680007,,,"491 Evergreen Avenue, Brooklyn, NY 11221",source_bbl_found_in_official_nyc_data|parcel_has_multiple_unresolved_hpd_buildings|primary_address_matches_2_hpd_buildings,290786|1012841
stabili-c1e04d28-0ba6-5ee0-9ed7-b69b47627011,brooklyn-2024-p175-r4,ambiguous,manual_review,"522 Evergreen Avenue, Brooklyn, NY 11221",3033490032,,,"522 Evergreen Avenue, Brooklyn, NY 11221",source_bbl_found_in_official_nyc_data|parcel_has_multiple_unresolved_hpd_buildings|primary_address_matches_2_hpd_buildings,290804|996493
stabili-a48cbe52-22a4-538e-86ce-56c36a85c289,brooklyn-2024-p175-r27,ambiguous,manual_review,"650–660 Gates Avenue, Brooklyn, NY 11221",3016340001,,,"311 Marcus Garvey Blvd, Brooklyn, NY 11221",source_bbl_found_in_official_nyc_data|parcel_has_multiple_unresolved_hpd_buildings|primary_address_matches_2_hpd_buildings,808397|808399|948060|948062
stabili-5bf637ad-8460-5ca4-9008-44e09af96b0f,brooklyn-2024-p175-r29,ambiguous,manual_review,"690–700 Gates Avenue, Brooklyn, NY 11221",3016340001,,,"311 Marcus Garvey Blvd, Brooklyn, NY 11221",source_bbl_found_in_official_nyc_data|parcel_has_multiple_unresolved_hpd_buildings|primary_address_matches_2_hpd_buildings,808397|808399|948060|948062
stabili-dad0b2ce-979b-5d17-89a8-15235c2b1f20,brooklyn-2024-p175-r48,ambiguous,manual_review,"1183 Gates Avenue, Brooklyn, NY 11221",3033310021,,,"1183 Gates Avenue, Brooklyn, NY 11221",source_bbl_found_in_official_nyc_data|parcel_has_multiple_unresolved_hpd_buildings|primary_address_matches_2_hpd_buildings,299070|988276
stabili-3d77af69-cc76-50eb-924f-40462b93f516,brooklyn-2024-p176-r1,ambiguous,manual_review,"18 Goodwin Place, Brooklyn, NY 11221",3032930018,,,"18 Goodwin Place, Brooklyn, NY 11221",source_bbl_found_in_official_nyc_data|parcel_has_multiple_unresolved_hpd_buildings|primary_address_matches_2_hpd_buildings,301656|901819
stabili-74ba2b10-25bd-5c4e-bf2a-c126597b31d9,brooklyn-2024-p176-r2,ambiguous,manual_review,"20 Goodwin Place, Brooklyn, NY 11221",3032930018,,,"18 Goodwin Place, Brooklyn, NY 11221",source_bbl_found_in_official_nyc_data|parcel_has_multiple_unresolved_hpd_buildings|primary_address_matches_2_hpd_buildings,301656|901819
stabili-e03fb5a2-aaa0-5f0a-9d5d-5c02eec6d299,brooklyn-2024-p176-r16,ambiguous,manual_review,"735 Greene Avenue, Brooklyn, NY 11221",3016140076,,,"735 Greene Avenue, Brooklyn, NY 11221",source_bbl_found_in_official_nyc_data|parcel_has_multiple_unresolved_hpd_buildings|primary_address_matches_2_hpd_buildings,304446|972162
stabili-a7f9aa39-1ff7-59d3-b1f0-7ea0f8fdce56,brooklyn-2024-p176-r39,ambiguous,manual_review,"974 Greene Avenue, Brooklyn, NY 11221",3016220030,,,"974 Greene Avenue, Brooklyn, NY 11221",source_bbl_found_in_official_nyc_data|parcel_has_multiple_unresolved_hpd_buildings|primary_address_matches_3_hpd_buildings,304691|866896|970123
stabili-9cd59b40-43de-550f-a555-9b9242c02544,brooklyn-2024-p176-r56,ambiguous,manual_review,"1173 Greene Avenue, Brooklyn, NY 11221",3032850072,,,"1173 Greene Avenue, Brooklyn, NY 11221",source_bbl_found_in_official_nyc_data|parcel_has_multiple_unresolved_hpd_buildings|primary_address_matches_2_hpd_buildings,303795|977295
stabili-a5a15a16-dd19-59bf-9584-f39792c5ccd6,brooklyn-2024-p176-r57,ambiguous,manual_review,"1199 Greene Avenue, Brooklyn, NY 11221",3032850059,,,"1199 Greene Avenue, Brooklyn, NY 11221",source_bbl_found_in_official_nyc_data|parcel_has_multiple_unresolved_hpd_buildings|primary_address_matches_2_hpd_buildings,303821|895302
stabili-ec81b06e-3a8e-5a47-96a4-c5e4e0022b5e,brooklyn-2024-p177-r4,ambiguous,manual_review,"42 Grove Street, Brooklyn, NY 11221",3033210019,,,"42 Grove Street, Brooklyn, NY 11221",source_bbl_found_in_official_nyc_data|parcel_has_multiple_unresolved_hpd_buildings|primary_address_matches_2_hpd_buildings,305060|1009767
stabili-f8f4ea2b-9419-5a88-b843-af218ecd6de2,brooklyn-2024-p177-r10,ambiguous,manual_review,"103 Grove Street, Brooklyn, NY 11221",3033140075,,,"103 Grove Street, Brooklyn, NY 11221",source_bbl_found_in_official_nyc_data|parcel_has_multiple_unresolved_hpd_buildings|primary_address_matches_2_hpd_buildings,304936|997265
stabili-280be03c-7ef6-5631-aba3-0ab8c692a7f3,brooklyn-2024-p177-r51,ambiguous,manual_review,"98 Himrod Street, Brooklyn, NY 11221",3032750037,,,"98 Himrod Street, Brooklyn, NY 11221",source_bbl_found_in_official_nyc_data|parcel_has_multiple_unresolved_hpd_buildings|primary_address_matches_2_hpd_buildings,313004|988813
stabili-4d514f1c-5fa2-58cc-ab84-9ae0f7a2b49e,brooklyn-2024-p177-r52,ambiguous,manual_review,"100 Himrod Street, Brooklyn, NY 11221",3032750039,,,"100 Himrod Street, Brooklyn, NY 11221",source_bbl_found_in_official_nyc_data|parcel_has_multiple_unresolved_hpd_buildings|primary_address_matches_2_hpd_buildings,312800|969279
stabili-25aed24f-64c7-5c7b-9c00-94273da0294f,brooklyn-2024-p177-r56,ambiguous,manual_review,"31–39 Howard Avenue, Brooklyn, NY 11221",3014840047,,,"1001 Putnam Avenue, Brooklyn, NY 11221",source_bbl_found_in_official_nyc_data|parcel_has_multiple_unresolved_hpd_buildings,357634|981288
stabili-e77581f5-6eac-5264-b3bf-aa4251e7fa9a,brooklyn-2024-p178-r25,ambiguous,manual_review,"695 Jefferson Avenue, Brooklyn, NY 11221",3016510054,,,"695 Jefferson Avenue, Brooklyn, NY 11221",source_bbl_found_in_official_nyc_data|parcel_has_multiple_unresolved_hpd_buildings|primary_address_matches_2_hpd_buildings,317453|969533
stabili-bfc70bb4-0931-5a46-9dc8-298e8ecacdb7,brooklyn-2024-p178-r32,ambiguous,manual_review,"800–808 Jefferson Avenue, Brooklyn, NY 11221",3016580024,,,"804 Jefferson Avenue, Brooklyn, NY 11221",source_bbl_found_in_official_nyc_data|parcel_has_multiple_unresolved_hpd_buildings|primary_address_matches_2_hpd_buildings,317534|983574
stabili-9c4ff1d0-9197-5f63-b995-919c554e1774,brooklyn-2024-p179-r19,ambiguous,manual_review,"244–246 Kosciuszko Street, Brooklyn, NY 11221",3017860008,,,"244 Kosciuszko Street, Brooklyn, NY 11221",source_bbl_found_in_official_nyc_data|parcel_has_multiple_unresolved_hpd_buildings|primary_address_matches_2_hpd_buildings,321578|932766
stabili-481c0383-c631-51f4-bd8b-17b64a0a74ad,brooklyn-2024-p179-r29,ambiguous,manual_review,"329 Kosciuszko Street, Brooklyn, NY 11221",3017820064,,,"329 Kosciuszko Street, Brooklyn, NY 11221",source_bbl_found_in_official_nyc_data|parcel_has_multiple_unresolved_hpd_buildings|primary_address_matches_2_hpd_buildings,321638|952518
stabili-f2a59b6c-c656-5673-9f72-174a95bd643e,brooklyn-2024-p180-r9,ambiguous,manual_review,"733 Lafayette Avenue, Brooklyn, NY 11221",3017860057,,,"733 Lafayette Avenue, Brooklyn, NY 11221",source_bbl_found_in_official_nyc_data|parcel_has_multiple_unresolved_hpd_buildings|primary_address_matches_2_hpd_buildings,322391|946795
stabili-cc3a3669-2de3-5c8d-83e1-81954fdf3cec,brooklyn-2024-p180-r14,ambiguous,manual_review,"766 Lafayette Avenue, Brooklyn, NY 11221",3017920006,,,"766 Lafayette Avenue, Brooklyn, NY 11221",source_bbl_found_in_official_nyc_data|parcel_has_multiple_unresolved_hpd_buildings|primary_address_matches_2_hpd_buildings,322422|966878
stabili-e08e7270-e386-5777-9d6e-6517a6e02560,brooklyn-2024-p180-r15,ambiguous,manual_review,"776 Lafayette Avenue, Brooklyn, NY 11221",3017920012,,,"776 Lafayette Avenue, Brooklyn, NY 11221",source_bbl_found_in_official_nyc_data|parcel_has_multiple_unresolved_hpd_buildings|primary_address_matches_2_hpd_buildings,322429|869459
stabili-36448f5c-9afa-55f8-9c58-e29307445d34,brooklyn-2024-p181-r8,ambiguous,manual_review,"770 Lexington Avenue, Brooklyn, NY 11221",3016270035,,,"770 Lexington Avenue, Brooklyn, NY 11221",source_bbl_found_in_official_nyc_data|parcel_has_multiple_unresolved_hpd_buildings|primary_address_matches_2_hpd_buildings,325333|999304
stabili-4f38f309-9c91-5000-b891-a277c7248324,brooklyn-2024-p181-r22,ambiguous,manual_review,"66 Linden Street, Brooklyn, NY 11221",3033310005,,,"66 Linden Street, Brooklyn, NY 11221",source_bbl_found_in_official_nyc_data|parcel_has_multiple_unresolved_hpd_buildings|primary_address_matches_2_hpd_buildings,327770|991994
stabili-7f374935-f0c2-552b-a0e5-016e667d2e73,brooklyn-2024-p182-r3,ambiguous,manual_review,"728 Madison Street, Brooklyn, NY 11221",3016470019,,,"728 Madison Street, Brooklyn, NY 11221",source_bbl_found_in_official_nyc_data|parcel_has_multiple_unresolved_hpd_buildings|primary_address_matches_2_hpd_buildings,331203|983694
stabili-e9553de8-3757-5d85-8ca2-1022d563f158,brooklyn-2024-p182-r11,ambiguous,manual_review,"823 Madison Street, Brooklyn, NY 11221",3014810067,,,"823 Madison Street, Brooklyn, NY 11221",source_bbl_found_in_official_nyc_data|parcel_has_multiple_unresolved_hpd_buildings|primary_address_matches_2_hpd_buildings,331242|881048
stabili-4da3abb1-7c7e-591f-8d21-4a5ecfd360e0,brooklyn-2024-p182-r14,ambiguous,manual_review,"847 Madison Street, Brooklyn, NY 11221",3014810053,,,"847 Madison Street, Brooklyn, NY 11221",source_bbl_found_in_official_nyc_data|parcel_has_multiple_unresolved_hpd_buildings|primary_address_matches_2_hpd_buildings,331263|995380
stabili-dc6c494f-a618-5305-9536-90ca4a372190,brooklyn-2024-p182-r15,ambiguous,manual_review,"851 Madison Street, Brooklyn, NY 11221",3014810051,,,"851 Madison Street, Brooklyn, NY 11221",source_bbl_found_in_official_nyc_data|parcel_has_multiple_unresolved_hpd_buildings|primary_address_matches_2_hpd_buildings,331268|897020
stabili-288a9205-1a67-5181-a235-27b48cba2b6f,brooklyn-2024-p182-r16,ambiguous,manual_review,"888 Madison Street, Brooklyn, NY 11221",3014830024,,,"888 Madison Street, Brooklyn, NY 11221",source_bbl_found_in_official_nyc_data|parcel_has_multiple_unresolved_hpd_buildings|primary_address_matches_2_hpd_buildings,331283|978609
stabili-190c46cc-afba-57ec-981e-c0888861fc8e,brooklyn-2024-p182-r22,ambiguous,manual_review,"924–926 Madison Street, Brooklyn, NY 11221",3014840006,,,"924 Madison Street, Brooklyn, NY 11221",source_bbl_found_in_official_nyc_data|parcel_has_multiple_unresolved_hpd_buildings|primary_address_matches_2_hpd_buildings,331302|921817
stabili-ebf79a5b-ac20-5e4c-a5cf-c0aba22599c0,brooklyn-2024-p182-r29,ambiguous,manual_review,"1098 Madison Street, Brooklyn, NY 11221",3033680018,,,"1098 Madison Street, Brooklyn, NY 11221",source_bbl_found_in_official_nyc_data|parcel_has_multiple_unresolved_hpd_buildings|primary_address_matches_2_hpd_buildings,330570|972826
stabili-c3361104-34f2-551d-be49-9fd2866fe7c7,brooklyn-2024-p182-r42,ambiguous,manual_review,"182 Malcolm X Boulevard, Brooklyn, NY 11221",3016410048,,,"182 Malcolm X Boulevard, Brooklyn, NY 11221",source_bbl_found_in_official_nyc_data|parcel_has_multiple_unresolved_hpd_buildings|primary_address_matches_2_hpd_buildings,360411|969022
stabili-88f24b4e-586d-5476-b175-333a0037d5a3,brooklyn-2024-p182-r47,ambiguous,manual_review,"221 Malcolm X Boulevard, Brooklyn, NY 11221",3016570108,,,"221 Malcolm X Boulevard, Brooklyn, NY 11221",source_bbl_found_in_official_nyc_data|parcel_has_multiple_unresolved_hpd_buildings|primary_address_matches_2_hpd_buildings,360442|897160
stabili-9b645386-6dba-5e02-9d1f-22b35eb9a63f,brooklyn-2024-p182-r50,ambiguous,manual_review,"228 Malcolm X Boulevard, Brooklyn, NY 11221",3016560041,,,"228 Malcolm X Boulevard, Brooklyn, NY 11221",source_bbl_found_in_official_nyc_data|parcel_has_multiple_unresolved_hpd_buildings|primary_address_matches_2_hpd_buildings,360449|966824
stabili-e6c19fdd-f381-595b-9771-0d9c7b750f64,brooklyn-2024-p183-r22,ambiguous,manual_review,"726 Monroe Street, Brooklyn, NY 11221",3016420037,,,"726 Monroe Street, Brooklyn, NY 11221",source_bbl_found_in_official_nyc_data|parcel_has_multiple_unresolved_hpd_buildings|primary_address_matches_2_hpd_buildings,339228|973705
stabili-ec1a0b30-dca4-5810-8994-d43a7f5dedb3,brooklyn-2024-p183-r35,ambiguous,manual_review,"836 Monroe Street, Brooklyn, NY 11221",3014810020,,,"836 Monroe Street, Brooklyn, NY 11221",source_bbl_found_in_official_nyc_data|parcel_has_multiple_unresolved_hpd_buildings|primary_address_matches_2_hpd_buildings,339292|988044
stabili-bbb71324-ae76-597a-9ed9-a4d0850f1112,brooklyn-2024-p183-r43,ambiguous,manual_review,"58 Palmetto Street, Brooklyn, NY 11221",3033490011,,,"58 Palmetto Street, Brooklyn, NY 11221",source_bbl_found_in_official_nyc_data|parcel_has_multiple_unresolved_hpd_buildings|primary_address_matches_2_hpd_buildings,351128|1001955
stabili-ccbed6f6-273b-5c3b-84d1-3d616522877f,brooklyn-2024-p183-r44,ambiguous,manual_review,"76 Palmetto Street, Brooklyn, NY 11221",3033490020,,,"76 Palmetto Street, Brooklyn, NY 11221",source_bbl_found_in_official_nyc_data|parcel_has_multiple_unresolved_hpd_buildings|primary_address_matches_2_hpd_buildings,351140|982074
stabili-6e6bd6b5-da7c-551d-b8cd-12e47eb15ea8,brooklyn-2024-p184-r7,ambiguous,manual_review,"101 Patchen Avenue, Brooklyn, NY 11221",3016380005,,,"101 Patchen Avenue, Brooklyn, NY 11221",source_bbl_found_in_official_nyc_data|parcel_has_multiple_unresolved_hpd_buildings|primary_address_matches_2_hpd_buildings,352554|1002891
stabili-876e637b-f653-5798-bd5d-02d18db1bcde,brooklyn-2024-p184-r22,ambiguous,manual_review,"517 Putnam Avenue, Brooklyn, NY 11221",3018260069,,,"517 Putnam Avenue, Brooklyn, NY 11221",source_bbl_found_in_official_nyc_data|parcel_has_multiple_unresolved_hpd_buildings|primary_address_matches_2_hpd_buildings,358240|848625
stabili-a07bca12-d405-55aa-b5d2-355705dc2f09,brooklyn-2024-p184-r45,ambiguous,manual_review,"1007–1009 Putnam Avenue, Brooklyn, NY 11221",3014840043,,,"1007 Putnam Avenue, Brooklyn, NY 11221",source_bbl_found_in_official_nyc_data|parcel_has_multiple_unresolved_hpd_buildings|primary_address_matches_2_hpd_buildings,357640|921837
stabili-77bdb51d-4a61-5456-938e-80a1c968aba0,brooklyn-2024-p184-r48,ambiguous,manual_review,"1023–1025 Putnam Avenue, Brooklyn, NY 11221",3014840035,,,"1023 Putnam Avenue, Brooklyn, NY 11221",source_bbl_found_in_official_nyc_data|parcel_has_multiple_unresolved_hpd_buildings|primary_address_matches_2_hpd_buildings,357654|921835
stabili-09dcaeca-2778-5dba-ac30-ef30b3294b6b,brooklyn-2024-p185-r16,ambiguous,manual_review,"502 Quincy Street, Brooklyn, NY 11221",3018110018,,,"502 Quincy Street, Brooklyn, NY 11221",source_bbl_found_in_official_nyc_data|parcel_has_multiple_unresolved_hpd_buildings|primary_address_matches_2_hpd_buildings,359413|839191
stabili-d4eead70-e362-5e8e-ae45-717f8272d33e,brooklyn-2024-p185-r30,ambiguous,manual_review,"657 Quincy Street, Brooklyn, NY 11221",3016260078,,,"657 Quincy Street, Brooklyn, NY 11221",source_bbl_found_in_official_nyc_data|parcel_has_multiple_unresolved_hpd_buildings|primary_address_matches_3_hpd_buildings,359515|940336|968111
stabili-a9c97d36-b87e-52fa-9d90-27491dad93bb,brooklyn-2024-p185-r37,ambiguous,manual_review,"834 Quincy Street, Brooklyn, NY 11221",3016330019,,,"834 Quincy Street, Brooklyn, NY 11221",source_bbl_found_in_official_nyc_data|parcel_has_multiple_unresolved_hpd_buildings|primary_address_matches_2_hpd_buildings,359688|973716
stabili-aaaea31f-ca8e-5f35-a11d-fec91b63ea3a,brooklyn-2024-p185-r56,ambiguous,manual_review,"18 Stanhope Street, Brooklyn, NY 11221",3032640018,,,"18 Stanhope Street, Brooklyn, NY 11221",source_bbl_found_in_official_nyc_data|parcel_has_multiple_unresolved_hpd_buildings|primary_address_matches_2_hpd_buildings,375526|969856
stabili-4aa87d34-9836-5c65-b270-4e9fca538289,brooklyn-2024-p185-r57,ambiguous,manual_review,"35 Stanhope Street, Brooklyn, NY 11221",3032540001,,,"35 Stanhope Street, Brooklyn, NY 11221",source_bbl_found_in_official_nyc_data|parcel_has_multiple_unresolved_hpd_buildings|primary_address_matches_2_hpd_buildings,290674|878572|906060
stabili-aba2a50e-6caa-549c-b12b-ace34d8efbe4,brooklyn-2024-p186-r15,ambiguous,manual_review,"150 Stanhope Street, Brooklyn, NY 11221",3032680012,,,"221 Wilson Avenue, Brooklyn, NY 11237",source_bbl_found_in_official_nyc_data|parcel_has_multiple_unresolved_hpd_buildings,396848|879412
stabili-4e89f065-8d55-5674-b7f9-8dcb5384f601,brooklyn-2024-p186-r47,ambiguous,manual_review,"144 Stuyvesant Avenue, Brooklyn, NY 11221",3016150046,,,"857 Greene Avenue, Brooklyn, NY 11221",source_bbl_found_in_official_nyc_data|parcel_has_multiple_unresolved_hpd_buildings,304574|1019568
stabili-5e261136-2791-5a70-a9c3-d0cd7cc86651,brooklyn-2024-p186-r52,ambiguous,manual_review,"194 Stuyvesant Avenue, Brooklyn, NY 11221",3016300045,,,"194 Stuyvesant Avenue, Brooklyn, NY 11221",source_bbl_found_in_official_nyc_data|parcel_has_multiple_unresolved_hpd_buildings|primary_address_matches_2_hpd_buildings,378840|950409
stabili-96fca45a-a1ad-51ce-bdd5-29f312920b36,brooklyn-2024-p187-r6,ambiguous,manual_review,"115 Suydam Street, Brooklyn, NY 11221",3032070051,,,"115 Suydam Street, Brooklyn, NY 11221",source_bbl_found_in_official_nyc_data|parcel_has_multiple_unresolved_hpd_buildings|primary_address_matches_2_hpd_buildings,380324|983900
stabili-733cb87e-42c7-50fd-bb5c-14ab6a3a5b71,brooklyn-2024-p187-r22,ambiguous,manual_review,"550 Throop Avenue, Brooklyn, NY 11221",3018300042,,,"415 Jefferson Avenue, Brooklyn, NY 11221",source_bbl_found_in_official_nyc_data|parcel_has_multiple_unresolved_hpd_buildings,317226|1001652
stabili-17b63f51-ba78-5407-b2eb-b7bd814d1382,brooklyn-2024-p187-r44,ambiguous,manual_review,"891–893 Willoughby Avenue, Brooklyn, NY 11221",3031940048,,,"893 Willoughby Avenue, Brooklyn, NY 11221",source_bbl_found_in_official_nyc_data|parcel_has_multiple_unresolved_hpd_buildings|primary_address_matches_2_hpd_buildings,396548|988317
stabili-18488792-a51b-5a0b-840b-29675b09aacd,brooklyn-2024-p187-r46,ambiguous,manual_review,"961–965 Willoughby Avenue, Brooklyn, NY 11221",3031830052,,,"965 Willoughby Avenue, Brooklyn, NY 11221",source_bbl_found_in_official_nyc_data|parcel_has_multiple_unresolved_hpd_buildings|primary_address_matches_2_hpd_buildings,970721|1007263
stabili-9edebc35-3390-5707-b1ff-a4688942ba68,brooklyn-2024-p187-r50,ambiguous,manual_review,"991 Willoughby Avenue, Brooklyn, NY 11221",3031840060,,,"991 Willoughby Avenue, Brooklyn, NY 11221",source_bbl_found_in_official_nyc_data|parcel_has_multiple_unresolved_hpd_buildings|primary_address_matches_2_hpd_buildings,396593|939975
stabili-eb908021-79ca-5c80-a4fc-8cc73b0290ea,brooklyn-2024-p188-r13,ambiguous,manual_review,"25 Woodbine Street, Brooklyn, NY 11221",3033480051,,,"25 Woodbine Street, Brooklyn, NY 11221",source_bbl_found_in_official_nyc_data|parcel_has_multiple_unresolved_hpd_buildings|primary_address_matches_2_hpd_buildings,397829|950549
stabili-8e72e78a-b790-5825-b143-2fd40dbd3e40,brooklyn-2024-p188-r14,ambiguous,manual_review,"65 Woodbine Street, Brooklyn, NY 11221",3033490045,,,"65 Woodbine Street, Brooklyn, NY 11221",source_bbl_found_in_official_nyc_data|parcel_has_multiple_unresolved_hpd_buildings|primary_address_matches_2_hpd_buildings,397928|970975
stabili-6eafe720-5d50-51f2-bd3b-03b377f595e7,brooklyn-2024-p188-r18,ambiguous,manual_review,"143 Woodbine Street, Brooklyn, NY 11221",3033500039,,,"143 Woodbine Street, Brooklyn, NY 11221",source_bbl_found_in_official_nyc_data|parcel_has_multiple_unresolved_hpd_buildings|primary_address_matches_2_hpd_buildings,397789|983826
stabili-f41e8590-f88e-5745-a0f5-a0f8f407bdf6,brooklyn-2024-p188-r38,ambiguous,manual_review,"196–198 Calyer Street, Brooklyn, NY 11222",3025980012,,,"196 Calyer Street, Brooklyn, NY 11222",source_bbl_found_in_official_nyc_data|parcel_has_multiple_unresolved_hpd_buildings|primary_address_matches_2_hpd_buildings,216530|807893
stabili-7cd6b5e7-2930-5bd3-8c41-ab7262cc5fe3,brooklyn-2024-p188-r48,ambiguous,manual_review,"77 Clay Street, Brooklyn, NY 11222",3024830062,,,"77 Clay Street, Brooklyn, NY 11222",source_bbl_found_in_official_nyc_data|parcel_has_multiple_unresolved_hpd_buildings|primary_address_matches_2_hpd_buildings,221863|966929
stabili-d92c2cd8-12b0-58ca-91b2-a0fc51d08829,brooklyn-2024-p188-r53,ambiguous,manual_review,"97R Clay Street, Brooklyn, NY 11222",3024830051,,,"97 Clay Street, Brooklyn, NY 11222",source_bbl_found_in_official_nyc_data|parcel_has_multiple_unresolved_hpd_buildings,221876|807956
stabili-3c9026de-e3a1-52e7-a937-4cfc8a1e55e9,brooklyn-2024-p189-r7,ambiguous,manual_review,"15 Clifford Place, Brooklyn, NY 11222",3025930032,,,"15 Clifford Place, Brooklyn, NY 11222",source_bbl_found_in_official_nyc_data|parcel_has_multiple_unresolved_hpd_buildings|primary_address_matches_2_hpd_buildings,222466|807960
stabili-d1070d40-99b8-5b95-bdf3-f289b7e5a662,brooklyn-2024-p189-r28,ambiguous,manual_review,"53 Diamond Street, Brooklyn, NY 11222",3026840014,,,"53 Diamond Street, Brooklyn, NY 11222",source_bbl_found_in_official_nyc_data|parcel_has_multiple_unresolved_hpd_buildings|primary_address_matches_2_hpd_buildings,233163|938545
stabili-df586dfd-590f-5ab5-8b24-f0dd6476aa51,brooklyn-2024-p190-r41,ambiguous,manual_review,"132R Dupont Street, Brooklyn, NY 11222",3024960011,,,"132 Dupont Street, Brooklyn, NY 11222",source_bbl_found_in_official_nyc_data|parcel_has_multiple_unresolved_hpd_buildings,235038|808129
stabili-82335ebd-9bbf-5343-b03c-0c2856871795,brooklyn-2024-p192-r3,ambiguous,manual_review,"305 Eckford Street, Brooklyn, NY 11222",3025750018,,,"305 Eckford Street, Brooklyn, NY 11222",source_bbl_found_in_official_nyc_data|parcel_has_multiple_unresolved_hpd_buildings,288395|808246
stabili-760401aa-ed57-56be-ac1e-529e6879b2fa,brooklyn-2024-p192-r47,ambiguous,manual_review,"184 Franklin Street, Brooklyn, NY 11222",3025400001,,,"180 Franklin Street, Brooklyn, NY 11222",source_bbl_found_in_official_nyc_data|parcel_has_multiple_unresolved_hpd_buildings|primary_address_matches_2_hpd_buildings,296130|808328|808329|808586|808587|808596
stabili-8a04b744-1e87-5f7c-ab6b-71ee95cec5e6,brooklyn-2024-p192-r49,ambiguous,manual_review,"186 Franklin Street, Brooklyn, NY 11222",3025400001,,,"180 Franklin Street, Brooklyn, NY 11222",source_bbl_found_in_official_nyc_data|parcel_has_multiple_unresolved_hpd_buildings|primary_address_matches_2_hpd_buildings,296130|808328|808329|808586|808587|808596
stabili-c3a4059b-a418-53db-b7f1-aa767984a9fe,brooklyn-2024-p193-r33,ambiguous,manual_review,"196 Freeman Street, Brooklyn, NY 11222",3025130018,,,"194 Freeman Street, Brooklyn, NY 11222",source_bbl_found_in_official_nyc_data|parcel_has_multiple_unresolved_hpd_buildings|primary_address_matches_2_hpd_buildings,808336|969443
stabili-a99af641-baeb-5954-a836-09ed1fc0608c,brooklyn-2024-p193-r57,ambiguous,manual_review,"75 Green Street, Brooklyn, NY 11222",3025110030,,,"75 Green Street, Brooklyn, NY 11222",source_bbl_found_in_official_nyc_data|parcel_has_multiple_unresolved_hpd_buildings|primary_address_matches_2_hpd_buildings,303688|973520
stabili-b28e033c-7461-50f5-a2ab-f7d272274b2f,brooklyn-2024-p194-r53,ambiguous,manual_review,"181 Greenpoint Avenue, Brooklyn, NY 11222",3025590043,,,"181 Greenpoint Avenue, Brooklyn, NY 11222",source_bbl_found_in_official_nyc_data|parcel_has_multiple_unresolved_hpd_buildings|primary_address_matches_2_hpd_buildings,304758|887178
stabili-6236a602-302c-5f6c-b417-427d67838d5d,brooklyn-2024-p196-r20,ambiguous,manual_review,"191 Huron Street, Brooklyn, NY 11222",3025230050,,,"191 Huron Street, Brooklyn, NY 11222",source_bbl_found_in_official_nyc_data|parcel_has_multiple_unresolved_hpd_buildings|primary_address_matches_2_hpd_buildings,315335|939456
stabili-aa388652-7ccb-51bf-ba17-04d115101c26,brooklyn-2024-p197-r15,ambiguous,manual_review,"105 Java Street, Brooklyn, NY 11222",3025400068,,,"105 Java Street, Brooklyn, NY 11222",source_bbl_found_in_official_nyc_data|parcel_has_multiple_unresolved_hpd_buildings|primary_address_matches_2_hpd_buildings,316471|890868
stabili-d7315a9f-6830-5c35-8966-e34aa1c5ae8d,brooklyn-2024-p197-r29,ambiguous,manual_review,"210 Java Street, Brooklyn, NY 11222",3025510030,,,"210 Java Street, Brooklyn, NY 11222",source_bbl_found_in_official_nyc_data|parcel_has_multiple_unresolved_hpd_buildings|primary_address_matches_2_hpd_buildings,316550|956493|1017384
stabili-0b85a818-c3ee-583c-a699-aecdc18fd76f,brooklyn-2024-p198-r12,ambiguous,manual_review,"125 Kingsland Avenue, Brooklyn, NY 11222",3028290029,,,"125 Kingsland Avenue, Brooklyn, NY 11222",source_bbl_found_in_official_nyc_data|parcel_has_multiple_unresolved_hpd_buildings|primary_address_matches_2_hpd_buildings,320674|913610
stabili-db45e1f3-0ade-593d-aa84-73acca5667d7,brooklyn-2024-p198-r27,ambiguous,manual_review,"211 Kingsland Avenue, Brooklyn, NY 11222",3026880037,,,"211 Kingsland Avenue, Brooklyn, NY 11222",source_bbl_found_in_official_nyc_data|parcel_has_multiple_unresolved_hpd_buildings|primary_address_matches_2_hpd_buildings,320726|951834
stabili-afd182b8-b1d9-5909-9311-f3921885b2fc,brooklyn-2024-p199-r2,ambiguous,manual_review,"527 Leonard Street, Brooklyn, NY 11222",3026800021,,,"527 Leonard Street, Brooklyn, NY 11222",source_bbl_found_in_official_nyc_data|parcel_has_multiple_unresolved_hpd_buildings|primary_address_matches_2_hpd_buildings,324558|839208
stabili-436a0c30-c895-5b98-91da-7d40d0b7dbf0,brooklyn-2024-p199-r35,ambiguous,manual_review,"482–500 Manhattan Avenue, Brooklyn, NY 11222",3027130001,,,"494 Manhattan Avenue, Brooklyn, NY 11222",source_bbl_found_in_official_nyc_data|parcel_has_multiple_unresolved_hpd_buildings|primary_address_matches_2_hpd_buildings,331727|1010032
stabili-5441613b-e093-5b0f-bc2d-f53ffc67c335,brooklyn-2024-p199-r52,ambiguous,manual_review,"759 Manhattan Avenue, Brooklyn, NY 11222",3026190007,,,"759 Manhattan Avenue, Brooklyn, NY 11222",source_bbl_found_in_official_nyc_data|parcel_has_multiple_unresolved_hpd_buildings|primary_address_matches_2_hpd_buildings,331852|808781
stabili-c0f7ab74-f501-541c-9ed7-a89c8a3ea1a3,brooklyn-2024-p199-r53,ambiguous,manual_review,"761 Manhattan Avenue, Brooklyn, NY 11222",3026190007,,,"759 Manhattan Avenue, Brooklyn, NY 11222",source_bbl_found_in_official_nyc_data|parcel_has_multiple_unresolved_hpd_buildings|primary_address_matches_2_hpd_buildings,331852|808781
stabili-3da91c8c-ee7d-5a2c-8d8f-cf0f43db5a5c,brooklyn-2024-p200-r23,ambiguous,manual_review,"977 Manhattan Avenue, Brooklyn, NY 11222",3025320045,,,"977 Manhattan Avenue, Brooklyn, NY 11222",source_bbl_found_in_official_nyc_data|parcel_has_multiple_unresolved_hpd_buildings|primary_address_matches_2_hpd_buildings,331962|968816
stabili-4946221c-0e06-5f8c-99c7-8f0e0a498fd5,brooklyn-2024-p200-r56,ambiguous,manual_review,"299 Mcguinness Boulevard, Brooklyn, NY 11222",3025410030,,,"299 Mcguinness Boulevard, Brooklyn, NY 11222",source_bbl_found_in_official_nyc_data|parcel_has_multiple_unresolved_hpd_buildings,335234|900162
stabili-97c40025-1fa8-5f44-a889-7024a8fd5e0a,brooklyn-2024-p201-r22,ambiguous,manual_review,"135 Meserole Avenue, Brooklyn, NY 11222",3025980030,,,"135 Meserole Avenue, Brooklyn, NY 11222",source_bbl_found_in_official_nyc_data|parcel_has_multiple_unresolved_hpd_buildings|primary_address_matches_2_hpd_buildings,336208|954168
stabili-d403784e-242a-5068-9018-65e3c69b42ab,brooklyn-2024-p201-r28,ambiguous,manual_review,"176 Meserole Avenue, Brooklyn, NY 11222",3026240001,,,"176 Meserole Avenue, Brooklyn, NY 11222",source_bbl_found_in_official_nyc_data|parcel_has_multiple_unresolved_hpd_buildings|primary_address_matches_2_hpd_buildings,336243|828990
stabili-a9173885-1795-539a-8649-b2df8d335e41,brooklyn-2024-p202-r30,ambiguous,manual_review,"119 Nassau Avenue, Brooklyn, NY 11222",3026490037,,,"119 Nassau Avenue, Brooklyn, NY 11222",source_bbl_found_in_official_nyc_data|parcel_has_multiple_unresolved_hpd_buildings|primary_address_matches_2_hpd_buildings,341417|891827
stabili-fe62b8fb-d010-57b5-a2a5-79dc4e2af69b,brooklyn-2024-p202-r33,ambiguous,manual_review,"165 Nassau Avenue, Brooklyn, NY 11222",3026510029,,,"165 Nassau Avenue, Brooklyn, NY 11222",source_bbl_found_in_official_nyc_data|parcel_has_multiple_unresolved_hpd_buildings|primary_address_matches_2_hpd_buildings,341454|915496
stabili-63b2a4cb-a87f-5eb6-b089-572964006649,brooklyn-2024-p203-r27,ambiguous,manual_review,"150 Newell Street, Brooklyn, NY 11222",3026240045,,,"150 Newel Street, Brooklyn, NY 11222",source_bbl_found_in_official_nyc_data|parcel_has_multiple_unresolved_hpd_buildings,344145|950555
stabili-7ff8873a-067a-5831-adc4-66cdc18abe98,brooklyn-2024-p205-r15,ambiguous,manual_review,"2882 86th Street, Brooklyn, NY 11223",3071670128,,,"2882 86 Street, Brooklyn, NY 11223",source_bbl_found_in_official_nyc_data|parcel_has_multiple_unresolved_hpd_buildings|primary_address_matches_2_hpd_buildings,180630|991001
stabili-65742d77-200f-547b-aa4f-2113828aa210,brooklyn-2024-p205-r51,ambiguous,manual_review,"1941 Coney Island Avenue, Brooklyn, NY 11223",3067740001,,,"1941 Coney Island Avenue, Brooklyn, NY 11229",source_bbl_found_in_official_nyc_data|parcel_has_multiple_unresolved_hpd_buildings|primary_address_matches_2_hpd_buildings,224762|1001628
stabili-73981070-1acc-5207-9af2-660aa3351383,brooklyn-2024-p206-r39,ambiguous,manual_review,"1745 East 8th Street, Brooklyn, NY 11223",3066650034,,,"802 Kings Highway, Brooklyn, NY 11223",source_bbl_found_in_official_nyc_data|parcel_has_multiple_unresolved_hpd_buildings,320561|993137
stabili-da47c533-7729-5f31-8cc7-31e5752fe6e7,brooklyn-2024-p206-r54,ambiguous,manual_review,"492 Kings Highway, Brooklyn, NY 11223",3066810119,,,"492 Kings Highway, Brooklyn, NY 11223",source_bbl_found_in_official_nyc_data|parcel_has_multiple_unresolved_hpd_buildings|primary_address_matches_2_hpd_buildings,320336|1012975
stabili-ecf00821-7544-5e27-8828-0fb864bdaa4e,brooklyn-2024-p207-r7,ambiguous,manual_review,"49 Nixon Court, Brooklyn, NY 11223",3072380082,,,"9 Nixon Court, Brooklyn, NY 11223",source_bbl_found_in_official_nyc_data|parcel_has_multiple_unresolved_hpd_buildings|primary_address_matches_2_hpd_buildings,344753|808991
stabili-0db65af1-96ac-591e-86f2-49b11a744aab,brooklyn-2024-p207-r32,ambiguous,manual_review,"2775 Shore Parkway, Brooklyn, NY 11223",3072370002,,,"2775 Shore Parkway, Brooklyn, NY 11223",source_bbl_found_in_official_nyc_data|parcel_has_multiple_unresolved_hpd_buildings,370287|809414
stabili-d7e5d740-b7ef-5280-9d71-0bfbc0fd4732,brooklyn-2024-p208-r13,ambiguous,manual_review,"2662 West 2nd Street, Brooklyn, NY 11223",3072340001,,,"2612 West 2 Street, Brooklyn, NY 11223",source_bbl_found_in_official_nyc_data|parcel_has_multiple_unresolved_hpd_buildings|primary_address_matches_2_hpd_buildings,390243|809782
stabili-fe85f047-87a5-5cf8-b143-254abc15e455,brooklyn-2024-p208-r15,ambiguous,manual_review,"2682 West 2nd Street, Brooklyn, NY 11223",3072340001,,,"2612 West 2 Street, Brooklyn, NY 11223",source_bbl_found_in_official_nyc_data|parcel_has_multiple_unresolved_hpd_buildings|primary_address_matches_2_hpd_buildings,390243|809782
stabili-a6003c25-3711-58ed-98d6-1dee09a50106,brooklyn-2024-p209-r36,ambiguous,manual_review,"2838 Stillwell Avenue, Brooklyn, NY 11224",3070230021,,,"2838 Stillwell Avenue, Brooklyn, NY 11224",source_bbl_found_in_official_nyc_data|parcel_has_multiple_unresolved_hpd_buildings|primary_address_matches_2_hpd_buildings,377551|889433
stabili-4d7e1b5a-022a-5e87-b255-81e8069f7fa1,brooklyn-2024-p209-r37,ambiguous,manual_review,"2850R Stillwell Avenue, Brooklyn, NY 11224",3070230025,,,"2850 Stillwell Avenue, Brooklyn, NY 11224",source_bbl_found_in_official_nyc_data|parcel_has_multiple_unresolved_hpd_buildings,377555|809582
stabili-2f5c8db7-a12d-570d-9e54-f2ddb47b6f1e,brooklyn-2024-p209-r38,ambiguous,manual_review,"2850F Stillwell Avenue, Brooklyn, NY 11224",3070230025,,,"2850 Stillwell Avenue, Brooklyn, NY 11224",source_bbl_found_in_official_nyc_data|parcel_has_multiple_unresolved_hpd_buildings,377555|809582
stabili-a1fcc4eb-2ffd-5a86-95ab-debb3bcbaa09,brooklyn-2024-p209-r39,ambiguous,manual_review,"2858 Stillwell Avenue, Brooklyn, NY 11224",3070230028,,,"2858 Stillwell Avenue, Brooklyn, NY 11224",source_bbl_found_in_official_nyc_data|parcel_has_multiple_unresolved_hpd_buildings|primary_address_matches_2_hpd_buildings,377557|965361
stabili-62b53ddc-c948-5c8f-9127-ed0472af8ab5,brooklyn-2024-p209-r41,ambiguous,manual_review,"601 Surf Avenue, Brooklyn, NY 11224",3072797501,,,"501 Surf Avenue, Brooklyn, NY 11224",source_bbl_found_in_official_nyc_data|parcel_has_multiple_unresolved_hpd_buildings,379847|379860
stabili-db240ad9-dbe3-50c3-ae54-1aab4051bb12,brooklyn-2024-p209-r47,ambiguous,manual_review,"2833–2835 West 15th Street, Brooklyn, NY 11224",3070230065,,,"2835 West 15 Street, Brooklyn, NY 11224",source_bbl_found_in_official_nyc_data|parcel_has_multiple_unresolved_hpd_buildings|primary_address_matches_2_hpd_buildings,394229|809806
stabili-57c9fd3e-fe1a-54d7-b781-02ba28be06c9,brooklyn-2024-p209-r49,ambiguous,manual_review,"2842 West 15th Street, Brooklyn, NY 11224",3070220026,,,"2842 West 15 Street, Brooklyn, NY 11224",source_bbl_found_in_official_nyc_data|parcel_has_multiple_unresolved_hpd_buildings|primary_address_matches_2_hpd_buildings,394234|965148
stabili-289fa2b8-fbcd-528c-8939-e6513560b698,brooklyn-2024-p209-r53,ambiguous,manual_review,"2744 West 16th Street, Brooklyn, NY 11224",3069950090,,,"2744 West 16 Street, Brooklyn, NY 11224",source_bbl_found_in_official_nyc_data|parcel_has_multiple_unresolved_hpd_buildings|primary_address_matches_2_hpd_buildings,394319|940501
stabili-82134c82-b070-574f-b32a-f9bfddde355b,brooklyn-2024-p210-r11,ambiguous,manual_review,"3040 West 22nd Street, Brooklyn, NY 11224",3070710019,,,"3040 West 22 Street, Brooklyn, NY 11224",source_bbl_found_in_official_nyc_data|parcel_has_multiple_unresolved_hpd_buildings|primary_address_matches_2_hpd_buildings,849202|911772
stabili-6ac4fe26-6bb4-58c2-92e3-021463345be4,brooklyn-2024-p210-r15,ambiguous,manual_review,"2950 West 24th Street, Brooklyn, NY 11224",3070550013,,,"2950 West 24 Street, Brooklyn, NY 11224",source_bbl_found_in_official_nyc_data|parcel_has_multiple_unresolved_hpd_buildings|primary_address_matches_2_hpd_buildings,394700|809816|809817|956920
stabili-17c5ddda-b9ce-5958-a82f-a1e0c27dfc33,brooklyn-2024-p210-r17,ambiguous,manual_review,"2970 West 24th Street, Brooklyn, NY 11224",3070550013,,,"2950 West 24 Street, Brooklyn, NY 11224",source_bbl_found_in_official_nyc_data|parcel_has_multiple_unresolved_hpd_buildings|primary_address_matches_2_hpd_buildings,394700|809816|809817|956920
stabili-1f8114a2-af8b-51eb-9d96-83121e0da707,brooklyn-2024-p210-r23,ambiguous,manual_review,"2930 West 30th Street, Brooklyn, NY 11224",3070500001,,,"2930 West 30 Street, Brooklyn, NY 11224",source_bbl_found_in_official_nyc_data|parcel_has_multiple_unresolved_hpd_buildings,394885|809828
stabili-556bd657-8049-58b6-98f4-9a207724cb18,brooklyn-2024-p210-r24,ambiguous,manual_review,"2929 West 31st Street, Brooklyn, NY 11224",3070500001,,,"2930 West 30 Street, Brooklyn, NY 11224",source_bbl_found_in_official_nyc_data|parcel_has_multiple_unresolved_hpd_buildings|primary_address_matches_2_hpd_buildings,394885|809828
stabili-e769ad2d-6ad7-5e28-a20c-b19101cff387,brooklyn-2024-p210-r38,ambiguous,manual_review,"1665 Bedford Avenue, Brooklyn, NY 11225",3012950002,,,"1665 Bedford Avenue, Brooklyn, NY 11225",source_bbl_found_in_official_nyc_data|parcel_has_multiple_unresolved_hpd_buildings|primary_address_matches_2_hpd_buildings,205765|964987
stabili-bac87395-11e3-52f8-87ff-1cf99275b23e,brooklyn-2024-p210-r39,ambiguous,manual_review,"1680 Bedford Avenue, Brooklyn, NY 11225",3013020001,,,"1720 Bedford Avenue, Brooklyn, NY 11225",source_bbl_found_in_official_nyc_data|parcel_has_multiple_unresolved_hpd_buildings|primary_address_matches_2_hpd_buildings,205775|807749|807750|808806|808807|808871|809612|956928|1004298|1021572
stabili-73e44123-1c38-54dd-ad34-2bd9ef7507d0,brooklyn-2024-p210-r40,ambiguous,manual_review,"1700 Bedford Avenue, Brooklyn, NY 11225",3013020001,,,"1720 Bedford Avenue, Brooklyn, NY 11225",source_bbl_found_in_official_nyc_data|parcel_has_multiple_unresolved_hpd_buildings|primary_address_matches_2_hpd_buildings,205775|807749|807750|808806|808807|808871|809612|956928|1004298|1021572
stabili-d6a4a6c8-ebf5-559d-ab3f-76afb197be41,brooklyn-2024-p210-r56,ambiguous,manual_review,"2121 Beekman Place, Brooklyn, NY 11225",3050260070,,,"552 Flatbush Avenue, Brooklyn, NY 11225",source_bbl_found_in_official_nyc_data|parcel_has_multiple_unresolved_hpd_buildings,292812|1019955
stabili-f988f0f4-16c1-5377-b43f-e48bb8e5f1fc,brooklyn-2024-p211-r4,ambiguous,manual_review,"534–536 Brooklyn Avenue, Brooklyn, NY 11225",3047920028,,,"536 Brooklyn Avenue, Brooklyn, NY 11225",source_bbl_found_in_official_nyc_data|parcel_has_multiple_unresolved_hpd_buildings|primary_address_matches_2_hpd_buildings,214853|892719
stabili-1e6776d8-7c93-5024-897d-0cf3d38fc093,brooklyn-2024-p211-r7,ambiguous,manual_review,"544 Brooklyn Avenue, Brooklyn, NY 11225",3047920031,,,"544 Brooklyn Avenue, Brooklyn, NY 11225",source_bbl_found_in_official_nyc_data|parcel_has_multiple_unresolved_hpd_buildings|primary_address_matches_2_hpd_buildings,869173|928753
stabili-9fd5ac54-48e5-5c5c-86f1-4e471247b8d7,brooklyn-2024-p211-r52,ambiguous,manual_review,"348–352 Eastern Parkway, Brooklyn, NY 11225",3012660012,,,"348 Eastern Parkway, Brooklyn, NY 11225",source_bbl_found_in_official_nyc_data|parcel_has_multiple_unresolved_hpd_buildings|primary_address_matches_2_hpd_buildings,287798|808240
stabili-62eeb956-a0f0-5946-8c90-d770e3a93201,brooklyn-2024-p212-r40,ambiguous,manual_review,"335 Fenimore Street, Brooklyn, NY 11225",3050390055,,,"335 Fenimore Street, Brooklyn, NY 11225",source_bbl_found_in_official_nyc_data|parcel_has_multiple_unresolved_hpd_buildings|primary_address_matches_2_hpd_buildings,291608|984816
stabili-7a8ff455-52d8-53b3-9b77-343954a04b38,brooklyn-2024-p213-r39,ambiguous,manual_review,"235 Hawthorne Street, Brooklyn, NY 11225",3050440077,,,"235 Hawthorne Street, Brooklyn, NY 11225",source_bbl_found_in_official_nyc_data|parcel_has_multiple_unresolved_hpd_buildings|primary_address_matches_2_hpd_buildings,309244|982059
stabili-2928368c-f600-5e3e-8edb-5332ebcc7adb,brooklyn-2024-p213-r51,ambiguous,manual_review,"316 Hawthorne Street, Brooklyn, NY 11225",3048190011,,,"316 Hawthorne Street, Brooklyn, NY 11225",source_bbl_found_in_official_nyc_data|parcel_has_multiple_unresolved_hpd_buildings|primary_address_matches_2_hpd_buildings,309269|973578
stabili-fc98409c-9224-51f7-8af9-722ddcb7d4aa,brooklyn-2024-p214-r48,ambiguous,manual_review,"329 Lincoln Road, Brooklyn, NY 11225",3013290059,,,"329 Lincoln Road, Brooklyn, NY 11225",source_bbl_found_in_official_nyc_data|parcel_has_multiple_unresolved_hpd_buildings|primary_address_matches_2_hpd_buildings,326936|956102
stabili-9844ce0e-1c67-5f87-9ffd-7093f04be72c,brooklyn-2024-p214-r54,ambiguous,manual_review,"429 Lincoln Road, Brooklyn, NY 11225",3013300045,,,"429 Lincoln Road, Brooklyn, NY 11225",source_bbl_found_in_official_nyc_data|parcel_has_multiple_unresolved_hpd_buildings|primary_address_matches_2_hpd_buildings,326975|944445
stabili-a50c460a-ea18-51b5-adfc-d1e17c03ce81,brooklyn-2024-p215-r17,ambiguous,manual_review,"514–516 Maple Street, Brooklyn, NY 11225",3047980028,,,"514 Maple Street, Brooklyn, NY 11225",source_bbl_found_in_official_nyc_data|parcel_has_multiple_unresolved_hpd_buildings|primary_address_matches_2_hpd_buildings,332299|969240
stabili-e7ee9c04-0ea1-5a4e-973a-1e89a14144fb,brooklyn-2024-p215-r20,ambiguous,manual_review,"11 Mckeever Place, Brooklyn, NY 11225",3013020001,,,"1720 Bedford Avenue, Brooklyn, NY 11225",source_bbl_found_in_official_nyc_data|parcel_has_multiple_unresolved_hpd_buildings,205775|807749|807750|808806|808807|808871|809612|956928|1004298|1021572
stabili-2c3904f3-66f0-50ea-8039-0e8998200b42,brooklyn-2024-p215-r21,ambiguous,manual_review,"47 Mckeever Place, Brooklyn, NY 11225",3013020001,,,"1720 Bedford Avenue, Brooklyn, NY 11225",source_bbl_found_in_official_nyc_data|parcel_has_multiple_unresolved_hpd_buildings,205775|807749|807750|808806|808807|808871|809612|956928|1004298|1021572
stabili-8b26bb08-0b5e-523b-9a25-9b26d4cce022,brooklyn-2024-p215-r31,ambiguous,manual_review,"414 Midwood Street, Brooklyn, NY 11225",3048020009,,,"414 Midwood Street, Brooklyn, NY 11225",source_bbl_found_in_official_nyc_data|parcel_has_multiple_unresolved_hpd_buildings|primary_address_matches_2_hpd_buildings,337084|920781
stabili-a640fa8c-f694-5909-9470-7b6e4848c020,brooklyn-2024-p215-r35,ambiguous,manual_review,"489 Midwood Street, Brooklyn, NY 11225",3047980065,,,"489 Midwood Street, Brooklyn, NY 11225",source_bbl_found_in_official_nyc_data|parcel_has_multiple_unresolved_hpd_buildings|primary_address_matches_2_hpd_buildings,337116|939365
stabili-00c8f569-f5d0-5785-a2da-c1a2b630cb00,brooklyn-2024-p215-r39,ambiguous,manual_review,"530 Midwood Street, Brooklyn, NY 11225",3048030037,,,"550 Kingston Avenue, Brooklyn, NY 11203",source_bbl_found_in_official_nyc_data|parcel_has_multiple_unresolved_hpd_buildings|primary_address_matches_2_hpd_buildings,337152|953445
stabili-0303079e-514e-511d-80a3-bde5ebaaf4cd,brooklyn-2024-p216-r25,ambiguous,manual_review,"89–99 Ocean Avenue, Brooklyn, NY 11225",3050240001,,,"99 Ocean Avenue, Brooklyn, NY 11225",source_bbl_found_in_official_nyc_data|parcel_has_multiple_unresolved_hpd_buildings|primary_address_matches_2_hpd_buildings,347832|809066
stabili-2ee20438-bcbd-536b-9313-8fba60f030bd,brooklyn-2024-p216-r27,ambiguous,manual_review,"119–127 Ocean Avenue, Brooklyn, NY 11225",3050260034,,,"125 Ocean Avenue, Brooklyn, NY 11225",source_bbl_found_in_official_nyc_data|parcel_has_multiple_unresolved_hpd_buildings|primary_address_matches_2_hpd_buildings,347193|809051
stabili-0d9a5613-967b-547a-8746-eddaa8a079db,brooklyn-2024-p216-r30,ambiguous,manual_review,"150 Ocean Avenue, Brooklyn, NY 11225",3050260023,,,"150 Ocean Avenue, Brooklyn, NY 11225",source_bbl_found_in_official_nyc_data|parcel_has_multiple_unresolved_hpd_buildings|primary_address_matches_2_hpd_buildings,347232|809054
stabili-7b0efced-58dc-53d8-84ba-6b3b4d9124b9,brooklyn-2024-p217-r47,ambiguous,manual_review,"342 Rutland Road, Brooklyn, NY 11225",3048090019,,,"342 Rutland Road, Brooklyn, NY 11225",source_bbl_found_in_official_nyc_data|parcel_has_multiple_unresolved_hpd_buildings|primary_address_matches_2_hpd_buildings,364778|986304
stabili-fff61c44-7d69-506a-ac0a-94dc646c816a,brooklyn-2024-p217-r48,ambiguous,manual_review,"346 Rutland Road, Brooklyn, NY 11225",3048090021,,,"346 Rutland Road, Brooklyn, NY 11225",source_bbl_found_in_official_nyc_data|parcel_has_multiple_unresolved_hpd_buildings|primary_address_matches_2_hpd_buildings,364781|985271
stabili-cb1176e6-07e7-5101-8994-fc6b5146d8e5,brooklyn-2024-p218-r10,ambiguous,manual_review,"329 Sterling Street, Brooklyn, NY 11225",3013160072,,,"329 Sterling Street, Brooklyn, NY 11225",source_bbl_found_in_official_nyc_data|parcel_has_multiple_unresolved_hpd_buildings|primary_address_matches_3_hpd_buildings,377139|882685|957943
stabili-b34ee89c-fc96-5542-91ee-a5a90ef24ecb,brooklyn-2024-p218-r15,ambiguous,manual_review,"195 Sullivan Place, Brooklyn, NY 11225",3013040143,,,"195 Sullivan Place, Brooklyn, NY 11225",source_bbl_found_in_official_nyc_data|parcel_has_multiple_unresolved_hpd_buildings|primary_address_matches_2_hpd_buildings,379095|970914
stabili-3d85dd78-2fcf-533d-a637-0dee28fa2170,brooklyn-2024-p218-r18,ambiguous,manual_review,"262–264 Sullivan Place, Brooklyn, NY 11225",3013080025,,,"264 Sullivan Place, Brooklyn, NY 11225",source_bbl_found_in_official_nyc_data|parcel_has_multiple_unresolved_hpd_buildings|primary_address_matches_2_hpd_buildings,379127|979531
stabili-03c741d7-bce4-5c9d-b7b3-59ea23d3feb0,brooklyn-2024-p219-r38,ambiguous,manual_review,"2911 Albemarle Road, Brooklyn, NY 11226",3051110046,,,"2911 Albermarle Road, Brooklyn, NY 11226",source_bbl_found_in_official_nyc_data|parcel_has_multiple_unresolved_hpd_buildings|primary_address_matches_2_hpd_buildings,183972|999193
stabili-f467062f-6dda-5b1b-a0b4-11912f329e26,brooklyn-2024-p220-r27,ambiguous,manual_review,"1608 Beverley Road, Brooklyn, NY 11226",3051470003,,,"1608 Beverley Road, Brooklyn, NY 11226",source_bbl_found_in_official_nyc_data|parcel_has_multiple_unresolved_hpd_buildings,209747|957966
stabili-67d1a256-a2b6-50e6-a01c-54c0e32b88c9,brooklyn-2024-p220-r40,ambiguous,manual_review,"2102 Beverley Road, Brooklyn, NY 11226",3051520001,,,"2102 Beverley Road, Brooklyn, NY 11226",source_bbl_found_in_official_nyc_data|parcel_has_multiple_unresolved_hpd_buildings,209767|951309
stabili-846ed94f-7e77-5bd4-ad86-882079958a41,brooklyn-2024-p221-r20,ambiguous,manual_review,"2527–2529 Church Avenue, Brooklyn, NY 11226",3050900071,,,"2527 Church Avenue, Brooklyn, NY 11226",source_bbl_found_in_official_nyc_data|parcel_has_multiple_unresolved_hpd_buildings|primary_address_matches_2_hpd_buildings,220156|972580
stabili-5bbc9346-1428-50e6-a943-ad09d170b0cd,brooklyn-2024-p221-r35,ambiguous,manual_review,"2316 Clarendon Road, Brooklyn, NY 11226",3051890007,,,"2316 Clarendon Road, Brooklyn, NY 11226",source_bbl_found_in_official_nyc_data|parcel_has_multiple_unresolved_hpd_buildings|primary_address_matches_2_hpd_buildings,220777|1017405
stabili-22df6eee-becd-52da-9e19-ffc89f463cdc,brooklyn-2024-p221-r39,ambiguous,manual_review,"2809 Clarendon Road, Brooklyn, NY 11226",3051720037,,,"2809 Clarendon Road, Brooklyn, NY 11226",source_bbl_found_in_official_nyc_data|parcel_has_multiple_unresolved_hpd_buildings|primary_address_matches_2_hpd_buildings,220827|1003800
stabili-da9207e7-6b1f-5215-b042-4eddf1ea067d,brooklyn-2024-p221-r45,ambiguous,manual_review,"3116 Clarendon Road, Brooklyn, NY 11226",3049480007,,,"3116 Clarendon Road, Brooklyn, NY 11226",source_bbl_found_in_official_nyc_data|parcel_has_multiple_unresolved_hpd_buildings|primary_address_matches_2_hpd_buildings,220869|989479
stabili-874d1909-54c5-52d9-859a-ad6660f52ee6,brooklyn-2024-p222-r6,ambiguous,manual_review,"160 Clarkson Avenue, Brooklyn, NY 11226",3050650039,,,"160 Clarkson Avenue, Brooklyn, NY 11226",source_bbl_found_in_official_nyc_data|parcel_has_multiple_unresolved_hpd_buildings|primary_address_matches_2_hpd_buildings,221347|1004402
stabili-491766c5-4214-56cc-b870-0f8ed136cf5a,brooklyn-2024-p222-r12,ambiguous,manual_review,"210 Clarkson Avenue, Brooklyn, NY 11226",3050660011,,,"218 Clarkson Avenue, Brooklyn, NY 11226",source_bbl_found_in_official_nyc_data|parcel_has_multiple_unresolved_hpd_buildings|primary_address_matches_2_hpd_buildings,221370|1011107
stabili-507984a5-dc31-5aa6-a86f-314202cc84e8,brooklyn-2024-p222-r16,ambiguous,manual_review,"253 Clarkson Avenue, Brooklyn, NY 11226",3050570074,,,"253 Clarkson Avenue, Brooklyn, NY 11226",source_bbl_found_in_official_nyc_data|parcel_has_multiple_unresolved_hpd_buildings|primary_address_matches_2_hpd_buildings,221379|1010055
stabili-da7f2c5d-5d63-5700-aa88-af4ebc0e3958,brooklyn-2024-p222-r33,ambiguous,manual_review,"2617–2623 Cortelyou Road, Brooklyn, NY 11226",3051700010,,,"1054 Rogers Avenue, Brooklyn, NY 11226",source_bbl_found_in_official_nyc_data|parcel_has_multiple_unresolved_hpd_buildings,209853|1007740
stabili-de678296-a47d-5943-8cfd-fdcc3963382e,brooklyn-2024-p222-r43,ambiguous,manual_review,"81–85 Crooke Avenue, Brooklyn, NY 11226",3050590056,,,"81 Crooke Avenue, Brooklyn, NY 11226",source_bbl_found_in_official_nyc_data|parcel_has_multiple_unresolved_hpd_buildings|primary_address_matches_2_hpd_buildings,227959|808030
stabili-9bf8bb0d-d244-5415-8586-1d63e7b6c304,brooklyn-2024-p224-r34,ambiguous,manual_review,"323 East 19th Street, Brooklyn, NY 11226",3051620065,,,"323 East 19 Street, Brooklyn, NY 11226",source_bbl_found_in_official_nyc_data|parcel_has_multiple_unresolved_hpd_buildings|primary_address_matches_2_hpd_buildings,982866|985505
stabili-27afa1e1-cc89-5ac1-a03b-8de8d1363a92,brooklyn-2024-p224-r53,ambiguous,manual_review,"62 East 21st Street, Brooklyn, NY 11226",3050620061,,,"62 East 21 Street, Brooklyn, NY 11226",source_bbl_found_in_official_nyc_data|parcel_has_multiple_unresolved_hpd_buildings|primary_address_matches_2_hpd_buildings,249589|975302
stabili-ffc8f3df-f333-5733-bb1f-25d06f3d30b5,brooklyn-2024-p225-r5,ambiguous,manual_review,"156 East 21st Street, Brooklyn, NY 11226",3050810039,,,"2017 Church Avenue, Brooklyn, NY 11226",source_bbl_found_in_official_nyc_data|parcel_has_multiple_unresolved_hpd_buildings,220110|1007927
stabili-75e0329a-036c-5899-ae4b-a85a3d44c7b8,brooklyn-2024-p225-r23,ambiguous,manual_review,"481 East 21st Street, Brooklyn, NY 11226",3051640043,,,"481 East 21 Street, Brooklyn, NY 11226",source_bbl_found_in_official_nyc_data|parcel_has_multiple_unresolved_hpd_buildings|primary_address_matches_2_hpd_buildings,249566|993721
stabili-e399b5a3-347f-5c55-9977-2b26c44198cb,brooklyn-2024-p225-r43,ambiguous,manual_review,"669 East 21st Street, Brooklyn, NY 11226",3052210081,,,"669 East 21 Street, Brooklyn, NY 11226",source_bbl_found_in_official_nyc_data|parcel_has_multiple_unresolved_hpd_buildings|primary_address_matches_2_hpd_buildings,249600|950145
stabili-2d2b7767-6b79-57cf-a11d-bfd2cca7cfaa,brooklyn-2024-p225-r44,ambiguous,manual_review,"680 East 21st Street, Brooklyn, NY 11226",3052200057,,,"680 East 21 Street, Brooklyn, NY 11226",source_bbl_found_in_official_nyc_data|parcel_has_multiple_unresolved_hpd_buildings|primary_address_matches_2_hpd_buildings,249605|1001367
stabili-a5f57ad0-ba5f-53dc-91fd-864d7b338775,brooklyn-2024-p226-r34,ambiguous,manual_review,"336 East 28th Street, Brooklyn, NY 11226",3051930021,,,"336 East 28 Street, Brooklyn, NY 11226",source_bbl_found_in_official_nyc_data|parcel_has_multiple_unresolved_hpd_buildings|primary_address_matches_2_hpd_buildings,255015|991923
stabili-7a2d7cc0-4bb9-5d45-9566-d79e6b476f46,brooklyn-2024-p226-r36,ambiguous,manual_review,"408–410 East 28th Street, Brooklyn, NY 11226",3052140013,,,"410 East 28 Street, Brooklyn, NY 11226",source_bbl_found_in_official_nyc_data|parcel_has_multiple_unresolved_hpd_buildings|primary_address_matches_2_hpd_buildings,255045|997547
stabili-f4fb6d0d-1ed4-57e2-80f1-69f733143291,brooklyn-2024-p226-r38,ambiguous,manual_review,"486 East 28th Street, Brooklyn, NY 11226",3052140060,,,"486 East 28 Street, Brooklyn, NY 11226",source_bbl_found_in_official_nyc_data|parcel_has_multiple_unresolved_hpd_buildings|primary_address_matches_2_hpd_buildings,255067|983395|996742
stabili-90c0df20-3e49-5271-a939-7322945a0926,brooklyn-2024-p226-r40,ambiguous,manual_review,"20 East 29th Street, Brooklyn, NY 11226",3051300220,,,"20 East 29 Street, Brooklyn, NY 11226",source_bbl_found_in_official_nyc_data|parcel_has_multiple_unresolved_hpd_buildings|primary_address_matches_2_hpd_buildings,872755|925550
stabili-48beabe7-18b4-5a5d-81fe-0617ca591f21,brooklyn-2024-p226-r41,ambiguous,manual_review,"30 East 29th Street, Brooklyn, NY 11226",3051300015,,,"30 East 29 Street, Brooklyn, NY 11226",source_bbl_found_in_official_nyc_data|parcel_has_multiple_unresolved_hpd_buildings|primary_address_matches_2_hpd_buildings,256101|1000284
stabili-62853b0c-30cf-5301-ae3a-1d123a479ebf,brooklyn-2024-p226-r54,ambiguous,manual_review,"19 East 31st Street, Brooklyn, NY 11226",3048850061,,,"19 East 31 Street, Brooklyn, NY 11226",source_bbl_found_in_official_nyc_data|parcel_has_multiple_unresolved_hpd_buildings|primary_address_matches_2_hpd_buildings,256811|970692
stabili-ce71d8ea-47e0-55e9-ba48-bedb26e1d40a,brooklyn-2024-p227-r7,ambiguous,manual_review,"422 East 31st Street, Brooklyn, NY 11226",3049640016,,,"422 East 31 Street, Brooklyn, NY 11226",source_bbl_found_in_official_nyc_data|parcel_has_multiple_unresolved_hpd_buildings|primary_address_matches_2_hpd_buildings,256929|1009480
stabili-870ff382-a944-5f33-9297-110af2247fad,brooklyn-2024-p227-r20,ambiguous,manual_review,"124 Erasmus Street, Brooklyn, NY 11226",3051080020,,,"124 Erasmus Street, Brooklyn, NY 11226",source_bbl_found_in_official_nyc_data|parcel_has_multiple_unresolved_hpd_buildings|primary_address_matches_2_hpd_buildings,841954|996170
stabili-a96bd519-6426-54af-9b1e-d494895a90be,brooklyn-2024-p227-r22,ambiguous,manual_review,"142 Erasmus Street, Brooklyn, NY 11226",3051080026,,,"142 Erasmus Street, Brooklyn, NY 11226",source_bbl_found_in_official_nyc_data|parcel_has_multiple_unresolved_hpd_buildings|primary_address_matches_3_hpd_buildings,289748|988873|992935
stabili-27f47b29-2bbb-55fe-afae-67336a60f0d8,brooklyn-2024-p227-r35,ambiguous,manual_review,"825–829 Flatbush Avenue, Brooklyn, NY 11226",3050830001,,,"825 Flatbush Avenue, Brooklyn, NY 11226",source_bbl_found_in_official_nyc_data|parcel_has_multiple_unresolved_hpd_buildings|primary_address_matches_2_hpd_buildings,292941|946769
stabili-a47277d6-4039-5e1e-84f4-c50776fd0547,brooklyn-2024-p227-r42,ambiguous,manual_review,"1127–1129 Flatbush Avenue, Brooklyn, NY 11226",3051650059,,,"1127 Flatbush Avenue, Brooklyn, NY 11226",source_bbl_found_in_official_nyc_data|parcel_has_multiple_unresolved_hpd_buildings|primary_address_matches_2_hpd_buildings,292103|991169
stabili-8fda0224-0418-5e01-bf33-651d8478346c,brooklyn-2024-p228-r4,ambiguous,manual_review,"96–100 Lenox Road, Brooklyn, NY 11226",3050830050,,,"100 Lenox Road, Brooklyn, NY 11226",source_bbl_found_in_official_nyc_data|parcel_has_multiple_unresolved_hpd_buildings|primary_address_matches_2_hpd_buildings,324006|1004561
stabili-15a2c0ca-bdac-54dc-8afb-12f54ca80801,brooklyn-2024-p228-r12,ambiguous,manual_review,"142 Lenox Road, Brooklyn, NY 11226",3050840034,,,"142 Lenox Road, Brooklyn, NY 11226",source_bbl_found_in_official_nyc_data|parcel_has_multiple_unresolved_hpd_buildings|primary_address_matches_2_hpd_buildings,324070|1000135
stabili-17f529b8-4c38-5aca-8759-deb1c55674fe,brooklyn-2024-p228-r13,ambiguous,manual_review,"150 Lenox Road, Brooklyn, NY 11226",3050840036,,,"150 Lenox Road, Brooklyn, NY 11226",source_bbl_found_in_official_nyc_data|parcel_has_multiple_unresolved_hpd_buildings|primary_address_matches_2_hpd_buildings,324075|1010247
stabili-835b6462-9220-5c5d-9664-777b2a36d503,brooklyn-2024-p228-r27,ambiguous,manual_review,"250 Lenox Road, Brooklyn, NY 11226",3050850040,,,"250 Lenox Road, Brooklyn, NY 11226",source_bbl_found_in_official_nyc_data|parcel_has_multiple_unresolved_hpd_buildings|primary_address_matches_2_hpd_buildings,324117|988390
stabili-807dee8c-17cd-5e13-8ecc-041c9f7d78dd,brooklyn-2024-p228-r38,ambiguous,manual_review,"333 Lenox Road, Brooklyn, NY 11226",3048370080,,,"331 Lenox Road, Brooklyn, NY 11226",source_bbl_found_in_official_nyc_data|parcel_has_multiple_unresolved_hpd_buildings|primary_address_matches_2_hpd_buildings,324141|985769
stabili-d042dd4e-ea05-5edc-8de0-186b01c8ab77,brooklyn-2024-p228-r53,ambiguous,manual_review,"80 Linden Boulevard, Brooklyn, NY 11226",3050870008,,,"80 Linden Boulevard, Brooklyn, NY 11226",source_bbl_found_in_official_nyc_data|parcel_has_multiple_unresolved_hpd_buildings|primary_address_matches_2_hpd_buildings,327524|1012432
stabili-26c5d664-7bb5-5a56-aed6-564112969ca8,brooklyn-2024-p229-r1,ambiguous,manual_review,"123 Linden Boulevard, Brooklyn, NY 11226",3050840084,,,"123 Linden Boulevard, Brooklyn, NY 11226",source_bbl_found_in_official_nyc_data|parcel_has_multiple_unresolved_hpd_buildings|primary_address_matches_2_hpd_buildings,327045|982039
stabili-0c2cee4c-952d-588e-88aa-3f616c176646,brooklyn-2024-p229-r2,ambiguous,manual_review,"128–134 Linden Boulevard, Brooklyn, NY 11226",3050870032,,,"128 Linden Boulevard, Brooklyn, NY 11226",source_bbl_found_in_official_nyc_data|parcel_has_multiple_unresolved_hpd_buildings|primary_address_matches_2_hpd_buildings,327050|808709
stabili-2244cc92-8d37-55ee-8555-2c8e3cd2f6a9,brooklyn-2024-p229-r5,ambiguous,manual_review,"146 Linden Boulevard, Brooklyn, NY 11226",3050870041,,,"146 Linden Boulevard, Brooklyn, NY 11226",source_bbl_found_in_official_nyc_data|parcel_has_multiple_unresolved_hpd_buildings|primary_address_matches_2_hpd_buildings,327068|983839
stabili-38bcd173-dc29-5d1c-aac0-f4a7c53bb8d9,brooklyn-2024-p229-r18,ambiguous,manual_review,"212 Linden Boulevard, Brooklyn, NY 11226",3050880025,,,"212 Linden Boulevard, Brooklyn, NY 11226",source_bbl_found_in_official_nyc_data|parcel_has_multiple_unresolved_hpd_buildings|primary_address_matches_2_hpd_buildings,327160|977366
stabili-18ab1aac-6c85-5fd4-8cb6-886b1a578ad2,brooklyn-2024-p229-r22,ambiguous,manual_review,"227 Linden Boulevard, Brooklyn, NY 11226",3050850075,,,"211 Linden Boulevard, Brooklyn, NY 11226",source_bbl_found_in_official_nyc_data|parcel_has_multiple_unresolved_hpd_buildings,327173|965261
stabili-693bb5f2-0455-5f5d-8898-cff958de2491,brooklyn-2024-p231-r1,ambiguous,manual_review,"1289–1291 Nostrand Avenue, Brooklyn, NY 11226",3048280001,,,"1291 Nostrand Avenue, Brooklyn, NY 11226",source_bbl_found_in_official_nyc_data|parcel_has_multiple_unresolved_hpd_buildings|primary_address_matches_2_hpd_buildings,346076|809027
stabili-8db1b6cb-0ffd-55a6-a3d4-e40ab4bfd300,brooklyn-2024-p231-r12,ambiguous,manual_review,"1471 Nostrand Avenue, Brooklyn, NY 11226",3048840062,,,"1471 Nostrand Avenue, Brooklyn, NY 11226",source_bbl_found_in_official_nyc_data|parcel_has_multiple_unresolved_hpd_buildings|primary_address_matches_2_hpd_buildings,346141|970680
stabili-b0139b5c-988d-516d-8381-a9e12078f888,brooklyn-2024-p231-r20,ambiguous,manual_review,"1544 Nostrand Avenue, Brooklyn, NY 11226",3051110041,,,"1544 Nostrand Avenue, Brooklyn, NY 11226",source_bbl_found_in_official_nyc_data|parcel_has_multiple_unresolved_hpd_buildings|primary_address_matches_2_hpd_buildings,346172|988713
stabili-2f5b525a-aa6c-59a3-9aad-f9ec21bec00e,brooklyn-2024-p232-r19,ambiguous,manual_review,"625 Ocean Avenue, Brooklyn, NY 11226",3051010054,,,"2005 Albemarle Road, Brooklyn, NY 11226",source_bbl_found_in_official_nyc_data|parcel_has_multiple_unresolved_hpd_buildings,183911|1009189
stabili-bc680e92-a758-56c9-bb88-be09358668b8,brooklyn-2024-p232-r56,ambiguous,manual_review,"991 Ocean Avenue, Brooklyn, NY 11226",3052060050,,,"991 Ocean Avenue, Brooklyn, NY 11226",source_bbl_found_in_official_nyc_data|parcel_has_multiple_unresolved_hpd_buildings|primary_address_matches_2_hpd_buildings,347833|975620
stabili-cda4b4e0-f12c-564b-84df-baf8203131de,brooklyn-2024-p233-r55,ambiguous,manual_review,"730–760 Rogers Avenue, Brooklyn, NY 11226",3050840061,,,"155 Linden Boulevard, Brooklyn, NY 11226",source_bbl_found_in_official_nyc_data|parcel_has_multiple_unresolved_hpd_buildings,327072|1002010
stabili-27c5b7b0-1ec8-581e-b80b-74e9f4971225,brooklyn-2024-p233-r56,ambiguous,manual_review,"733 Rogers Avenue, Brooklyn, NY 11226",3050850014,,,"733 Rogers Avenue, Brooklyn, NY 11226",source_bbl_found_in_official_nyc_data|parcel_has_multiple_unresolved_hpd_buildings|primary_address_matches_2_hpd_buildings,363966|970766
stabili-0ad14453-ac8a-53f7-a5cd-c8701bc29705,brooklyn-2024-p234-r3,ambiguous,manual_review,"933 Rogers Avenue, Brooklyn, NY 11226",3051290041,,,"933 Rogers Avenue, Brooklyn, NY 11226",source_bbl_found_in_official_nyc_data|parcel_has_multiple_unresolved_hpd_buildings|primary_address_matches_2_hpd_buildings,364029|993206
stabili-17e236c8-1444-546a-a043-27495a13bac8,brooklyn-2024-p234-r31,ambiguous,manual_review,"32 Saint Pauls Place, Brooklyn, NY 11226",3050580031,,,"32 St Pauls Place, Brooklyn, NY 11226",source_bbl_found_in_official_nyc_data|parcel_has_multiple_unresolved_hpd_buildings,375390|809528|809919|809920
stabili-56ea61ef-6b9a-5ba5-bfb9-61a342eb6302,brooklyn-2024-p234-r32,ambiguous,manual_review,"38 Saint Pauls Place, Brooklyn, NY 11226",3050580031,,,"32 St Pauls Place, Brooklyn, NY 11226",source_bbl_found_in_official_nyc_data|parcel_has_multiple_unresolved_hpd_buildings,375390|809528|809919|809920
stabili-ec8a858f-ecb9-5f5d-97d7-f562b837f45d,brooklyn-2024-p234-r36,ambiguous,manual_review,"67 Saint Pauls Place, Brooklyn, NY 11226",3050610006,,,"67 St Pauls Place, Brooklyn, NY 11226",source_bbl_found_in_official_nyc_data|parcel_has_multiple_unresolved_hpd_buildings,375403|1000549
stabili-ec5dcba0-9ebf-57a6-aa76-9c9694200086,brooklyn-2024-p234-r37,ambiguous,manual_review,"68 Saint Pauls Place, Brooklyn, NY 11226",3050600039,,,"68 St Pauls Place, Brooklyn, NY 11226",source_bbl_found_in_official_nyc_data|parcel_has_multiple_unresolved_hpd_buildings,375404|950752
stabili-b02776c5-0263-5da5-a326-2fffefa14dd6,brooklyn-2024-p234-r38,ambiguous,manual_review,"73 Saint Pauls Place, Brooklyn, NY 11226",3050610001,,,"73 St Pauls Place, Brooklyn, NY 11226",source_bbl_found_in_official_nyc_data|parcel_has_multiple_unresolved_hpd_buildings,218274|809530
stabili-7abe2c8a-35cc-57bc-84ef-d161312264f3,brooklyn-2024-p234-r42,ambiguous,manual_review,"2809 Snyder Avenue, Brooklyn, NY 11226",3051080061,,,"2809 Snyder Avenue, Brooklyn, NY 11226",source_bbl_found_in_official_nyc_data|parcel_has_multiple_unresolved_hpd_buildings|primary_address_matches_2_hpd_buildings,371371|985437
stabili-f56d0687-5e96-5d9c-9021-d8e2c5be0e39,brooklyn-2024-p234-r45,ambiguous,manual_review,"2829 Snyder Avenue, Brooklyn, NY 11226",3051080055,,,"2829 Snyder Avenue, Brooklyn, NY 11226",source_bbl_found_in_official_nyc_data|parcel_has_multiple_unresolved_hpd_buildings|primary_address_matches_2_hpd_buildings,371379|999299
stabili-7cb75454-4c8d-5ea1-a897-b7148eaca59b,brooklyn-2024-p234-r46,ambiguous,manual_review,"2901 Snyder Avenue, Brooklyn, NY 11226",3051080054,,,"2901 Snyder Avenue, Brooklyn, NY 11226",source_bbl_found_in_official_nyc_data|parcel_has_multiple_unresolved_hpd_buildings|primary_address_matches_2_hpd_buildings,371381|999300
stabili-13c50091-9a28-5259-8029-45e5040c87a1,brooklyn-2024-p234-r47,ambiguous,manual_review,"2913 Snyder Avenue, Brooklyn, NY 11226",3051080049,,,"2913 Snyder Avenue, Brooklyn, NY 11226",source_bbl_found_in_official_nyc_data|parcel_has_multiple_unresolved_hpd_buildings|primary_address_matches_2_hpd_buildings,371385|1005038
stabili-a5d2d119-bb9f-50a5-8dbf-70cb35fba27d,brooklyn-2024-p235-r8,ambiguous,manual_review,"9–11 Veronica Place, Brooklyn, NY 11226",3051040092,,,"2606 Church Avenue, Brooklyn, NY 11226",source_bbl_found_in_official_nyc_data|parcel_has_multiple_unresolved_hpd_buildings,220169|956943
stabili-24236383-e415-59bf-9536-775b7fa10bd8,brooklyn-2024-p237-r5,ambiguous,manual_review,"2112 Avenue P, Brooklyn, NY 11229",3067840005,,,"2108 Avenue P, Brooklyn, NY 11229",source_bbl_found_in_official_nyc_data|parcel_has_multiple_unresolved_hpd_buildings|primary_address_matches_2_hpd_buildings,193232|1010158
stabili-b8ae67bb-57c1-5ffd-ba3e-7092440d011f,brooklyn-2024-p237-r24,ambiguous,manual_review,"1624 East 12th Street, Brooklyn, NY 11229",3067740016,,,"1624 East 12 Street, Brooklyn, NY 11229",source_bbl_found_in_official_nyc_data|parcel_has_multiple_unresolved_hpd_buildings|primary_address_matches_2_hpd_buildings,242588|953914
stabili-e9bcd4d3-51ee-524b-be03-2478e93bd1df,brooklyn-2024-p240-r7,ambiguous,manual_review,"2151 Ocean Avenue, Brooklyn, NY 11229",3067830055,,,"2151 Ocean Avenue, Brooklyn, NY 11229",source_bbl_found_in_official_nyc_data|parcel_has_multiple_unresolved_hpd_buildings|primary_address_matches_2_hpd_buildings,347408|912077
stabili-106567b3-a5d3-5705-b498-83586fa6aeeb,brooklyn-2024-p241-r5,ambiguous,manual_review,"1805–1823 Stuart Street, Brooklyn, NY 11229",3068410001,,,"3004 Avenue R, Brooklyn, NY 11229",source_bbl_found_in_official_nyc_data|parcel_has_multiple_unresolved_hpd_buildings|primary_address_matches_4_hpd_buildings,193806|877457|877460|877461|877463|877465|877466|877467|877469|877470|877471|877473|877474|877476|877478|877479|877482|877486|877489|877490
stabili-245402bb-604b-57df-a64b-7a28d4bd174f,brooklyn-2024-p241-r6,ambiguous,manual_review,"2339 Stuart Street, Brooklyn, NY 11229",3088240056,,,"2339 Stuart Street, Brooklyn, NY 11229",source_bbl_found_in_official_nyc_data|parcel_has_multiple_unresolved_hpd_buildings|primary_address_matches_2_hpd_buildings,378706|1017112
stabili-7059db9d-7322-5c3c-b2bd-284123f581d8,brooklyn-2024-p241-r27,ambiguous,manual_review,"1102–1124 Avenue K, Brooklyn, NY 11230",3067220001,,,"1102 Avenue K, Brooklyn, NY 11230",source_bbl_found_in_official_nyc_data|parcel_has_multiple_unresolved_hpd_buildings|primary_address_matches_2_hpd_buildings,189589|1006269|1015582
stabili-36789efe-044c-5e32-aed7-207bfb9dc06f,brooklyn-2024-p241-r57,ambiguous,manual_review,"1801 Avenue North, Brooklyn, NY 11230",3067470052,,,"1801 Avenue N, Brooklyn, NY 11230",source_bbl_found_in_official_nyc_data|parcel_has_multiple_unresolved_hpd_buildings,192144|1020180
stabili-22629128-7285-5bd4-bf4f-325d3b21d012,brooklyn-2024-p243-r2,ambiguous,manual_review,"1329 East 13th Street, Brooklyn, NY 11230",3067420075,,,"1329 East 13 Street, Brooklyn, NY 11230",source_bbl_found_in_official_nyc_data|parcel_has_multiple_unresolved_hpd_buildings|primary_address_matches_2_hpd_buildings,243352|975921
stabili-56c90e53-eee9-5acd-bbda-741d31019686,brooklyn-2024-p243-r12,ambiguous,manual_review,"950 East 14th Street, Brooklyn, NY 11230",3067060020,,,"950 East 14 Street, Brooklyn, NY 11230",source_bbl_found_in_official_nyc_data|parcel_has_multiple_unresolved_hpd_buildings|primary_address_matches_2_hpd_buildings,244879|808204
stabili-6a42a664-0410-50cc-9330-67e305197f9c,brooklyn-2024-p243-r13,ambiguous,manual_review,"992 East 14th Street, Brooklyn, NY 11230",3067060043,,,"1321 Avenue J, Brooklyn, NY 11230",source_bbl_found_in_official_nyc_data|parcel_has_multiple_unresolved_hpd_buildings,188853|1021681
stabili-a58b9d38-8e41-5b1c-8434-4b2d7eca83f9,brooklyn-2024-p243-r26,ambiguous,manual_review,"918–922 East 15th Street, Brooklyn, NY 11230",3067070014,,,"918 East 15 Street, Brooklyn, NY 11230",source_bbl_found_in_official_nyc_data|parcel_has_multiple_unresolved_hpd_buildings|primary_address_matches_2_hpd_buildings,245826|808150|1018486
stabili-d63ae74f-3c92-5c9f-a685-6101be4f26b1,brooklyn-2024-p243-r53,ambiguous,manual_review,"1509 East 17th Street, Brooklyn, NY 11230",3067550053,,,"1509 East 17 Street, Brooklyn, NY 11230",source_bbl_found_in_official_nyc_data|parcel_has_multiple_unresolved_hpd_buildings|primary_address_matches_2_hpd_buildings,246743|884344
stabili-2f0d89b7-3f8f-5497-a40b-19a9b88d39a8,brooklyn-2024-p243-r54,ambiguous,manual_review,"1535 East 17th Street, Brooklyn, NY 11230",3067647501,,,"1535 East 17 Street, Brooklyn, NY 11230",source_bbl_found_in_official_nyc_data|parcel_has_multiple_unresolved_hpd_buildings|primary_address_matches_2_hpd_buildings,246754|910748
stabili-c4a0d95f-f886-592e-8040-f46330988cc2,brooklyn-2024-p245-r44,ambiguous,manual_review,"706 Ocean Parkway, Brooklyn, NY 11230",3054230047,,,"706 Ocean Parkway, Brooklyn, NY 11230",source_bbl_found_in_official_nyc_data|parcel_has_multiple_unresolved_hpd_buildings|primary_address_matches_2_hpd_buildings,348622|1017810
stabili-7ea1669f-3c76-582d-aa1a-97d6aefa99b3,brooklyn-2024-p245-r45,ambiguous,manual_review,"715 Ocean Parkway, Brooklyn, NY 11230",3054240001,,,"715 Ocean Parkway, Brooklyn, NY 11230",source_bbl_found_in_official_nyc_data|parcel_has_multiple_unresolved_hpd_buildings|primary_address_matches_2_hpd_buildings,348624|809075
stabili-29bbf832-d878-5ff6-860c-c3abc69ad3e5,brooklyn-2024-p245-r54,ambiguous,manual_review,"1000 Ocean Parkway, Brooklyn, NY 11230",3065180059,,,"996 Ocean Parkway, Brooklyn, NY 11230",source_bbl_found_in_official_nyc_data|parcel_has_multiple_unresolved_hpd_buildings|primary_address_matches_2_hpd_buildings,348686|809077
stabili-923b464b-b41e-5c0c-b4e9-26bbd49da735,brooklyn-2024-p246-r12,ambiguous,manual_review,"1191 Ocean Avenue, Brooklyn, NY 11230",3052410013,,,"1191 Ocean Avenue, Brooklyn, NY 11230",source_bbl_found_in_official_nyc_data|parcel_has_multiple_unresolved_hpd_buildings|primary_address_matches_2_hpd_buildings,347183|968261
stabili-d0016b83-982b-537d-8a30-3b5780211a21,brooklyn-2024-p246-r27,ambiguous,manual_review,"1266 Ocean Parkway, Brooklyn, NY 11230",3065410035,,,"1266 Ocean Parkway, Brooklyn, NY 11230",source_bbl_found_in_official_nyc_data|parcel_has_multiple_unresolved_hpd_buildings|primary_address_matches_2_hpd_buildings,347931|984581
stabili-53dd8507-e31c-53ce-8639-ea4925dce444,brooklyn-2024-p247-r19,ambiguous,manual_review,"1632–1640 Ocean Avenue, Brooklyn, NY 11230",3067300072,,,"1640 Ocean Avenue, Brooklyn, NY 11230",source_bbl_found_in_official_nyc_data|parcel_has_multiple_unresolved_hpd_buildings|primary_address_matches_3_hpd_buildings,347254|809055|948883
stabili-ab2e0a72-3733-5720-a64c-a37a2c2f5456,brooklyn-2024-p248-r4,ambiguous,manual_review,"210 Parkville Avenue, Brooklyn, NY 11230",3054280016,,,"206-210 Parkville Avenue, Brooklyn, NY 11230",source_bbl_found_in_official_nyc_data|parcel_has_multiple_unresolved_hpd_buildings|primary_address_matches_2_hpd_buildings,352357|996640
stabili-7eab0320-7c16-55c6-b285-5c5ee9f27fd7,brooklyn-2024-p249-r2,ambiguous,manual_review,"365–379 Bond Street, Brooklyn, NY 11231",3004580001,,,"365 Bond Street, Brooklyn, NY 11231",source_bbl_found_in_official_nyc_data|parcel_has_multiple_unresolved_hpd_buildings|primary_address_matches_2_hpd_buildings,211143|948172
stabili-ea6f791c-c6d0-5a6b-942c-ff0aba8a4154,brooklyn-2024-p249-r23,ambiguous,manual_review,"86–94 Coffey Street, Brooklyn, NY 11231",3005870041,,,"86 Coffey Street, Brooklyn, NY 11231",source_bbl_found_in_official_nyc_data|parcel_has_multiple_unresolved_hpd_buildings|primary_address_matches_2_hpd_buildings,890510|890552|895394
stabili-c1902b6b-4036-5998-923a-5ecd07322a66,brooklyn-2024-p249-r38,ambiguous,manual_review,"213 Columbia Street, Brooklyn, NY 11231",3003360007,,,"213 Columbia Street, Brooklyn, NY 11231",source_bbl_found_in_official_nyc_data|parcel_has_multiple_unresolved_hpd_buildings|primary_address_matches_2_hpd_buildings,224230|949413
stabili-47ada72f-8e84-5a07-8359-f5d21b3bf7c3,brooklyn-2024-p249-r43,ambiguous,manual_review,"433 Columbia Street, Brooklyn, NY 11231",3005340004,,,"433 Columbia Street, Brooklyn, NY 11231",source_bbl_found_in_official_nyc_data|parcel_has_multiple_unresolved_hpd_buildings|primary_address_matches_2_hpd_buildings,224315|928930
stabili-984e8db8-a63a-50ca-bd43-ab90c07b4ad4,brooklyn-2024-p250-r10,ambiguous,manual_review,"9–19 Dwight Street, Brooklyn, NY 11231",3005240010,,,"9 Dwight Street, Brooklyn, NY 11231",source_bbl_found_in_official_nyc_data|parcel_has_multiple_unresolved_hpd_buildings|primary_address_matches_5_hpd_buildings,235151|890492|890495|890499|890505
stabili-f4f90e62-66ba-519e-9f02-3c90d4d8bbdb,brooklyn-2024-p250-r32,ambiguous,manual_review,"832–838 Hicks Street, Brooklyn, NY 11231",3005800024,,,"832 Hicks Street, Brooklyn, NY 11231",source_bbl_found_in_official_nyc_data|parcel_has_multiple_unresolved_hpd_buildings|primary_address_matches_4_hpd_buildings,899020|968496|968501|968502
stabili-298f2092-b13d-5574-8864-a9fe0a0c220c,brooklyn-2024-p250-r39,ambiguous,manual_review,"80–88 Lorraine Street, Brooklyn, NY 11231",3005800025,,,"82 Lorraine Street, Brooklyn, NY 11231",source_bbl_found_in_official_nyc_data|parcel_has_multiple_unresolved_hpd_buildings|primary_address_matches_5_hpd_buildings,312443|899019|968503|968504|968505|968506
stabili-f2426f43-ea38-5bbb-b370-f4e844a2ebf7,brooklyn-2024-p250-r45,ambiguous,manual_review,"108 Luquer Street, Brooklyn, NY 11231",3003760023,,,"108 Luquer Street, Brooklyn, NY 11231",source_bbl_found_in_official_nyc_data|parcel_has_multiple_unresolved_hpd_buildings|primary_address_matches_2_hpd_buildings,329402|889484
stabili-cc4684c1-0733-5879-b563-c039e20f72b0,brooklyn-2024-p252-r9,ambiguous,manual_review,"2–12 Verona Street, Brooklyn, NY 11231",3005240001,,,"2 Columbia Street, Brooklyn, NY 11231",source_bbl_found_in_official_nyc_data|parcel_has_multiple_unresolved_hpd_buildings|primary_address_matches_6_hpd_buildings,890581|890654|890655|890656|890657|996287
stabili-2c1b1d77-179e-546b-809c-975d4a93c427,brooklyn-2024-p252-r12,ambiguous,manual_review,"71–81 Visitation Place, Brooklyn, NY 11231",3005310022,,,"71 Visitation Place, Brooklyn, NY 11231",source_bbl_found_in_official_nyc_data|parcel_has_multiple_unresolved_hpd_buildings|primary_address_matches_5_hpd_buildings,387428|814538|814539|814540|890464
stabili-63db76fa-3bb9-56b4-8e6a-1dff802a94ae,brooklyn-2024-p252-r13,ambiguous,manual_review,"83–99 Visitation Place, Brooklyn, NY 11231",3005310018,,,"81 Visitation Place, Brooklyn, NY 11231",source_bbl_found_in_official_nyc_data|parcel_has_multiple_unresolved_hpd_buildings|primary_address_matches_3_hpd_buildings,387430|814541|814542|890469
stabili-63a4c74a-bbe7-518c-83b4-5074aa1db3b0,brooklyn-2024-p252-r15,ambiguous,manual_review,"165–167 West 9th Street, Brooklyn, NY 11231",3003810041,,,"167 West 9 Street, Brooklyn, NY 11231",source_bbl_found_in_official_nyc_data|parcel_has_multiple_unresolved_hpd_buildings|primary_address_matches_3_hpd_buildings,392612|828127|955207
stabili-e030720b-0cc4-5a0a-9b44-3663973f4e10,brooklyn-2024-p252-r36,ambiguous,manual_review,"190 22nd Street, Brooklyn, NY 11232",3006460016,,,"190 22 Street, Brooklyn, NY 11232",source_bbl_found_in_official_nyc_data|parcel_has_multiple_unresolved_hpd_buildings|primary_address_matches_2_hpd_buildings,145683|903026
stabili-af327b72-1bea-5d8d-a7a2-410e50f906ce,brooklyn-2024-p252-r37,ambiguous,manual_review,"194 22nd Street, Brooklyn, NY 11232",3006460018,,,"194 22 Street, Brooklyn, NY 11232",source_bbl_found_in_official_nyc_data|parcel_has_multiple_unresolved_hpd_buildings|primary_address_matches_2_hpd_buildings,145687|990424
stabili-d57be50d-f0a0-510f-86ae-26f7ef274df2,brooklyn-2024-p252-r48,ambiguous,manual_review,"187 23rd Street, Brooklyn, NY 11232",3006460071,,,"187 23 Street, Brooklyn, NY 11232",source_bbl_found_in_official_nyc_data|parcel_has_multiple_unresolved_hpd_buildings|primary_address_matches_2_hpd_buildings,146056|893912
stabili-3d6e422d-4058-5adf-93eb-544f773b7f85,brooklyn-2024-p254-r17,ambiguous,manual_review,"417–441 40th Street, Brooklyn, NY 11232",3007090058,,,"417 40 Street, Brooklyn, NY 11232",source_bbl_found_in_official_nyc_data|parcel_has_multiple_unresolved_hpd_buildings|primary_address_matches_2_hpd_buildings,148650|1017487
stabili-81543df0-62c1-5d3b-a4b2-38e87265304d,brooklyn-2024-p254-r54,ambiguous,manual_review,"754 40th Street, Brooklyn, NY 11232",3009190026,,,"754 40 Street, Brooklyn, NY 11232",source_bbl_found_in_official_nyc_data|parcel_has_multiple_unresolved_hpd_buildings|primary_address_matches_2_hpd_buildings,148794|950282
stabili-6c553ae0-0ca2-5b90-ba5d-fe5e4ad6fd66,brooklyn-2024-p254-r57,ambiguous,manual_review,"814 40th Street, Brooklyn, NY 11232",3009200011,,,"814 40 Street, Brooklyn, NY 11232",source_bbl_found_in_official_nyc_data|parcel_has_multiple_unresolved_hpd_buildings|primary_address_matches_2_hpd_buildings,148807|946609
stabili-5722eba8-b175-59a3-9ffc-ea999396c7db,brooklyn-2024-p255-r53,ambiguous,manual_review,"761 43rd Street, Brooklyn, NY 11232",3009240049,,,"761 43 Street, Brooklyn, NY 11232",source_bbl_found_in_official_nyc_data|parcel_has_multiple_unresolved_hpd_buildings|primary_address_matches_2_hpd_buildings,150278|942927
stabili-690b0d42-85be-598f-89a6-72e9ffa4239f,brooklyn-2024-p256-r8,ambiguous,manual_review,"39-10 4th Avenue, Brooklyn, NY 11232",3009280001,,,"35 4 Avenue, Brooklyn, NY 11217",source_bbl_found_in_official_nyc_data|parcel_has_multiple_unresolved_hpd_buildings,128988|1001963
stabili-48151548-db77-5acb-b497-a224af249f39,brooklyn-2024-p256-r13,ambiguous,manual_review,"683 4th Avenue, Brooklyn, NY 11232",3006430005,,,"683 4 Avenue, Brooklyn, NY 11232",source_bbl_found_in_official_nyc_data|parcel_has_multiple_unresolved_hpd_buildings|primary_address_matches_2_hpd_buildings,129482|955034
stabili-3394ff2f-3764-575c-8655-d7207a438d0f,brooklyn-2024-p257-r3,ambiguous,manual_review,"2156–2158 Atlantic Avenue, Brooklyn, NY 11233",3014330023,,,"2156 Atlantic Avenue, Brooklyn, NY 11233",source_bbl_found_in_official_nyc_data|parcel_has_multiple_unresolved_hpd_buildings|primary_address_matches_2_hpd_buildings,185923|913243
stabili-e0ff5a9d-bb5e-572e-9947-786281a06c7c,brooklyn-2024-p257-r7,ambiguous,manual_review,"2264 Atlantic Avenue, Brooklyn, NY 11233",3014350010,,,"2264 Atlantic Avenue, Brooklyn, NY 11233",source_bbl_found_in_official_nyc_data|parcel_has_multiple_unresolved_hpd_buildings|primary_address_matches_2_hpd_buildings,185936|1011485
stabili-ce362013-d8a4-59d0-9728-bdfc26e94889,brooklyn-2024-p257-r16,ambiguous,manual_review,"2358 Atlantic Avenue, Brooklyn, NY 11233",3014360018,,,"2354 Atlantic Avenue, Brooklyn, NY 11233",source_bbl_found_in_official_nyc_data|parcel_has_multiple_unresolved_hpd_buildings|primary_address_matches_2_hpd_buildings,927237|947579
stabili-4075ed1e-9c88-53d5-99a4-515190834d48,brooklyn-2024-p257-r18,ambiguous,manual_review,"2365 Atlantic Avenue, Brooklyn, NY 11233",3015720039,,,"2365 Atlantic Avenue, Brooklyn, NY 11233",source_bbl_found_in_official_nyc_data|parcel_has_multiple_unresolved_hpd_buildings|primary_address_matches_2_hpd_buildings,185988|975725
stabili-a3757899-3cfd-5e9d-b52d-1839a7373959,brooklyn-2024-p257-r19,ambiguous,manual_review,"2371 Atlantic Avenue, Brooklyn, NY 11233",3015720037,,,"2371 Atlantic Avenue, Brooklyn, NY 11233",source_bbl_found_in_official_nyc_data|parcel_has_multiple_unresolved_hpd_buildings|primary_address_matches_2_hpd_buildings,185993|904143
stabili-a1d4c8e7-caa5-5c8e-8c17-a4ae0c93da29,brooklyn-2024-p257-r31,ambiguous,manual_review,"237 Bainbridge Street, Brooklyn, NY 11233",3016820070,,,"237 Bainbridge Street, Brooklyn, NY 11233",source_bbl_found_in_official_nyc_data|parcel_has_multiple_unresolved_hpd_buildings|primary_address_matches_2_hpd_buildings,197932|945062
stabili-1423ee71-ff4d-5e54-85ab-8f95b666bf3d,brooklyn-2024-p258-r7,ambiguous,manual_review,"1994 Bergen Street, Brooklyn, NY 11233",3014530032,,,"1994 Bergen Street, Brooklyn, NY 11233",source_bbl_found_in_official_nyc_data|parcel_has_multiple_unresolved_hpd_buildings|primary_address_matches_2_hpd_buildings,208621|996398
stabili-19dd3d2d-7c05-5e38-83c5-2ab9429f0749,brooklyn-2024-p258-r12,ambiguous,manual_review,"84 Chauncey Street, Brooklyn, NY 11233",3016910010,,,"84 Chauncey Street, Brooklyn, NY 11233",source_bbl_found_in_official_nyc_data|parcel_has_multiple_unresolved_hpd_buildings|primary_address_matches_2_hpd_buildings,219258|969643
stabili-90c48d27-c173-5b5d-85b7-9cd49f2533d1,brooklyn-2024-p258-r16,ambiguous,manual_review,"201 Chauncey Street, Brooklyn, NY 11233",3016870068,,,"201 Chauncey Street, Brooklyn, NY 11233",source_bbl_found_in_official_nyc_data|parcel_has_multiple_unresolved_hpd_buildings|primary_address_matches_2_hpd_buildings,218934|969639
stabili-4e9eb1ae-05a6-5ae8-ba00-2c452f8b58fd,brooklyn-2024-p259-r27,ambiguous,manual_review,"354–360 Decatur Street, Brooklyn, NY 11233",3016810045,,,"320 Malcolm X Boulevard, Brooklyn, NY 11233",source_bbl_found_in_official_nyc_data|parcel_has_multiple_unresolved_hpd_buildings|primary_address_matches_2_hpd_buildings,360519|808075
stabili-468cd0e4-c821-5cca-a866-6f2829b0bb7b,brooklyn-2024-p259-r54,ambiguous,manual_review,"1484 Eastern Parkway, Brooklyn, NY 11233",3014740009,,,"1474 Eastern Parkway, Brooklyn, NY 11233",source_bbl_found_in_official_nyc_data|parcel_has_multiple_unresolved_hpd_buildings|primary_address_matches_2_hpd_buildings,287624|287626
stabili-394ba064-def3-580a-8181-b428021436ea,brooklyn-2024-p260-r7,ambiguous,manual_review,"1566 Eastern Parkway, Brooklyn, NY 11233",3014680035,,,"1566 Eastern Parkway, Brooklyn, NY 11233",source_bbl_found_in_official_nyc_data|parcel_has_multiple_unresolved_hpd_buildings,287660|809567
stabili-5ae84918-4eeb-5f81-b707-110cdd7bb6a5,brooklyn-2024-p260-r20,ambiguous,manual_review,"1828 Eastern Parkway, Brooklyn, NY 11233",3014420066,,,"2381 Dean Street, Brooklyn, NY 11233",source_bbl_found_in_official_nyc_data|parcel_has_multiple_unresolved_hpd_buildings|primary_address_matches_2_hpd_buildings,231197|808236|948033
stabili-17489a77-b59f-5327-b0d2-77d29b93c0d6,brooklyn-2024-p260-r26,ambiguous,manual_review,"1882 Fulton Street, Brooklyn, NY 11233",3017040010,,,"1882 Fulton Street, Brooklyn, NY 11233",source_bbl_found_in_official_nyc_data|parcel_has_multiple_unresolved_hpd_buildings|primary_address_matches_2_hpd_buildings,297617|858627
stabili-89316f9c-7b54-51e6-bb4c-e0c6e97e043b,brooklyn-2024-p260-r30,ambiguous,manual_review,"1926 Fulton Street, Brooklyn, NY 11233",3017040034,,,"1926 Fulton Street, Brooklyn, NY 11233",source_bbl_found_in_official_nyc_data|parcel_has_multiple_unresolved_hpd_buildings|primary_address_matches_2_hpd_buildings,297647|927540
stabili-26cd388e-e16a-568c-96d2-b0254cd2f38b,brooklyn-2024-p260-r38,ambiguous,manual_review,"2114 Fulton Street, Brooklyn, NY 11233",3015510009,,,"2114 Fulton Street, Brooklyn, NY 11233",source_bbl_found_in_official_nyc_data|parcel_has_multiple_unresolved_hpd_buildings|primary_address_matches_2_hpd_buildings,297782|1008816
stabili-2ba5ef63-893d-54fb-9969-042ca896400d,brooklyn-2024-p261-r6,ambiguous,manual_review,"670 Halsey Street, Brooklyn, NY 11233",3016670035,,,"670 Halsey Street, Brooklyn, NY 11233",source_bbl_found_in_official_nyc_data|parcel_has_multiple_unresolved_hpd_buildings|primary_address_matches_2_hpd_buildings,306146|965102
stabili-99db2ae4-67aa-5ccc-9e00-3de26f1b685b,brooklyn-2024-p262-r6,ambiguous,manual_review,"891 Herkimer Street, Brooklyn, NY 11233",3017040063,,,"891 Herkimer Street, Brooklyn, NY 11233",source_bbl_found_in_official_nyc_data|parcel_has_multiple_unresolved_hpd_buildings|primary_address_matches_2_hpd_buildings,311702|954409
stabili-03d59115-66ba-56f9-98c7-b9a63ddb82e2,brooklyn-2024-p262-r9,ambiguous,manual_review,"954 Herkimer Street, Brooklyn, NY 11233",3017140017,,,"954 Herkimer Street, Brooklyn, NY 11233",source_bbl_found_in_official_nyc_data|parcel_has_multiple_unresolved_hpd_buildings|primary_address_matches_2_hpd_buildings,311734|982272
stabili-492c07f7-34a2-5d26-aec5-f696a32dc3b2,brooklyn-2024-p262-r12,ambiguous,manual_review,"1405 Herkimer Street, Brooklyn, NY 11233",3015530037,,,"1405 Herkimer Street, Brooklyn, NY 11233",source_bbl_found_in_official_nyc_data|parcel_has_multiple_unresolved_hpd_buildings|primary_address_matches_2_hpd_buildings,311334|1017719
stabili-321f8392-5521-53b4-8a2a-c761b7ddfdd8,brooklyn-2024-p262-r18,ambiguous,manual_review,"106 Hopkinson Avenue, Brooklyn, NY 11233",3015200041,,,"106 Thomas S Boyland St, Brooklyn, NY 11233",source_bbl_found_in_official_nyc_data|parcel_has_multiple_unresolved_hpd_buildings|primary_address_matches_2_hpd_buildings,313638|872284|927801
stabili-8c8e9698-78a9-5cec-8b76-f0ed82ce8422,brooklyn-2024-p262-r25,ambiguous,manual_review,"247–253 Hopkinson Avenue, Brooklyn, NY 11233",3014340001,,,"214 Thomas S Boyland St, Brooklyn, NY 11233",source_bbl_found_in_official_nyc_data|parcel_has_multiple_unresolved_hpd_buildings,185932|809296
stabili-2e84b4fe-e1e3-518f-a2f1-7b920c3755f4,brooklyn-2024-p262-r33,ambiguous,manual_review,"225 Howard Avenue, Brooklyn, NY 11233",3015190004,,,"225 Howard Avenue, Brooklyn, NY 11233",source_bbl_found_in_official_nyc_data|parcel_has_multiple_unresolved_hpd_buildings|primary_address_matches_2_hpd_buildings,314060|994690
stabili-297403ca-29a6-5869-a3e2-2e1686e0b1a1,brooklyn-2024-p262-r41,ambiguous,manual_review,"402–404 Howard Avenue, Brooklyn, NY 11233",3014510042,,,"404 Howard Avenue, Brooklyn, NY 11233",source_bbl_found_in_official_nyc_data|parcel_has_multiple_unresolved_hpd_buildings|primary_address_matches_3_hpd_buildings,314112|836723|927815
stabili-179f828e-954e-579a-b8da-f2f720f82e07,brooklyn-2024-p262-r42,ambiguous,manual_review,"403 Howard Avenue, Brooklyn, NY 11233",3014520005,,,"403 Howard Avenue, Brooklyn, NY 11233",source_bbl_found_in_official_nyc_data|parcel_has_multiple_unresolved_hpd_buildings|primary_address_matches_2_hpd_buildings,314113|970892
stabili-539e9c6b-5346-5868-8c9c-f1a995195099,brooklyn-2024-p262-r44,ambiguous,manual_review,"414 Howard Avenue, Brooklyn, NY 11233",3014510048,,,"414 Howard Avenue, Brooklyn, NY 11233",source_bbl_found_in_official_nyc_data|parcel_has_multiple_unresolved_hpd_buildings|primary_address_matches_2_hpd_buildings,314119|809518|943963
stabili-d50842fc-1275-50fe-a680-e4454f011355,brooklyn-2024-p262-r54,ambiguous,manual_review,"169 Hull Street, Brooklyn, NY 11233",3015340060,,,"169 Hull Street, Brooklyn, NY 11233",source_bbl_found_in_official_nyc_data|parcel_has_multiple_unresolved_hpd_buildings|primary_address_matches_2_hpd_buildings,314746|997279
stabili-27ef81cd-1a35-5c9c-aaa7-e4bb904992b0,brooklyn-2024-p263-r25,ambiguous,manual_review,"1597 Lincoln Place, Brooklyn, NY 11233",3013870066,,,"1597 Lincoln Place, Brooklyn, NY 11233",source_bbl_found_in_official_nyc_data|parcel_has_multiple_unresolved_hpd_buildings|primary_address_matches_2_hpd_buildings,326455|994426
stabili-a9e85f54-6ecb-5657-b14c-e08d109e6e03,brooklyn-2024-p263-r44,ambiguous,manual_review,"706 Macdonough Street, Brooklyn, NY 11233",3015010026,,,"706 Mac Donough Street, Brooklyn, NY 11233",source_bbl_found_in_official_nyc_data|parcel_has_multiple_unresolved_hpd_buildings,334864|957173
stabili-be5ae449-88df-5a4a-a8db-de0c9ace6f7f,brooklyn-2024-p264-r11,ambiguous,manual_review,"80 Macdougal Street, Brooklyn, NY 11233",3015310016,,,"80 Mac Dougal Street, Brooklyn, NY 11233",source_bbl_found_in_official_nyc_data|parcel_has_multiple_unresolved_hpd_buildings,335145|871136
stabili-6a22cba4-b814-5e5b-9c5a-68f8a7ab1faf,brooklyn-2024-p264-r18,ambiguous,manual_review,"214–216 Macdougal Street, Brooklyn, NY 11233",3015330030,,,"214 Mac Dougal Street, Brooklyn, NY 11233",source_bbl_found_in_official_nyc_data|parcel_has_multiple_unresolved_hpd_buildings,335050|999119
stabili-dda322e5-db97-5166-b4df-3b27019dfebd,brooklyn-2024-p264-r20,ambiguous,manual_review,"220 Macdougal Street, Brooklyn, NY 11233",3015330035,,,"220 Mac Dougal Street, Brooklyn, NY 11233",source_bbl_found_in_official_nyc_data|parcel_has_multiple_unresolved_hpd_buildings,335055|927802
stabili-563af82b-436d-57a3-8c5f-a468afc07a36,brooklyn-2024-p264-r45,ambiguous,manual_review,"880–882 Macon Street, Brooklyn, NY 11233",3014980030,,,"880 Macon Street, Brooklyn, NY 11233",source_bbl_found_in_official_nyc_data|parcel_has_multiple_unresolved_hpd_buildings|primary_address_matches_2_hpd_buildings,330379|953491
stabili-9a8a046b-d593-59db-b75d-3d5c80af1e55,brooklyn-2024-p264-r57,ambiguous,manual_review,"90 Marion Street, Brooklyn, NY 11233",3016950011,,,"90 Marion Street, Brooklyn, NY 11233",source_bbl_found_in_official_nyc_data|parcel_has_multiple_unresolved_hpd_buildings|primary_address_matches_2_hpd_buildings,333260|957932
stabili-b21d520d-486a-5fc9-8408-a1140c47943e,brooklyn-2024-p265-r36,ambiguous,manual_review,"2149–2153 Pacific Street, Brooklyn, NY 11233",3014330060,,,"2153 Pacific Street, Brooklyn, NY 11233",source_bbl_found_in_official_nyc_data|parcel_has_multiple_unresolved_hpd_buildings|primary_address_matches_3_hpd_buildings,349984|809111|996059
stabili-10996387-f9fd-56ba-ab44-de31d09aa474,brooklyn-2024-p265-r46,ambiguous,manual_review,"2266 Pacific Street, Brooklyn, NY 11233",3014420036,,,"2266 Pacific Street, Brooklyn, NY 11233",source_bbl_found_in_official_nyc_data|parcel_has_multiple_unresolved_hpd_buildings|primary_address_matches_2_hpd_buildings,350025|998740
stabili-d7ad7558-2d61-5379-b182-eb4976b9b8b2,brooklyn-2024-p265-r52,ambiguous,manual_review,"2361 Pacific Street, Brooklyn, NY 11233",3014360036,,,"Pacific Street, Brooklyn, NY 11233",source_bbl_found_in_official_nyc_data|parcel_has_multiple_unresolved_hpd_buildings|primary_address_matches_2_hpd_buildings,950579|999442|1000096|1000677|1006032|1006033
stabili-321bb4d6-af4e-55c8-8957-f487350b7cce,brooklyn-2024-p265-r53,ambiguous,manual_review,"2365 Pacific Street, Brooklyn, NY 11233",3014360036,,,"Pacific Street, Brooklyn, NY 11233",source_bbl_found_in_official_nyc_data|parcel_has_multiple_unresolved_hpd_buildings|primary_address_matches_2_hpd_buildings,950579|999442|1000096|1000677|1006032|1006033
stabili-448f3f25-afb4-5644-b645-521b40127b4d,brooklyn-2024-p266-r13,ambiguous,manual_review,"1740–1760 Prospect Place, Brooklyn, NY 11233",3014630016,,,"1750 Prospect Place, Brooklyn, NY 11233",source_bbl_found_in_official_nyc_data|parcel_has_multiple_unresolved_hpd_buildings|primary_address_matches_3_hpd_buildings,356902|955765|976378
stabili-7a054d16-ea1a-5cc6-98df-65443a993267,brooklyn-2024-p266-r14,ambiguous,manual_review,"1743–1755 Prospect Place, Brooklyn, NY 11233",3014580052,,,"1743 Prospect Place, Brooklyn, NY 11233",source_bbl_found_in_official_nyc_data|parcel_has_multiple_unresolved_hpd_buildings|primary_address_matches_4_hpd_buildings,356903|972798|984037|984038|984040
stabili-5915ffae-5f2c-5b1c-917b-cc9cb6dd4672,brooklyn-2024-p266-r52,ambiguous,manual_review,"49 Rochester Avenue, Brooklyn, NY 11233",3017090003,,,"49 Rochester Avenue, Brooklyn, NY 11233",source_bbl_found_in_official_nyc_data|parcel_has_multiple_unresolved_hpd_buildings|primary_address_matches_2_hpd_buildings,362455|977128
stabili-f3cc3ebf-a12c-552e-92b5-c4453f43f33c,brooklyn-2024-p267-r20,ambiguous,manual_review,"1730–1734 Saint Johns Place, Brooklyn, NY 11233",3014730034,,,"1734 St Johns Place, Brooklyn, NY 11233",source_bbl_found_in_official_nyc_data|parcel_has_multiple_unresolved_hpd_buildings,314166|914280
stabili-d118e9df-83a3-5f63-be27-7b8c51b7caea,brooklyn-2024-p267-r24,ambiguous,manual_review,"1459 Saint Marks Avenue, Brooklyn, NY 11233",3014520001,,,"1459 St Marks Avenue, Brooklyn, NY 11233",source_bbl_found_in_official_nyc_data|parcel_has_multiple_unresolved_hpd_buildings,374515|837031|927816
stabili-234fc6f7-2bbd-5180-8a13-35dcff7921cb,brooklyn-2024-p267-r29,ambiguous,manual_review,"1694 Saint Marks Avenue, Brooklyn, NY 11233",3014610014,,,"1694 St Marks Avenue, Brooklyn, NY 11233",source_bbl_found_in_official_nyc_data|parcel_has_multiple_unresolved_hpd_buildings,374636|1009437
stabili-646bd369-5987-5f2a-bd75-6f65c3f80fad,brooklyn-2024-p268-r28,ambiguous,manual_review,"237 Sumpter Street, Brooklyn, NY 11233",3015200069,,,"237 Sumpter Street, Brooklyn, NY 11233",source_bbl_found_in_official_nyc_data|parcel_has_multiple_unresolved_hpd_buildings|primary_address_matches_2_hpd_buildings,379447|935364
stabili-4d3215c1-f093-5292-ac80-e38e192f5e55,brooklyn-2024-p268-r43,ambiguous,manual_review,"387 Sumpter Street, Brooklyn, NY 11233",3015220051,,,"387 Sumpter Street, Brooklyn, NY 11233",source_bbl_found_in_official_nyc_data|parcel_has_multiple_unresolved_hpd_buildings|primary_address_matches_2_hpd_buildings,379544|953660
stabili-492a227c-2f6c-55b1-8e42-73f79ae59384,brooklyn-2024-p268-r44,ambiguous,manual_review,"24 Suydam Place, Brooklyn, NY 11233",3017090030,,,"24 Suydam Place, Brooklyn, NY 11233",source_bbl_found_in_official_nyc_data|parcel_has_multiple_unresolved_hpd_buildings|primary_address_matches_2_hpd_buildings,380303|893712
stabili-9dfe128b-b993-53a5-bb0a-c9e3bc3eb173,brooklyn-2024-p268-r46,ambiguous,manual_review,"170 Thomas South Boyland Street, Brooklyn, NY 11233",3015370001,,,"170 Thomas S Boyland St, Brooklyn, NY 11233",source_bbl_found_in_official_nyc_data|parcel_has_multiple_unresolved_hpd_buildings,297728|935365
stabili-deed425b-c844-5048-bcf2-ef627bbf4eba,brooklyn-2024-p269-r35,ambiguous,manual_review,"564–578 Avenue Y, Brooklyn, NY 11235",3072200005,,,"564 Avenue Y, Brooklyn, NY 11235",source_bbl_found_in_official_nyc_data|parcel_has_multiple_unresolved_hpd_buildings|primary_address_matches_8_hpd_buildings,197532|822862|822863|822864|822865|822866|822889|822895
stabili-770a92a5-56ca-5abb-a3bf-b26200047f37,brooklyn-2024-p269-r39,ambiguous,manual_review,"769–793 Avenue Z, Brooklyn, NY 11235",3072200090,,,"769 Avenue Z, Brooklyn, NY 11235",source_bbl_found_in_official_nyc_data|parcel_has_multiple_unresolved_hpd_buildings|primary_address_matches_12_hpd_buildings,197788|822896|822897|822898|822899|822900|822901|822902|822903|822906|822910|822911
stabili-4bf9f3cd-24ba-5f47-a26c-6153af351b24,brooklyn-2024-p269-r50,ambiguous,manual_review,"62–80 Brighton Court, Brooklyn, NY 11235",3072200125,,,"62 Brighton Court, Brooklyn, NY 11235",source_bbl_found_in_official_nyc_data|parcel_has_multiple_unresolved_hpd_buildings|primary_address_matches_10_hpd_buildings,213394|822837|822838|822843|822845|822846|822847|822848|822853|822859
stabili-b02eb140-b12d-55cf-8374-24b62b270e1e,brooklyn-2024-p269-r51,ambiguous,manual_review,"67–89 Brighton Court, Brooklyn, NY 11235",3072200055,,,"67 Brighton Court, Brooklyn, NY 11235",source_bbl_found_in_official_nyc_data|parcel_has_multiple_unresolved_hpd_buildings|primary_address_matches_12_hpd_buildings,213395|822907|822908|822940|822959|822961|822962|822965|822966|822973|822974|822975
stabili-04d7bf39-2dc3-57e7-b35f-ad923c4a34ac,brooklyn-2024-p270-r27,ambiguous,manual_review,"30–50 Brighton 1st Road, Brooklyn, NY 11235",3086800001,,,"40 Brighton 1 Street, Brooklyn, NY 11235",source_bbl_found_in_official_nyc_data|parcel_has_multiple_unresolved_hpd_buildings|primary_address_matches_2_hpd_buildings,210903|807828|1005173
stabili-771565f0-adf6-5047-8e51-6a176ebf2396,brooklyn-2024-p270-r28,ambiguous,manual_review,"67 Brighton 1st Lane, Brooklyn, NY 11235",3086700080,,,"67 Brighton 1 Lane, Brooklyn, NY 11235",source_bbl_found_in_official_nyc_data|parcel_has_multiple_unresolved_hpd_buildings|primary_address_matches_2_hpd_buildings,212046|956865
stabili-3004dddd-3916-50d1-939f-a140e17d2b7d,brooklyn-2024-p270-r30,ambiguous,manual_review,"3052 Brighton 1st Street, Brooklyn, NY 11235",3086690018,,,"3052 Brighton 1 Street, Brooklyn, NY 11235",source_bbl_found_in_official_nyc_data|parcel_has_multiple_unresolved_hpd_buildings|primary_address_matches_2_hpd_buildings,212142|212145|904910
stabili-a9e49064-a4d6-5f76-bbac-09fbab26b454,brooklyn-2024-p270-r38,ambiguous,manual_review,"3051–3065 Brighton 3rd Street, Brooklyn, NY 11235",3086730012,,,"3051 Brighton 3 Street, Brooklyn, NY 11235",source_bbl_found_in_official_nyc_data|parcel_has_multiple_unresolved_hpd_buildings|primary_address_matches_4_hpd_buildings,212345|212349|212351|950140
stabili-e86415db-9c84-5b23-9e85-671b841d3a70,brooklyn-2024-p270-r51,ambiguous,manual_review,"2952 Brighton 5th Street, Brooklyn, NY 11235",3086640470,,,"2952 Brighton 5 Street, Brooklyn, NY 11235",source_bbl_found_in_official_nyc_data|parcel_has_multiple_unresolved_hpd_buildings|primary_address_matches_2_hpd_buildings,212516|976912
stabili-5b268704-25cf-522c-99c5-b5adb3597505,brooklyn-2024-p270-r52,ambiguous,manual_review,"2955 Brighton 5th Street, Brooklyn, NY 11235",3086650525,,,"2955 Brighton 5 Street, Brooklyn, NY 11235",source_bbl_found_in_official_nyc_data|parcel_has_multiple_unresolved_hpd_buildings|primary_address_matches_2_hpd_buildings,212517|998652
stabili-c4e4bd8a-2442-5cdd-a397-d6a401d1286e,brooklyn-2024-p271-r40,ambiguous,manual_review,"14–26 Cass Place, Brooklyn, NY 11235",3087110015,,,"2906 Brighton 12 Street, Brooklyn, NY 11235",source_bbl_found_in_official_nyc_data|parcel_has_multiple_unresolved_hpd_buildings,213137|974214
stabili-01f953f0-27b0-5474-b5ff-e5da3c127194,brooklyn-2024-p272-r25,ambiguous,manual_review,"2730 East 23rd Street, Brooklyn, NY 11235",3087810029,,,"2730 East 23 Street, Brooklyn, NY 11235",source_bbl_found_in_official_nyc_data|parcel_has_multiple_unresolved_hpd_buildings,251254|933762
stabili-ee3f193a-a713-5ec9-b7ff-4530c114215f,brooklyn-2024-p272-r29,ambiguous,manual_review,"2566–2576 East 6th Street, Brooklyn, NY 11235",3072200080,,,"2568 East 6 Street, Brooklyn, NY 11235",source_bbl_found_in_official_nyc_data|parcel_has_multiple_unresolved_hpd_buildings|primary_address_matches_6_hpd_buildings,212593|822890|822891|822892|822893|822894|822909|822912
stabili-f12338a7-ef29-52a6-bee2-fa1d7711bb18,brooklyn-2024-p272-r45,ambiguous,manual_review,"60–81 Manhattan Court, Brooklyn, NY 11235",3072200050,,,"60 Manhattan Court, Brooklyn, NY 11235",source_bbl_found_in_official_nyc_data|parcel_has_multiple_unresolved_hpd_buildings|primary_address_matches_11_hpd_buildings,332002|822920|822923|822924|822925|822926|822927|822928|822929|822931|822932
stabili-2bafda38-98b4-522c-918c-2def8a699654,brooklyn-2024-p272-r49,ambiguous,manual_review,"340 Neptune Avenue, Brooklyn, NY 11235",3086630246,,,"340 Neptune Avenue, Brooklyn, NY 11235",source_bbl_found_in_official_nyc_data|parcel_has_multiple_unresolved_hpd_buildings|primary_address_matches_2_hpd_buildings,342114|993227
stabili-d813ab13-2f39-5473-8204-9157b0cd9eae,brooklyn-2024-p272-r53,ambiguous,manual_review,"2503–2517 Ocean Parkway, Brooklyn, NY 11235",3072200001,,,"2503 Ocean Parkway, Brooklyn, NY 11235",source_bbl_found_in_official_nyc_data|parcel_has_multiple_unresolved_hpd_buildings|primary_address_matches_7_hpd_buildings,348466|822980|822982|822983|823002|823003|823004
stabili-60c3e473-e502-5ca0-a931-f8b6c53de729,brooklyn-2024-p272-r55,ambiguous,manual_review,"2529–2541 Ocean Parkway, Brooklyn, NY 11235",3072200070,,,"2529 Ocean Parkway, Brooklyn, NY 11235",source_bbl_found_in_official_nyc_data|parcel_has_multiple_unresolved_hpd_buildings|primary_address_matches_7_hpd_buildings,348473|822995|822997|822998|822999|823000|823001
stabili-acf54f6b-4fc5-5b39-b3c9-feb0b00d69a1,brooklyn-2024-p272-r56,ambiguous,manual_review,"2551–2565 Ocean Parkway, Brooklyn, NY 11235",3072200110,,,"2551 Ocean Parkway, Brooklyn, NY 11235",source_bbl_found_in_official_nyc_data|parcel_has_multiple_unresolved_hpd_buildings|primary_address_matches_7_hpd_buildings,348480|822984|822985|822986|822991|822992|822993
stabili-6a38fdc8-5b13-56a9-afe1-62dc1fda915b,brooklyn-2024-p273-r31,ambiguous,manual_review,"3100 Ocean Parkway, Brooklyn, NY 11235",3072820062,,,"3100 Ocean Parkway, Brooklyn, NY 11235",source_bbl_found_in_official_nyc_data|parcel_has_multiple_unresolved_hpd_buildings|primary_address_matches_2_hpd_buildings,348541|809072
stabili-778164a6-fa75-5ae0-ab5c-c5cb7d1ce0e1,brooklyn-2024-p273-r35,ambiguous,manual_review,"422–424 Ocean View Avenue, Brooklyn, NY 11235",3086740007,,,"424 Ocean View Avenue, Brooklyn, NY 11235",source_bbl_found_in_official_nyc_data|parcel_has_multiple_unresolved_hpd_buildings|primary_address_matches_2_hpd_buildings,348778|969588
stabili-7799557d-004f-5baa-8759-fb899b154f4b,brooklyn-2024-p273-r36,ambiguous,manual_review,"524 Ocean View Avenue, Brooklyn, NY 11235",3086750076,,,"524 Ocean View Avenue, Brooklyn, NY 11235",source_bbl_found_in_official_nyc_data|parcel_has_multiple_unresolved_hpd_buildings|primary_address_matches_2_hpd_buildings,348819|1004315
stabili-12bce829-b556-5849-aabe-6bf353a6870a,brooklyn-2024-p273-r37,ambiguous,manual_review,"701 Ocean View Avenue, Brooklyn, NY 11235",3086670725,,,"701 Brighton 7 Street, Brooklyn, NY 11235",source_bbl_found_in_official_nyc_data|parcel_has_multiple_unresolved_hpd_buildings,212788|934994
stabili-eb2d75c7-e611-5798-855e-dddd0790f0b8,brooklyn-2024-p274-r1,ambiguous,manual_review,"1609–1615 Voorhies Avenue, Brooklyn, NY 11235",3074590146,,,"1609 Voorhies Avenue, Brooklyn, NY 11235",source_bbl_found_in_official_nyc_data|parcel_has_multiple_unresolved_hpd_buildings|primary_address_matches_2_hpd_buildings,387468|1000827
stabili-dd491d9f-82e5-5d18-8170-bf4889b1ac3c,brooklyn-2024-p274-r8,ambiguous,manual_review,"3080–3090 Voorhies Avenue, Brooklyn, NY 11235",3088060150,,,"3080 Voorhies Avenue, Brooklyn, NY 11235",source_bbl_found_in_official_nyc_data|parcel_has_multiple_unresolved_hpd_buildings|primary_address_matches_2_hpd_buildings,387630|942542
stabili-bf377067-66fa-5f02-8cea-6d1fdaa785dd,brooklyn-2024-p274-r17,ambiguous,manual_review,"702–726 East 103rd Street, Brooklyn, NY 11236",3081900039,,,"744 East 103Rd Street, Brooklyn, NY 11236",source_bbl_found_in_official_nyc_data|parcel_has_multiple_unresolved_hpd_buildings|primary_address_matches_8_hpd_buildings,286481|859909|863620|883234|883235|883236|883237|883239|883240|1018203
stabili-a9d72158-19c1-548b-8543-e921b76dd439,brooklyn-2024-p274-r51,ambiguous,manual_review,"8623 Flatlands Avenue, Brooklyn, NY 11236",3080070001,,,"8623 Flatlands Avenue, Brooklyn, NY 11236",source_bbl_found_in_official_nyc_data|parcel_has_multiple_unresolved_hpd_buildings|primary_address_matches_2_hpd_buildings,293315|1010341
stabili-7eb1b274-c182-547d-85b6-d6bd89bf7fe8,brooklyn-2024-p275-r17,ambiguous,manual_review,"387 Bleecker Street, Brooklyn, NY 11237",3033020042,,,"387 Bleecker Street, Brooklyn, NY 11237",source_bbl_found_in_official_nyc_data|parcel_has_multiple_unresolved_hpd_buildings|primary_address_matches_2_hpd_buildings,210779|994051
stabili-30ed1cfd-5c55-5884-8b9f-8da49ccbfe10,brooklyn-2024-p276-r47,ambiguous,manual_review,"1517 Dekalb Avenue, Brooklyn, NY 11237",3032360044,,,"1517 Dekalb Avenue, Brooklyn, NY 11237",source_bbl_found_in_official_nyc_data|parcel_has_multiple_unresolved_hpd_buildings,230058|1014647
stabili-b30d5b02-c14b-592f-b59f-a7387d84ad6e,brooklyn-2024-p277-r32,ambiguous,manual_review,"342 Eldert Street, Brooklyn, NY 11237",3034190029,,,"342 Eldert Street, Brooklyn, NY 11237",source_bbl_found_in_official_nyc_data|parcel_has_multiple_unresolved_hpd_buildings|primary_address_matches_2_hpd_buildings,288578|915427
stabili-dbc6f83b-e056-5eef-9f91-a183c48fdfe5,brooklyn-2024-p278-r10,ambiguous,manual_review,"1285 Greene Avenue, Brooklyn, NY 11237",3032870040,,,"1285 Greene Avenue, Brooklyn, NY 11237",source_bbl_found_in_official_nyc_data|parcel_has_multiple_unresolved_hpd_buildings|primary_address_matches_2_hpd_buildings,303837|978929
stabili-d5703a1a-db7a-530e-b05c-8bfde6c987b6,brooklyn-2024-p281-r40,ambiguous,manual_review,"197 Himrod Street, Brooklyn, NY 11237",3032680059,,,"197 Himrod Street, Brooklyn, NY 11237",source_bbl_found_in_official_nyc_data|parcel_has_multiple_unresolved_hpd_buildings|primary_address_matches_2_hpd_buildings,312830|929890
stabili-7ae9814a-4bc3-55f6-8797-f40ef8963077,brooklyn-2024-p284-r38,ambiguous,manual_review,"295 Jefferson Street, Brooklyn, NY 11237",3031660052,,,"295 Jefferson Street, Brooklyn, NY 11237",source_bbl_found_in_official_nyc_data|parcel_has_multiple_unresolved_hpd_buildings|primary_address_matches_2_hpd_buildings,317791|948340
stabili-7d83bee7-06d4-5fb1-8335-b8a564a11546,brooklyn-2024-p285-r44,ambiguous,manual_review,"348 Melrose Street, Brooklyn, NY 11237",3031650023,,,"348 Melrose Street, Brooklyn, NY 11237",source_bbl_found_in_official_nyc_data|parcel_has_multiple_unresolved_hpd_buildings|primary_address_matches_3_hpd_buildings,335684|941900|941932
stabili-9cb39076-170a-56e6-a18a-c1860726d05b,brooklyn-2024-p285-r54,ambiguous,manual_review,"234 Menahan Street, Brooklyn, NY 11237",3033170012,,,"234 Menahan Street, Brooklyn, NY 11237",source_bbl_found_in_official_nyc_data|parcel_has_multiple_unresolved_hpd_buildings|primary_address_matches_2_hpd_buildings,335779|825355
stabili-3a97adaf-b73a-5d26-9e9f-269f1f76e66f,brooklyn-2024-p285-r55,ambiguous,manual_review,"236 Menahan Street, Brooklyn, NY 11237",3033170013,,,"236 Menahan Street, Brooklyn, NY 11237",source_bbl_found_in_official_nyc_data|parcel_has_multiple_unresolved_hpd_buildings|primary_address_matches_2_hpd_buildings,335780|825361
stabili-e7c37e29-84c8-596b-a394-d42106b6a43c,brooklyn-2024-p285-r56,ambiguous,manual_review,"238 Menahan Street, Brooklyn, NY 11237",3033170015,,,"238 Menahan Street, Brooklyn, NY 11237",source_bbl_found_in_official_nyc_data|parcel_has_multiple_unresolved_hpd_buildings|primary_address_matches_2_hpd_buildings,335781|825365
stabili-31e1c47f-d63c-56d9-b1ce-ce5635b7b06f,brooklyn-2024-p287-r11,ambiguous,manual_review,"1 Ridgewood Place, Brooklyn, NY 11237",3033540009,,,"1 Ridgewood Place, Brooklyn, NY 11237",source_bbl_found_in_official_nyc_data|parcel_has_multiple_unresolved_hpd_buildings|primary_address_matches_2_hpd_buildings,362274|891252
stabili-47fa6b5f-2803-5489-99af-d099618fe6ea,brooklyn-2024-p287-r12,ambiguous,manual_review,"5 Ridgewood Place, Brooklyn, NY 11237",3033540007,,,"5 Ridgewood Place, Brooklyn, NY 11237",source_bbl_found_in_official_nyc_data|parcel_has_multiple_unresolved_hpd_buildings|primary_address_matches_2_hpd_buildings,362283|888608
stabili-18bf7744-0f61-573a-b148-6e50f3ff8711,brooklyn-2024-p287-r57,ambiguous,manual_review,"259 Saint Nicholas Avenue, Brooklyn, NY 11237",3033120001,,,"259 St Nicholas Avenue, Brooklyn, NY 11237",source_bbl_found_in_official_nyc_data|parcel_has_multiple_unresolved_hpd_buildings,375313|975649
stabili-0c353ade-eba2-5f59-99d4-fccae6dfdaa7,brooklyn-2024-p289-r15,ambiguous,manual_review,"81 Starr Street, Brooklyn, NY 11237",3031860049,,,"81 Starr Street, Brooklyn, NY 11237",source_bbl_found_in_official_nyc_data|parcel_has_multiple_unresolved_hpd_buildings|primary_address_matches_2_hpd_buildings,375921|983897
stabili-e2112c6b-7206-57d4-b9b8-eb74e7a159ad,brooklyn-2024-p290-r42,ambiguous,manual_review,"296 Stockholm Street, Brooklyn, NY 11237",3032590013,,,"296 Stockholm Street, Brooklyn, NY 11237",source_bbl_found_in_official_nyc_data|parcel_has_multiple_unresolved_hpd_buildings|primary_address_matches_2_hpd_buildings,377675|926626
stabili-26bb4d5c-41bf-5469-bdab-67be76e31228,brooklyn-2024-p292-r53,ambiguous,manual_review,"1140 Willoughby Avenue, Brooklyn, NY 11237",3032090024,,,"1140 Willoughby Avenue, Brooklyn, NY 11237",source_bbl_found_in_official_nyc_data|parcel_has_multiple_unresolved_hpd_buildings|primary_address_matches_2_hpd_buildings,396149|848622
stabili-b103586c-31c8-5c68-a8e8-5884d9e1eaba,brooklyn-2024-p293-r21,ambiguous,manual_review,"37 Wilson Avenue, Brooklyn, NY 11237",3031580004,,,"37 Wilson Avenue, Brooklyn, NY 11237",source_bbl_found_in_official_nyc_data|parcel_has_multiple_unresolved_hpd_buildings|primary_address_matches_2_hpd_buildings,396901|999412
stabili-dc9730a9-ae92-54c3-a92a-385e58bc40e5,brooklyn-2024-p293-r33,ambiguous,manual_review,"136 Wilson Avenue, Brooklyn, NY 11237",3032080031,,,"136 Wilson Avenue, Brooklyn, NY 11237",source_bbl_found_in_official_nyc_data|parcel_has_multiple_unresolved_hpd_buildings|primary_address_matches_2_hpd_buildings,396782|999331
stabili-adfdd6f7-3c4b-55c9-9e4f-229a6125c6ce,brooklyn-2024-p293-r52,ambiguous,manual_review,"223 Wilson Avenue, Brooklyn, NY 11237",3032680011,,,"223 Wilson Avenue, Brooklyn, NY 11237",source_bbl_found_in_official_nyc_data|parcel_has_multiple_unresolved_hpd_buildings|primary_address_matches_2_hpd_buildings,396849|882789
stabili-ccee3763-be5d-5ea0-91a9-8c95f9dd66de,brooklyn-2024-p295-r12,ambiguous,manual_review,"800 Bergen Street, Brooklyn, NY 11238",3011480020,,,"802 Bergen Street, Brooklyn, NY 11238",source_bbl_found_in_official_nyc_data|parcel_has_multiple_unresolved_hpd_buildings|primary_address_matches_2_hpd_buildings,209054|833743
stabili-8e8d4c6b-6e4f-5770-a82f-300a19577aac,brooklyn-2024-p295-r18,ambiguous,manual_review,"871 Bergen Street, Brooklyn, NY 11238",3011420092,,,"871 Bergen Street, Brooklyn, NY 11238",source_bbl_found_in_official_nyc_data|parcel_has_multiple_unresolved_hpd_buildings|primary_address_matches_2_hpd_buildings,209090|953937
stabili-f2970bf8-4ca9-5b85-8b53-5a9674c4b84f,brooklyn-2024-p295-r24,ambiguous,manual_review,"887 Bergen Street, Brooklyn, NY 11238",3011420085,,,"887 Bergen Street, Brooklyn, NY 11238",source_bbl_found_in_official_nyc_data|parcel_has_multiple_unresolved_hpd_buildings|primary_address_matches_2_hpd_buildings,209099|958057
stabili-4ef26230-4e2c-5c4c-884b-ebf596800ba0,brooklyn-2024-p295-r27,ambiguous,manual_review,"912 Bergen Street, Brooklyn, NY 11238",3011490034,,,"912 Bergen Street, Brooklyn, NY 11238",source_bbl_found_in_official_nyc_data|parcel_has_multiple_unresolved_hpd_buildings|primary_address_matches_2_hpd_buildings,209114|972864|1018642
stabili-5910f531-afe1-5d31-a030-b38ffcab80f1,brooklyn-2024-p295-r29,ambiguous,manual_review,"14–20 Butler Place, Brooklyn, NY 11238",3011717503,,,"20 Butler Place, Brooklyn, NY 11238",source_bbl_found_in_official_nyc_data|parcel_has_multiple_unresolved_hpd_buildings|primary_address_matches_2_hpd_buildings,216311|216313
stabili-cf16daf5-832d-5cab-aa41-73af3878732a,brooklyn-2024-p295-r42,ambiguous,manual_review,"385 Classon Avenue, Brooklyn, NY 11238",3019530007,,,"385 Classon Avenue, Brooklyn, NY 11238",source_bbl_found_in_official_nyc_data|parcel_has_multiple_unresolved_hpd_buildings|primary_address_matches_2_hpd_buildings,221583|998767
stabili-ac276c8e-df63-57d7-9c78-80df5e4eac1b,brooklyn-2024-p297-r20,ambiguous,manual_review,"762 Dean Street, Brooklyn, NY 11238",3011390010,,,"762 Dean Street, Brooklyn, NY 11238",source_bbl_found_in_official_nyc_data|parcel_has_multiple_unresolved_hpd_buildings|primary_address_matches_2_hpd_buildings,231465|854839
stabili-c63a8f78-8fed-5d3d-89db-2a43ca005669,brooklyn-2024-p297-r51,ambiguous,manual_review,"317 Franklin Avenue, Brooklyn, NY 11238",3019500003,,,"317 Franklin Avenue, Brooklyn, NY 11238",source_bbl_found_in_official_nyc_data|parcel_has_multiple_unresolved_hpd_buildings|primary_address_matches_2_hpd_buildings,295722|819864|1009630
stabili-416e648f-7892-59ca-88ff-ffeec60444e3,brooklyn-2024-p297-r54,ambiguous,manual_review,"354 Franklin Avenue, Brooklyn, NY 11238",3019700034,,,"354 Franklin Avenue, Brooklyn, NY 11238",source_bbl_found_in_official_nyc_data|parcel_has_multiple_unresolved_hpd_buildings|primary_address_matches_2_hpd_buildings,295753|929146|1021022
stabili-8928f6eb-5670-5b9f-9c08-553706eb62cf,brooklyn-2024-p297-r57,ambiguous,manual_review,"376 Franklin Avenue, Brooklyn, NY 11238",3019730043,,,"376 Franklin Avenue, Brooklyn, NY 11238",source_bbl_found_in_official_nyc_data|parcel_has_multiple_unresolved_hpd_buildings|primary_address_matches_2_hpd_buildings,295767|965995
stabili-1ca071fd-9122-54ab-ae68-61657c5c9d04,brooklyn-2024-p298-r8,ambiguous,manual_review,"523 Franklin Avenue, Brooklyn, NY 11238",3020170008,,,"1134 Fulton Street, Brooklyn, NY 11238",source_bbl_found_in_official_nyc_data|parcel_has_multiple_unresolved_hpd_buildings,297277|976874
stabili-5e40e758-b0bb-5c5c-a613-703ede591463,brooklyn-2024-p298-r53,ambiguous,manual_review,"1068 Fulton Street, Brooklyn, NY 11238",3020160012,,,"Fulton Street, Brooklyn, NY 11238",source_bbl_found_in_official_nyc_data|parcel_has_multiple_unresolved_hpd_buildings|primary_address_matches_2_hpd_buildings,297219|988444
stabili-c027b34e-5cf8-5a7c-8d18-726af54704b7,brooklyn-2024-p298-r57,ambiguous,manual_review,"1111 Fulton Street, Brooklyn, NY 11238",3019970060,,,"1111 Fulton Street, Brooklyn, NY 11238",source_bbl_found_in_official_nyc_data|parcel_has_multiple_unresolved_hpd_buildings|primary_address_matches_2_hpd_buildings,297257|872894|990870
stabili-367e89cd-f408-5038-9c5f-961b26b938eb,brooklyn-2024-p299-r16,ambiguous,manual_review,"324–326 Grand Avenue, Brooklyn, NY 11238",3019650042,,,"324 Grand Avenue, Brooklyn, NY 11238",source_bbl_found_in_official_nyc_data|parcel_has_multiple_unresolved_hpd_buildings|primary_address_matches_2_hpd_buildings,932431|966871
stabili-40549895-a99f-57aa-bdb7-497123ffaa84,brooklyn-2024-p299-r24,ambiguous,manual_review,"575–577 Grand Avenue, Brooklyn, NY 11238",3011480005,,,"575 Grand Avenue, Brooklyn, NY 11238",source_bbl_found_in_official_nyc_data|parcel_has_multiple_unresolved_hpd_buildings|primary_address_matches_2_hpd_buildings,818285|818286|821517|821709|821710|821711|821713|821714|821715
stabili-0f8dadbf-5846-5151-b1ba-487cfa004396,brooklyn-2024-p299-r25,ambiguous,manual_review,"579–587 Grand Avenue, Brooklyn, NY 11238",3011480005,,,"575 Grand Avenue, Brooklyn, NY 11238",source_bbl_found_in_official_nyc_data|parcel_has_multiple_unresolved_hpd_buildings|primary_address_matches_5_hpd_buildings,818285|818286|821517|821709|821710|821711|821713|821714|821715
stabili-29727da8-ec83-53fd-8793-42f109ec2b52,brooklyn-2024-p299-r26,ambiguous,manual_review,"591–593 Grand Avenue, Brooklyn, NY 11238",3011480005,,,"575 Grand Avenue, Brooklyn, NY 11238",source_bbl_found_in_official_nyc_data|parcel_has_multiple_unresolved_hpd_buildings|primary_address_matches_2_hpd_buildings,818285|818286|821517|821709|821710|821711|821713|821714|821715
stabili-0eebac0a-827c-5ac2-8a81-63c449507e12,brooklyn-2024-p299-r41,ambiguous,manual_review,"234 Greene Avenue, Brooklyn, NY 11238",3019660013,,,"234 Greene Avenue, Brooklyn, NY 11238",source_bbl_found_in_official_nyc_data|parcel_has_multiple_unresolved_hpd_buildings|primary_address_matches_2_hpd_buildings,304040|905847
stabili-a2a2fd44-b7d9-5c3b-a02b-bacd3fbfbbe3,brooklyn-2024-p299-r46,ambiguous,manual_review,"339 Greene Avenue, Brooklyn, NY 11238",3019537503,,,"333 Greene Avenue, Brooklyn, NY 11238",source_bbl_found_in_official_nyc_data|parcel_has_multiple_unresolved_hpd_buildings|primary_address_matches_2_hpd_buildings,928884|954046
stabili-8a614ae3-47d6-569d-86ab-d51c91500e93,brooklyn-2024-p300-r6,ambiguous,manual_review,"436 Lafayette Avenue, Brooklyn, NY 11238",3019490033,,,"436 Lafayette Avenue, Brooklyn, NY 11238",source_bbl_found_in_official_nyc_data|parcel_has_multiple_unresolved_hpd_buildings|primary_address_matches_2_hpd_buildings,322176|996290
stabili-9c4703d6-fc7e-5c1e-87dc-b1d30449b005,brooklyn-2024-p300-r17,ambiguous,manual_review,"8–16 Lexington Avenue, Brooklyn, NY 11238",3019690022,,,"10 Lexington Avenue, Brooklyn, NY 11238",source_bbl_found_in_official_nyc_data|parcel_has_multiple_unresolved_hpd_buildings|primary_address_matches_2_hpd_buildings,324914|973797
stabili-4a98f131-df7f-5b81-a958-6302372985bd,brooklyn-2024-p300-r51,ambiguous,manual_review,"527 Lincoln Place, Brooklyn, NY 11238",3011780067,,,"527 Lincoln Place, Brooklyn, NY 11238",source_bbl_found_in_official_nyc_data|parcel_has_multiple_unresolved_hpd_buildings|primary_address_matches_2_hpd_buildings,326585|931609
stabili-a2ea6488-dbc3-5d42-a817-9dbc317305b5,brooklyn-2024-p301-r9,ambiguous,manual_review,"895 Pacific Street, Brooklyn, NY 11238",3011220047,,,"895 Pacific Street, Brooklyn, NY 11238",source_bbl_found_in_official_nyc_data|parcel_has_multiple_unresolved_hpd_buildings|primary_address_matches_2_hpd_buildings,350353|841945
stabili-0c14296b-d609-51b3-8e64-58f0c87e11ae,brooklyn-2024-p303-r13,ambiguous,manual_review,"76 Saint James Place, Brooklyn, NY 11238",3019460004,,,"379 Washington Avenue, Brooklyn, NY 11238",source_bbl_found_in_official_nyc_data|parcel_has_multiple_unresolved_hpd_buildings,388703|809498|809771
stabili-4fc509a8-b11e-5649-b991-193a2f607002,brooklyn-2024-p303-r14,ambiguous,manual_review,"80 Saint James Place, Brooklyn, NY 11238",3019460004,,,"379 Washington Avenue, Brooklyn, NY 11238",source_bbl_found_in_official_nyc_data|parcel_has_multiple_unresolved_hpd_buildings,388703|809498|809771
stabili-6b79629c-a6c5-5780-8f70-1efd46ab7cf9,brooklyn-2024-p303-r15,ambiguous,manual_review,"84 Saint James Place, Brooklyn, NY 11238",3019460004,,,"379 Washington Avenue, Brooklyn, NY 11238",source_bbl_found_in_official_nyc_data|parcel_has_multiple_unresolved_hpd_buildings,388703|809498|809771
stabili-9676472d-a386-5a3b-b27b-fe1662aa63d8,brooklyn-2024-p303-r30,ambiguous,manual_review,"338–348 Saint Johns Place, Brooklyn, NY 11238",3011760009,,,"340 St Johns Place, Brooklyn, NY 11238",source_bbl_found_in_official_nyc_data|parcel_has_multiple_unresolved_hpd_buildings,373966|823290
stabili-fe08a35d-a471-5fb5-a859-f387b2a3ac9c,brooklyn-2024-p303-r36,ambiguous,manual_review,"356 Saint Johns Place, Brooklyn, NY 11238",3011760015,,,"356 St Johns Place, Brooklyn, NY 11238",source_bbl_found_in_official_nyc_data|parcel_has_multiple_unresolved_hpd_buildings,373973|809509|1009361
stabili-b4580d81-577a-54ff-bd1b-429f690af4be,brooklyn-2024-p303-r37,ambiguous,manual_review,"358 Saint Johns Place, Brooklyn, NY 11238",3011760015,,,"356 St Johns Place, Brooklyn, NY 11238",source_bbl_found_in_official_nyc_data|parcel_has_multiple_unresolved_hpd_buildings,373973|809509|1009361
stabili-ace967d6-609d-5552-b7d8-d1dbb7e5b4dc,brooklyn-2024-p304-r9,ambiguous,manual_review,"495 Saint Johns Place, Brooklyn, NY 11238",3011740049,,,"495 St Johns Place, Brooklyn, NY 11238",source_bbl_found_in_official_nyc_data|parcel_has_multiple_unresolved_hpd_buildings,374023|993985|1007282
stabili-2a972968-c84b-52fa-95d1-1c1620e128a8,brooklyn-2024-p304-r14,ambiguous,manual_review,"550 Saint Johns Place, Brooklyn, NY 11238",3011780019,,,"550 St Johns Place, Brooklyn, NY 11238",source_bbl_found_in_official_nyc_data|parcel_has_multiple_unresolved_hpd_buildings,374035|948141
stabili-6464852c-a5dd-5ea1-bf47-3fe908633e29,brooklyn-2024-p304-r15,ambiguous,manual_review,"554 Saint Johns Place, Brooklyn, NY 11238",3011780021,,,"554 St Johns Place, Brooklyn, NY 11238",source_bbl_found_in_official_nyc_data|parcel_has_multiple_unresolved_hpd_buildings,374036|809513
stabili-b53d4257-df6d-50e9-88c3-752011520530,brooklyn-2024-p304-r17,ambiguous,manual_review,"564–570 Saint Johns Place, Brooklyn, NY 11238",3011780026,,,"564 St Johns Place, Brooklyn, NY 11238",source_bbl_found_in_official_nyc_data|parcel_has_multiple_unresolved_hpd_buildings,374042|977988
stabili-0ac9221d-41ab-54f7-82d3-e351f4afbc07,brooklyn-2024-p304-r26,ambiguous,manual_review,"621–624 Saint Johns Place, Brooklyn, NY 11238",3011780042,,,"764 Franklin Avenue, Brooklyn, NY 11238",source_bbl_found_in_official_nyc_data|parcel_has_multiple_unresolved_hpd_buildings,296000|809514
stabili-194f1732-2d8e-5ec1-9f1e-0f31e0ca3803,brooklyn-2024-p304-r33,ambiguous,manual_review,"331–333 Saint Marks Avenue, Brooklyn, NY 11238",3011460039,,,"327 St. Marks Avenue, Brooklyn, NY 11238",source_bbl_found_in_official_nyc_data|parcel_has_multiple_unresolved_hpd_buildings,374740|809519
stabili-65b65533-20c8-5a39-af18-17c6f55a97a5,brooklyn-2024-p304-r38,ambiguous,manual_review,"392 Saint Marks Avenue, Brooklyn, NY 11238",3011550016,,,"392 St Marks Avenue, Brooklyn, NY 11238",source_bbl_found_in_official_nyc_data|parcel_has_multiple_unresolved_hpd_buildings,374772|946905
stabili-45732ca9-013c-5148-b8dc-49b4dd349a63,brooklyn-2024-p304-r40,ambiguous,manual_review,"397–413 Saint Marks Avenue, Brooklyn, NY 11238",3011480080,,,"399 St Marks Avenue, Brooklyn, NY 11238",source_bbl_found_in_official_nyc_data|parcel_has_multiple_unresolved_hpd_buildings,817477|822951|822952|822953|822954|822955|822956|822957
stabili-cb6ccd72-e3e9-5884-81dd-f5efd97adf6e,brooklyn-2024-p304-r55,ambiguous,manual_review,"497 Saint Marks Avenue, Brooklyn, NY 11238",3011490072,,,"497 St Marks Avenue, Brooklyn, NY 11238",source_bbl_found_in_official_nyc_data|parcel_has_multiple_unresolved_hpd_buildings,374829|966458
stabili-068c5ef7-fe00-5cf3-90f0-2bd2e4b72850,brooklyn-2024-p304-r57,ambiguous,manual_review,"515 Saint Marks Avenue, Brooklyn, NY 11238",3011490068,,,"515 St Marks Avenue, Brooklyn, NY 11238",source_bbl_found_in_official_nyc_data|parcel_has_multiple_unresolved_hpd_buildings,374831|809521
stabili-7d5e8f11-d5d5-571b-be1d-175f02636ff3,brooklyn-2024-p306-r16,ambiguous,manual_review,"506 Washington Avenue, Brooklyn, NY 11238",3019780029,,,"506 Washington Avenue, Brooklyn, NY 11238",source_bbl_found_in_official_nyc_data|parcel_has_multiple_unresolved_hpd_buildings|primary_address_matches_2_hpd_buildings,388763|885374
stabili-47dcc577-893e-5b01-bf94-7d597caf46ce,brooklyn-2024-p308-r3,ambiguous,manual_review,"34–42 Berry Street, Brooklyn, NY 11249",3022890014,,,"34 Berry Street, Brooklyn, NY 11249",source_bbl_found_in_official_nyc_data|parcel_has_multiple_unresolved_hpd_buildings|primary_address_matches_2_hpd_buildings,209634|916326
stabili-8ca22df3-4947-59c1-99dc-7262c34872d9,brooklyn-2024-p309-r4,ambiguous,manual_review,"114 North 7th Street, Brooklyn, NY 11249",3023260017,,,"114 North 7 Street, Brooklyn, NY 11249",source_bbl_found_in_official_nyc_data|parcel_has_multiple_unresolved_hpd_buildings|primary_address_matches_2_hpd_buildings,345404|951707
stabili-edc91c50-236f-59fd-94ee-1e1720b0adf0,brooklyn-2024-p309-r38,ambiguous,manual_review,"84 South 1st Street, Brooklyn, NY 11249",3024040019,,,"86 South 1 Street, Brooklyn, NY 11249",source_bbl_found_in_official_nyc_data|parcel_has_multiple_unresolved_hpd_buildings|primary_address_matches_2_hpd_buildings,371904|942914
stabili-dfeb03cf-a5b6-5579-9432-74a835a274d2,brooklyn-2024-p309-r39,ambiguous,manual_review,"86 South 1st Street, Brooklyn, NY 11249",3024040019,,,"86 South 1 Street, Brooklyn, NY 11249",source_bbl_found_in_official_nyc_data|parcel_has_multiple_unresolved_hpd_buildings|primary_address_matches_2_hpd_buildings,371904|942914
stabili-485c3177-92b8-53b5-936e-6378b7eff611,manhattan-2024-p1-r49,ambiguous,manual_review,"200 West 26th Street, Manhattan, NY 10001",1007750044,,,"200 West 26 Street, Manhattan, NY 10001",source_bbl_found_in_official_nyc_data|parcel_has_multiple_unresolved_hpd_buildings|primary_address_matches_2_hpd_buildings,3730|818388|839239
stabili-e9c34445-86b4-548d-ab0d-ad9b69ea4bf0,manhattan-2024-p1-r56,ambiguous,manual_review,"260 West 26th Street, Manhattan, NY 10001",1007757502,,,"306 8 Avenue, Manhattan, NY 10001",source_bbl_found_in_official_nyc_data|parcel_has_multiple_unresolved_hpd_buildings|primary_address_matches_2_hpd_buildings,31770|947818|977216
stabili-1b1e15fe-ce84-57b8-8c9b-2dfab0a1945c,manhattan-2024-p2-r18,ambiguous,manual_review,"241–247 West 28th Street, Manhattan, NY 10001",1007780018,,,"241 West 28 Street, Manhattan, NY 10001",source_bbl_found_in_official_nyc_data|parcel_has_multiple_unresolved_hpd_buildings|primary_address_matches_2_hpd_buildings,31912|991649
stabili-57c99638-22a8-58e8-888e-8f56fa47a86e,manhattan-2024-p2-r26,ambiguous,manual_review,"257 West 29th Street, Manhattan, NY 10001",1007790007,,,"257 West 29 Street, Manhattan, NY 10001",source_bbl_found_in_official_nyc_data|parcel_has_multiple_unresolved_hpd_buildings|primary_address_matches_2_hpd_buildings,31995|947270
stabili-15c9539c-cc00-5dd2-bec5-fe87df2af3e1,manhattan-2024-p3-r16,ambiguous,manual_review,"408 West 34th Street, Manhattan, NY 10001",1007310050,,,"408 West 34 Street, Manhattan, NY 10001",source_bbl_found_in_official_nyc_data|parcel_has_multiple_unresolved_hpd_buildings|primary_address_matches_2_hpd_buildings,32315|805595
stabili-2ec280c5-709d-5aba-a8a9-a039bc37417f,manhattan-2024-p5-r13,ambiguous,manual_review,"123 1/2 Chrystie Street, Manhattan, NY 10002",1004230019,,,"323 Broome Street, Manhattan, NY 10002",source_bbl_found_in_official_nyc_data|parcel_has_multiple_unresolved_hpd_buildings,8672|804187
stabili-55bf8b65-af4c-58c9-bbaa-2549807998df,manhattan-2024-p7-r25,ambiguous,manual_review,"2 Eldridge Street, Manhattan, NY 10002",1002930028,,,"88 Division Street, Manhattan, NY 10002",source_bbl_found_in_official_nyc_data|parcel_has_multiple_unresolved_hpd_buildings,10245|997178
stabili-6bf3452d-a945-5552-b924-c6ad10e8fbef,manhattan-2024-p9-r39,ambiguous,manual_review,"170–172 Henry Street, Manhattan, NY 10002",1002710048,,,"172 Henry Street, Manhattan, NY 10002",source_bbl_found_in_official_nyc_data|parcel_has_multiple_unresolved_hpd_buildings|primary_address_matches_2_hpd_buildings,22692|804922
stabili-d0a2736e-20da-5f08-ba1b-00825c402bfa,manhattan-2024-p11-r7,ambiguous,manual_review,"112R Madison Street, Manhattan, NY 10002",1002760033,,,"112 Madison Street, Manhattan, NY 10002",source_bbl_found_in_official_nyc_data|parcel_has_multiple_unresolved_hpd_buildings,25068|805060
stabili-9f40cdb1-83fd-5c38-b4df-291a22802ed8,manhattan-2024-p11-r8,ambiguous,manual_review,"112F Madison Street, Manhattan, NY 10002",1002760033,,,"112 Madison Street, Manhattan, NY 10002",source_bbl_found_in_official_nyc_data|parcel_has_multiple_unresolved_hpd_buildings,25068|805060
stabili-8146edf4-cc59-5646-a2cf-ef237e1e50c4,manhattan-2024-p11-r10,ambiguous,manual_review,"115 Madison Street, Manhattan, NY 10002",1002770020,,,"37 Market Street, Manhattan, NY 10002",source_bbl_found_in_official_nyc_data|parcel_has_multiple_unresolved_hpd_buildings,25400|805061
stabili-661a71d3-497a-51d5-84a6-045f178ad83d,manhattan-2024-p11-r48,ambiguous,manual_review,"10–12 Montgomery Street, Manhattan, NY 10002",1002860021,,,"259 East Broadway, Manhattan, NY 10002",source_bbl_found_in_official_nyc_data|parcel_has_multiple_unresolved_hpd_buildings,21015|983322
stabili-94c20160-485b-5492-8700-da75c5fb4605,manhattan-2024-p11-r54,ambiguous,manual_review,"111 Norfolk Street, Manhattan, NY 10002",1003530032,,,"111 Norfolk Street, Manhattan, NY 10002",source_bbl_found_in_official_nyc_data|parcel_has_multiple_unresolved_hpd_buildings|primary_address_matches_2_hpd_buildings,25994|870078
stabili-fa3ee072-7b53-5382-9e47-c78487b26781,manhattan-2024-p12-r31,ambiguous,manual_review,"91 Orchard Street, Manhattan, NY 10002",1004140059,,,"260 Broome Street, Manhattan, NY 10002",source_bbl_found_in_official_nyc_data|parcel_has_multiple_unresolved_hpd_buildings,8645|804153
stabili-d36c815e-a9ed-533b-a65e-439d6c15a1f1,manhattan-2024-p12-r47,ambiguous,manual_review,"160R Orchard Street, Manhattan, NY 10002",1004110008,,,"160 Orchard Street, Manhattan, NY 10002",source_bbl_found_in_official_nyc_data|parcel_has_multiple_unresolved_hpd_buildings,26102|805188
stabili-b9c4c3f5-646d-587f-8db4-6fda9222a610,manhattan-2024-p13-r2,ambiguous,manual_review,"63 Pitt Street, Manhattan, NY 10002",1003430062,,,"63 Pitt Street, Manhattan, NY 10002",source_bbl_found_in_official_nyc_data|parcel_has_multiple_unresolved_hpd_buildings|primary_address_matches_2_hpd_buildings,26904|1006257
stabili-a13513e7-36b1-5f01-9634-4ca14e635633,manhattan-2024-p16-r14,ambiguous,manual_review,"65 4th Avenue, Manhattan, NY 10003",1005550014,,,"65 4 Avenue, Manhattan, NY 10003",source_bbl_found_in_official_nyc_data|parcel_has_multiple_unresolved_hpd_buildings|primary_address_matches_2_hpd_buildings,2437|805194
stabili-df23a7ca-271c-55f8-ac83-4bff70dc9601,manhattan-2024-p16-r29,ambiguous,manual_review,"810 Broadway, Manhattan, NY 10003",1005570011,,,"810 Broadway, Manhattan, NY 10003",source_bbl_found_in_official_nyc_data|parcel_has_multiple_unresolved_hpd_buildings|primary_address_matches_2_hpd_buildings,8553|859060
stabili-81b3d60a-8894-5283-a0b1-b6908bc50fdb,manhattan-2024-p17-r28,ambiguous,manual_review,"221–223 East 11th Street, Manhattan, NY 10003",1004670050,,,"223 East 11 Street, Manhattan, NY 10003",source_bbl_found_in_official_nyc_data|parcel_has_multiple_unresolved_hpd_buildings|primary_address_matches_2_hpd_buildings,11626|865409
stabili-d8ced0d6-e829-5284-9910-704fa30d4932,manhattan-2024-p17-r40,ambiguous,manual_review,"320R East 11th Street, Manhattan, NY 10003",1004520018,,,"320 East 11 Street, Manhattan, NY 10003",source_bbl_found_in_official_nyc_data|parcel_has_multiple_unresolved_hpd_buildings,11652|804325
stabili-aee2b4cb-8f32-5043-960d-202fcb4e7a4a,manhattan-2024-p17-r41,ambiguous,manual_review,"320F East 11th Street, Manhattan, NY 10003",1004520018,,,"320 East 11 Street, Manhattan, NY 10003",source_bbl_found_in_official_nyc_data|parcel_has_multiple_unresolved_hpd_buildings,11652|804325
stabili-da8190ef-f10b-55db-bde5-ec17d0253d15,manhattan-2024-p17-r48,ambiguous,manual_review,"338F East 11th Street, Manhattan, NY 10003",1004520026,,,"338 East 11 Street, Manhattan, NY 10003",source_bbl_found_in_official_nyc_data|parcel_has_multiple_unresolved_hpd_buildings,11660|804326
stabili-9942ddc8-7b65-595c-a770-32b159a236c9,manhattan-2024-p18-r12,ambiguous,manual_review,"301 East 12th Street, Manhattan, NY 10003",1004540001,,,"192 2 Avenue, Manhattan, NY 10003",source_bbl_found_in_official_nyc_data|parcel_has_multiple_unresolved_hpd_buildings,1115|804337
stabili-82c461b1-82e2-5a04-b093-5318bbe44229,manhattan-2024-p18-r28,ambiguous,manual_review,"141R East 13th Street, Manhattan, NY 10003",1005590042,,,"141 East 13 Street, Manhattan, NY 10003",source_bbl_found_in_official_nyc_data|parcel_has_multiple_unresolved_hpd_buildings,11901|804348
stabili-d978e19e-0ac1-5de8-a475-d98f0617164f,manhattan-2024-p18-r29,ambiguous,manual_review,"141F East 13th Street, Manhattan, NY 10003",1005590042,,,"141 East 13 Street, Manhattan, NY 10003",source_bbl_found_in_official_nyc_data|parcel_has_multiple_unresolved_hpd_buildings,11901|804348
stabili-bb3ff88a-e0e2-5a68-89f0-05bf57722626,manhattan-2024-p18-r51,ambiguous,manual_review,"356 East 13th Street, Manhattan, NY 10003",1004540036,,,"215 1 Avenue, Manhattan, NY 10003",source_bbl_found_in_official_nyc_data|parcel_has_multiple_unresolved_hpd_buildings,434|804353
stabili-f69960e6-40a3-5cf0-b9b1-80a665dd5924,manhattan-2024-p21-r13,ambiguous,manual_review,"12–26 East 1st Street, Manhattan, NY 10003",1004570028,,,"21 2 Avenue, Manhattan, NY 10003",source_bbl_found_in_official_nyc_data|parcel_has_multiple_unresolved_hpd_buildings|primary_address_matches_2_hpd_buildings,1114|812716|978608
stabili-5f3b6082-7994-5f34-8f15-4f44ce4fef91,manhattan-2024-p22-r24,ambiguous,manual_review,"120–122 East 4th Street, Manhattan, NY 10003",1004450026,,,"120 East 4 Street, Manhattan, NY 10003",source_bbl_found_in_official_nyc_data|parcel_has_multiple_unresolved_hpd_buildings|primary_address_matches_2_hpd_buildings,10669|804260
stabili-bae44599-c97d-5c98-bd03-35f91713e828,manhattan-2024-p22-r32,ambiguous,manual_review,"209R East 5th Street, Manhattan, NY 10003",1004610052,,,"209 East 5 Street, Manhattan, NY 10003",source_bbl_found_in_official_nyc_data|parcel_has_multiple_unresolved_hpd_buildings,10780|804266
stabili-89dd0b53-4a1f-5a1a-9342-a33c084eb819,manhattan-2024-p22-r42,ambiguous,manual_review,"225R East 5th Street, Manhattan, NY 10003",1004610044,,,"225 East 5 Street, Manhattan, NY 10003",source_bbl_found_in_official_nyc_data|parcel_has_multiple_unresolved_hpd_buildings,10793|804267
stabili-22e381cf-93cc-5a19-b9a7-cf95c2e2b173,manhattan-2024-p23-r16,ambiguous,manual_review,"341F East 5th Street, Manhattan, NY 10003",1004470038,,,"341 East 5 Street, Manhattan, NY 10003",source_bbl_found_in_official_nyc_data|parcel_has_multiple_unresolved_hpd_buildings,10830|804271
stabili-697da75b-f24d-53c6-91ff-930a0aa75a6b,manhattan-2024-p23-r54,ambiguous,manual_review,"344 East 6th Street, Manhattan, NY 10003",1004470028,,,"95 1 Avenue, Manhattan, NY 10003",source_bbl_found_in_official_nyc_data|parcel_has_multiple_unresolved_hpd_buildings,677|804276
stabili-30737aa9-35a3-5413-96b0-f1926c2ac6c0,manhattan-2024-p23-r55,ambiguous,manual_review,"347 East 6th Street, Manhattan, NY 10003",1004480034,,,"99 1 Avenue, Manhattan, NY 10003",source_bbl_found_in_official_nyc_data|parcel_has_multiple_unresolved_hpd_buildings,696|804277
stabili-7b33443a-2194-5dd5-a681-d8db5edefac7,manhattan-2024-p24-r4,ambiguous,manual_review,"21–23 East 7th Street, Manhattan, NY 10003",1004630046,,,"21 East 7 Street, Manhattan, NY 10003",source_bbl_found_in_official_nyc_data|parcel_has_multiple_unresolved_hpd_buildings|primary_address_matches_2_hpd_buildings,11108|804284
stabili-671f5d17-a881-5205-a75e-77d5ec9580d9,manhattan-2024-p24-r55,ambiguous,manual_review,"303 East 9th Street, Manhattan, NY 10003",1004510001,,,"146 2 Avenue, Manhattan, NY 10003",source_bbl_found_in_official_nyc_data|parcel_has_multiple_unresolved_hpd_buildings,884|804289|804290|805270|805272
stabili-95a7750b-80b1-5c7e-bdf5-abe803902d3a,manhattan-2024-p25-r7,ambiguous,manual_review,"317R East 9th Street, Manhattan, NY 10003",1004510053,,,"317 East 9 Street, Manhattan, NY 10003",source_bbl_found_in_official_nyc_data|parcel_has_multiple_unresolved_hpd_buildings,11319|804291
stabili-362b5ade-714d-5906-a451-c78e19c8ed1d,manhattan-2024-p26-r39,ambiguous,manual_review,"81 Saint Marks Place, Manhattan, NY 10003",1004500033,,,"81 St Marks Place, Manhattan, NY 10003",source_bbl_found_in_official_nyc_data|parcel_has_multiple_unresolved_hpd_buildings,27906|804812|805320
stabili-d6daa9a4-e1e4-570a-8979-fd82b05b7adb,manhattan-2024-p26-r40,ambiguous,manual_review,"83 Saint Marks Place, Manhattan, NY 10003",1004500033,,,"81 St Marks Place, Manhattan, NY 10003",source_bbl_found_in_official_nyc_data|parcel_has_multiple_unresolved_hpd_buildings,27906|804812|805320
stabili-043dbf6d-e7c2-5718-a4f3-6a945b37bbd3,manhattan-2024-p26-r46,ambiguous,manual_review,"31 Union Square West, Manhattan, NY 10003",1008440017,,,"31 Union Square, Manhattan, NY 10003",source_bbl_found_in_official_nyc_data|parcel_has_multiple_unresolved_hpd_buildings,12176|805420
stabili-3729c91a-7134-5cb7-bc87-cabc36bda7b5,manhattan-2024-p26-r55,ambiguous,manual_review,"56–58 Beaver Street, Manhattan, NY 10004",1000297501,,,"48 Beaver Street, Manhattan, NY 10004",source_bbl_found_in_official_nyc_data|parcel_has_multiple_unresolved_hpd_buildings,27664|822164
stabili-5c3409f0-fb85-5fcf-a52b-907f6353a1d4,manhattan-2024-p27-r7,ambiguous,manual_review,"59–65 Wall Street, Manhattan, NY 10005",1000270009,,,"63 Wall Street, Manhattan, NY 10005",source_bbl_found_in_official_nyc_data|parcel_has_multiple_unresolved_hpd_buildings|primary_address_matches_2_hpd_buildings,29127|842566
stabili-d1ddd890-d757-5ce6-b012-f822bbb1fff6,manhattan-2024-p28-r18,ambiguous,manual_review,"264–270 1st Avenue, Manhattan, NY 10009",1009720001,,,"240 1 Avenue, Manhattan, NY 10009",source_bbl_found_in_official_nyc_data|parcel_has_multiple_unresolved_hpd_buildings|primary_address_matches_2_hpd_buildings,535|804067|804068|804069|804070|804071|804360|804363|804364|804365|804366|804367|804372|804374|804381|804384|804385|804387|804388|804392
stabili-5cead2f4-ea7a-5350-a959-e8bc4e8bed88,manhattan-2024-p28-r26,ambiguous,manual_review,"330 1st Avenue, Manhattan, NY 10009",1009720001,,,"240 1 Avenue, Manhattan, NY 10009",source_bbl_found_in_official_nyc_data|parcel_has_multiple_unresolved_hpd_buildings,535|804067|804068|804069|804070|804071|804360|804363|804364|804365|804366|804367|804372|804374|804381|804384|804385|804387|804388|804392
stabili-bcbf906a-25ad-5626-a92b-27791a23ea39,manhattan-2024-p28-r28,ambiguous,manual_review,"16–22 Avenue A, Manhattan, NY 10009",1003970007,,,"20 Avenue A, Manhattan, NY 10009",source_bbl_found_in_official_nyc_data|parcel_has_multiple_unresolved_hpd_buildings|primary_address_matches_2_hpd_buildings,6318|804032
stabili-3662f6ca-6117-5c0b-8e88-68f17a8a59d1,manhattan-2024-p28-r34,ambiguous,manual_review,"135R Avenue A, Manhattan, NY 10009",1004360030,,,"135 Avenue A, Manhattan, NY 10009",source_bbl_found_in_official_nyc_data|parcel_has_multiple_unresolved_hpd_buildings,6307|804023|804025
stabili-77abd478-2a84-55cf-b76e-1c8d8fe5a9a7,manhattan-2024-p28-r35,ambiguous,manual_review,"137 Avenue A, Manhattan, NY 10009",1004360030,,,"135 Avenue A, Manhattan, NY 10009",source_bbl_found_in_official_nyc_data|parcel_has_multiple_unresolved_hpd_buildings,6307|804023|804025
stabili-1aff84ff-40ca-5778-8392-1a8ebdecd652,manhattan-2024-p28-r36,ambiguous,manual_review,"147R Avenue A, Manhattan, NY 10009",1004370030,,,"147 Avenue A, Manhattan, NY 10009",source_bbl_found_in_official_nyc_data|parcel_has_multiple_unresolved_hpd_buildings,6312|804026
stabili-e963e5b0-185b-5261-9d48-aefadc38615b,manhattan-2024-p28-r42,ambiguous,manual_review,"182R Avenue A, Manhattan, NY 10009",1004050005,,,"182 Avenue A, Manhattan, NY 10009",source_bbl_found_in_official_nyc_data|parcel_has_multiple_unresolved_hpd_buildings,6331|804034|804036|804037
stabili-eabee04f-797f-5835-8013-0e4afe5643f8,manhattan-2024-p28-r43,ambiguous,manual_review,"182F Avenue A, Manhattan, NY 10009",1004050005,,,"182 Avenue A, Manhattan, NY 10009",source_bbl_found_in_official_nyc_data|parcel_has_multiple_unresolved_hpd_buildings,6331|804034|804036|804037
stabili-e57f8dc5-3ad4-5c9c-94d4-03a755901243,manhattan-2024-p28-r44,ambiguous,manual_review,"184F Avenue A, Manhattan, NY 10009",1004050005,,,"182 Avenue A, Manhattan, NY 10009",source_bbl_found_in_official_nyc_data|parcel_has_multiple_unresolved_hpd_buildings,6331|804034|804036|804037
stabili-76aeb74d-4943-5f1c-b263-3aaee55d277e,manhattan-2024-p28-r46,ambiguous,manual_review,"191–193 Avenue A, Manhattan, NY 10009",1004390028,,,"191 Avenue A, Manhattan, NY 10009",source_bbl_found_in_official_nyc_data|parcel_has_multiple_unresolved_hpd_buildings|primary_address_matches_2_hpd_buildings,6337|804038
stabili-179d5528-a7b8-5972-89c2-0296569b71f7,manhattan-2024-p29-r9,ambiguous,manual_review,"41 Avenue B, Manhattan, NY 10009",1003860003,,,"41 Avenue B, Manhattan, NY 10009",source_bbl_found_in_official_nyc_data|parcel_has_multiple_unresolved_hpd_buildings|primary_address_matches_2_hpd_buildings,6481|822641
stabili-313a46e6-7fd7-58a4-9ab1-860f400be5a1,manhattan-2024-p29-r34,ambiguous,manual_review,"27F Avenue C, Manhattan, NY 10009",1003850036,,,"27 Avenue C, Manhattan, NY 10009",source_bbl_found_in_official_nyc_data|parcel_has_multiple_unresolved_hpd_buildings,6577|804065
stabili-ae7d7563-2dd7-5cf7-bdf3-f53f87afa921,manhattan-2024-p29-r49,ambiguous,manual_review,"245 Avenue C, Manhattan, NY 10009",1009720001,,,"240 1 Avenue, Manhattan, NY 10009",source_bbl_found_in_official_nyc_data|parcel_has_multiple_unresolved_hpd_buildings,535|804067|804068|804069|804070|804071|804360|804363|804364|804365|804366|804367|804372|804374|804381|804384|804385|804387|804388|804392
stabili-11919c97-1887-52ef-8c3a-a7f4926b81bc,manhattan-2024-p31-r5,ambiguous,manual_review,"400 East 11th Street, Manhattan, NY 10009",1004380009,,,"180 1 Avenue, Manhattan, NY 10009",source_bbl_found_in_official_nyc_data|parcel_has_multiple_unresolved_hpd_buildings,362|804327
stabili-160a4820-ea40-5481-9840-ba05b07ddac7,manhattan-2024-p31-r8,ambiguous,manual_review,"412R East 11th Street, Manhattan, NY 10009",1004380014,,,"412 East 11 Street, Manhattan, NY 10009",source_bbl_found_in_official_nyc_data|parcel_has_multiple_unresolved_hpd_buildings,11667|804328
stabili-85ed132b-f88b-558b-bede-bb17ed5976c0,manhattan-2024-p31-r9,ambiguous,manual_review,"412F East 11th Street, Manhattan, NY 10009",1004380014,,,"412 East 11 Street, Manhattan, NY 10009",source_bbl_found_in_official_nyc_data|parcel_has_multiple_unresolved_hpd_buildings,11667|804328
stabili-ebbf6aa9-8426-51ee-b52c-8ecc17881ff3,manhattan-2024-p31-r14,ambiguous,manual_review,"432R East 11th Street, Manhattan, NY 10009",1004380024,,,"432 East 11 Street, Manhattan, NY 10009",source_bbl_found_in_official_nyc_data|parcel_has_multiple_unresolved_hpd_buildings,11676|804330
stabili-84e5c3fd-6bd7-5f33-8dca-1cf5c5805dab,manhattan-2024-p31-r15,ambiguous,manual_review,"432F East 11th Street, Manhattan, NY 10009",1004380024,,,"432 East 11 Street, Manhattan, NY 10009",source_bbl_found_in_official_nyc_data|parcel_has_multiple_unresolved_hpd_buildings,11676|804330
stabili-d2130e3c-8e27-5f56-90fd-8e004056d5f4,manhattan-2024-p31-r16,ambiguous,manual_review,"434R East 11th Street, Manhattan, NY 10009",1004380025,,,"434 East 11 Street, Manhattan, NY 10009",source_bbl_found_in_official_nyc_data|parcel_has_multiple_unresolved_hpd_buildings,11677|804331
stabili-cf80476b-b92b-5ca9-b1fd-55ebb7e32305,manhattan-2024-p31-r17,ambiguous,manual_review,"434F East 11th Street, Manhattan, NY 10009",1004380025,,,"434 East 11 Street, Manhattan, NY 10009",source_bbl_found_in_official_nyc_data|parcel_has_multiple_unresolved_hpd_buildings,11677|804331
stabili-cc0680db-11b9-5bcd-a672-19adc31b06f3,manhattan-2024-p31-r19,ambiguous,manual_review,"504–508 East 11th Street, Manhattan, NY 10009",1004040006,,,"504 East 11 Street, Manhattan, NY 10009",source_bbl_found_in_official_nyc_data|parcel_has_multiple_unresolved_hpd_buildings|primary_address_matches_2_hpd_buildings,11680|804332|804333
stabili-b628b896-61f3-5a2b-a065-7666e076a2bb,manhattan-2024-p31-r25,ambiguous,manual_review,"535 East 11th Street, Manhattan, NY 10009",1004050045,,,"535 East 11 Street, Manhattan, NY 10009",source_bbl_found_in_official_nyc_data|parcel_has_multiple_unresolved_hpd_buildings|primary_address_matches_2_hpd_buildings,11702|946583
stabili-5a7fb123-dbf8-553e-96a4-f798f4c6180e,manhattan-2024-p31-r26,ambiguous,manual_review,"539–541 East 11th Street, Manhattan, NY 10009",1004050042,,,"539 East 11 Street, Manhattan, NY 10009",source_bbl_found_in_official_nyc_data|parcel_has_multiple_unresolved_hpd_buildings|primary_address_matches_2_hpd_buildings,803818|804334
stabili-2f735df2-b8ae-5521-9553-988a4d5d8a68,manhattan-2024-p31-r53,ambiguous,manual_review,"511R East 12th Street, Manhattan, NY 10009",1004060059,,,"511 East 12 Street, Manhattan, NY 10009",source_bbl_found_in_official_nyc_data|parcel_has_multiple_unresolved_hpd_buildings,11851|804344
stabili-ec0354aa-37f0-5307-a29e-10597f7a1450,manhattan-2024-p32-r4,ambiguous,manual_review,"519F East 12th Street, Manhattan, NY 10009",1004060055,,,"519 East 12 Street, Manhattan, NY 10009",source_bbl_found_in_official_nyc_data|parcel_has_multiple_unresolved_hpd_buildings,11859|804346|1010711
stabili-7c169ca9-3973-590e-9ec5-0faf810db424,manhattan-2024-p32-r7,ambiguous,manual_review,"535 East 12th Street, Manhattan, NY 10009",1004060047,,,"535 East 12 Street, Manhattan, NY 10009",source_bbl_found_in_official_nyc_data|parcel_has_multiple_unresolved_hpd_buildings|primary_address_matches_2_hpd_buildings,11870|972406
stabili-f0ca74ac-eeb6-54f1-abc2-749285cbf959,manhattan-2024-p32-r36,ambiguous,manual_review,"405 East 14th Street, Manhattan, NY 10009",1009720001,,,"240 1 Avenue, Manhattan, NY 10009",source_bbl_found_in_official_nyc_data|parcel_has_multiple_unresolved_hpd_buildings,535|804067|804068|804069|804070|804071|804360|804363|804364|804365|804366|804367|804372|804374|804381|804384|804385|804387|804388|804392
stabili-89882375-1713-5b54-bb6e-162839af6f43,manhattan-2024-p34-r7,ambiguous,manual_review,"194–204 East 2nd Street, Manhattan, NY 10009",1003980035,,,"24 Avenue B, Manhattan, NY 10009",source_bbl_found_in_official_nyc_data|parcel_has_multiple_unresolved_hpd_buildings|primary_address_matches_2_hpd_buildings,6470|10460|847065
stabili-b3fb0c18-8103-5f40-a7a8-dae2ba31844d,manhattan-2024-p34-r28,ambiguous,manual_review,"141 East 3rd Street, Manhattan, NY 10009",1004310031,,,"43 Avenue A, Manhattan, NY 10009",source_bbl_found_in_official_nyc_data|parcel_has_multiple_unresolved_hpd_buildings,6372|1001746
stabili-02dedb3c-9ee5-5565-8fa2-a8684204d2b3,manhattan-2024-p34-r29,ambiguous,manual_review,"150 East 3rd Street, Manhattan, NY 10009",1003980006,,,"36 Avenue A, Manhattan, NY 10009",source_bbl_found_in_official_nyc_data|parcel_has_multiple_unresolved_hpd_buildings,6370|983781|994496
stabili-23e26445-790b-52c8-8e5d-a8cbe868b214,manhattan-2024-p34-r44,ambiguous,manual_review,"215F East 3rd Street, Manhattan, NY 10009",1003860063,,,"215 East 3 Street, Manhattan, NY 10009",source_bbl_found_in_official_nyc_data|parcel_has_multiple_unresolved_hpd_buildings,10560|804255
stabili-a00aec76-b0dc-5d34-a2ea-a4286c91afec,manhattan-2024-p34-r46,ambiguous,manual_review,"227 East 3rd Street, Manhattan, NY 10009",1003860056,,,"229 East 3 Street, Manhattan, NY 10009",source_bbl_found_in_official_nyc_data|parcel_has_multiple_unresolved_hpd_buildings|primary_address_matches_2_hpd_buildings,10568|856201
stabili-33dc0109-6a91-5173-8792-ae66524a101d,manhattan-2024-p34-r55,ambiguous,manual_review,"290 East 3rd Street, Manhattan, NY 10009",1003720018,,,"290 East 3 Street, Manhattan, NY 10009",source_bbl_found_in_official_nyc_data|parcel_has_multiple_unresolved_hpd_buildings|primary_address_matches_2_hpd_buildings,10594|882450
stabili-1d84a432-0b81-5113-b7be-bc0b7e776a4c,manhattan-2024-p35-r3,ambiguous,manual_review,"316 East 3rd Street, Manhattan, NY 10009",1003720031,,,"316 East 3 Street, Manhattan, NY 10009",source_bbl_found_in_official_nyc_data|parcel_has_multiple_unresolved_hpd_buildings|primary_address_matches_2_hpd_buildings,10614|943087
stabili-1e2ef597-0129-5e9f-b540-51216f48c8ca,manhattan-2024-p35-r20,ambiguous,manual_review,"250–254 East 4th Street, Manhattan, NY 10009",1003860011,,,"250 East 4 Street, Manhattan, NY 10009",source_bbl_found_in_official_nyc_data|parcel_has_multiple_unresolved_hpd_buildings|primary_address_matches_3_hpd_buildings,10700|10745|993091
stabili-49591597-c853-5782-8520-b751111c3f91,manhattan-2024-p35-r50,ambiguous,manual_review,"535 East 5th Street, Manhattan, NY 10009",1004010046,,,"535 East 5 Street, Manhattan, NY 10009",source_bbl_found_in_official_nyc_data|parcel_has_multiple_unresolved_hpd_buildings|primary_address_matches_2_hpd_buildings,10861|10863|849597
stabili-b13e082a-13f7-5e95-8f0a-98b98a0df927,manhattan-2024-p37-r35,ambiguous,manual_review,"212–214 East 7th Street, Manhattan, NY 10009",1003890024,,,"212 East 7 Street, Manhattan, NY 10009",source_bbl_found_in_official_nyc_data|parcel_has_multiple_unresolved_hpd_buildings|primary_address_matches_2_hpd_buildings,11109|904831
stabili-1b0391ef-927c-5faf-8e9f-72f0477d94bb,manhattan-2024-p38-r16,ambiguous,manual_review,"435F East 9th Street, Manhattan, NY 10009",1004370035,,,"435 East 9 Street, Manhattan, NY 10009",source_bbl_found_in_official_nyc_data|parcel_has_multiple_unresolved_hpd_buildings,11378|804293
stabili-1fcab0ab-a8fe-5e98-84d9-12814c812efa,manhattan-2024-p38-r28,ambiguous,manual_review,"617–619 East 9th Street, Manhattan, NY 10009",1003920053,,,"617 East 9 Street, Manhattan, NY 10009",source_bbl_found_in_official_nyc_data|parcel_has_multiple_unresolved_hpd_buildings|primary_address_matches_2_hpd_buildings,11392|904834
stabili-989d33f6-6283-515a-9546-8e54f1143fe9,manhattan-2024-p38-r41,ambiguous,manual_review,"95 Saint Marks Place, Manhattan, NY 10009",1004360052,,,"95 St Marks Place, Manhattan, NY 10009",source_bbl_found_in_official_nyc_data|parcel_has_multiple_unresolved_hpd_buildings,27913|805321|805322
stabili-e94cebe8-1dc0-5b7e-93bd-f0a01085aba6,manhattan-2024-p38-r43,ambiguous,manual_review,"97 Saint Marks Place, Manhattan, NY 10009",1004360052,,,"95 St Marks Place, Manhattan, NY 10009",source_bbl_found_in_official_nyc_data|parcel_has_multiple_unresolved_hpd_buildings,27913|805321|805322
stabili-cd071ce2-c138-50c8-a741-78ab2771838b,manhattan-2024-p38-r45,ambiguous,manual_review,"99 Saint Marks Place, Manhattan, NY 10009",1004360052,,,"95 St Marks Place, Manhattan, NY 10009",source_bbl_found_in_official_nyc_data|parcel_has_multiple_unresolved_hpd_buildings,27913|805321|805322
stabili-3ee59ab2-ae5d-5e8b-95a3-5249fed3743e,manhattan-2024-p39-r9,ambiguous,manual_review,"2–4 Stuyvesant Oval, Manhattan, NY 10009",1009720001,,,"240 1 Avenue, Manhattan, NY 10009",source_bbl_found_in_official_nyc_data|parcel_has_multiple_unresolved_hpd_buildings|primary_address_matches_2_hpd_buildings,535|804067|804068|804069|804070|804071|804360|804363|804364|804365|804366|804367|804372|804374|804381|804384|804385|804387|804388|804392
stabili-0cb4af6a-1fdd-5d7f-b50e-d7ee86c9d062,manhattan-2024-p39-r10,ambiguous,manual_review,"3 Stuyvesant Oval, Manhattan, NY 10009",1009720001,,,"240 1 Avenue, Manhattan, NY 10009",source_bbl_found_in_official_nyc_data|parcel_has_multiple_unresolved_hpd_buildings|primary_address_matches_2_hpd_buildings,535|804067|804068|804069|804070|804071|804360|804363|804364|804365|804366|804367|804372|804374|804381|804384|804385|804387|804388|804392
stabili-5529679e-d85c-5717-9c5b-c946f543fa74,manhattan-2024-p39-r12,ambiguous,manual_review,"6 Stuyvesant Oval, Manhattan, NY 10009",1009720001,,,"240 1 Avenue, Manhattan, NY 10009",source_bbl_found_in_official_nyc_data|parcel_has_multiple_unresolved_hpd_buildings|primary_address_matches_2_hpd_buildings,535|804067|804068|804069|804070|804071|804360|804363|804364|804365|804366|804367|804372|804374|804381|804384|804385|804387|804388|804392
stabili-4e46b207-e49b-545b-abaa-57f4ff7232bf,manhattan-2024-p39-r13,ambiguous,manual_review,"7 Stuyvesant Oval, Manhattan, NY 10009",1009720001,,,"240 1 Avenue, Manhattan, NY 10009",source_bbl_found_in_official_nyc_data|parcel_has_multiple_unresolved_hpd_buildings|primary_address_matches_2_hpd_buildings,535|804067|804068|804069|804070|804071|804360|804363|804364|804365|804366|804367|804372|804374|804381|804384|804385|804387|804388|804392
stabili-9a85b6f7-b5d4-532e-8a81-10b0baeb76bd,manhattan-2024-p39-r14,ambiguous,manual_review,"8 Stuyvesant Oval, Manhattan, NY 10009",1009720001,,,"240 1 Avenue, Manhattan, NY 10009",source_bbl_found_in_official_nyc_data|parcel_has_multiple_unresolved_hpd_buildings|primary_address_matches_2_hpd_buildings,535|804067|804068|804069|804070|804071|804360|804363|804364|804365|804366|804367|804372|804374|804381|804384|804385|804387|804388|804392
stabili-90e0fc91-a5a3-538c-8aea-cc4fcc9837f0,manhattan-2024-p39-r15,ambiguous,manual_review,"9 Stuyvesant Oval, Manhattan, NY 10009",1009720001,,,"240 1 Avenue, Manhattan, NY 10009",source_bbl_found_in_official_nyc_data|parcel_has_multiple_unresolved_hpd_buildings|primary_address_matches_2_hpd_buildings,535|804067|804068|804069|804070|804071|804360|804363|804364|804365|804366|804367|804372|804374|804381|804384|804385|804387|804388|804392
stabili-dfe4da50-9325-50dc-b583-82f11b2ab065,manhattan-2024-p39-r17,ambiguous,manual_review,"11–17 Stuyvesant Oval, Manhattan, NY 10009",1009720001,,,"240 1 Avenue, Manhattan, NY 10009",source_bbl_found_in_official_nyc_data|parcel_has_multiple_unresolved_hpd_buildings|primary_address_matches_2_hpd_buildings,535|804067|804068|804069|804070|804071|804360|804363|804364|804365|804366|804367|804372|804374|804381|804384|804385|804387|804388|804392
stabili-1de57e72-23be-5244-b625-01e36cf17ff0,manhattan-2024-p39-r18,ambiguous,manual_review,"12 Stuyvesant Oval, Manhattan, NY 10009",1009720001,,,"240 1 Avenue, Manhattan, NY 10009",source_bbl_found_in_official_nyc_data|parcel_has_multiple_unresolved_hpd_buildings|primary_address_matches_2_hpd_buildings,535|804067|804068|804069|804070|804071|804360|804363|804364|804365|804366|804367|804372|804374|804381|804384|804385|804387|804388|804392
stabili-66418303-a23e-585f-aba7-05dff90840a0,manhattan-2024-p39-r19,ambiguous,manual_review,"14 Stuyvesant Oval, Manhattan, NY 10009",1009720001,,,"240 1 Avenue, Manhattan, NY 10009",source_bbl_found_in_official_nyc_data|parcel_has_multiple_unresolved_hpd_buildings|primary_address_matches_2_hpd_buildings,535|804067|804068|804069|804070|804071|804360|804363|804364|804365|804366|804367|804372|804374|804381|804384|804385|804387|804388|804392
stabili-696ae506-1437-5f3f-bb11-a9cc6df4ccec,manhattan-2024-p39-r20,ambiguous,manual_review,"15 Stuyvesant Oval, Manhattan, NY 10009",1009720001,,,"240 1 Avenue, Manhattan, NY 10009",source_bbl_found_in_official_nyc_data|parcel_has_multiple_unresolved_hpd_buildings|primary_address_matches_2_hpd_buildings,535|804067|804068|804069|804070|804071|804360|804363|804364|804365|804366|804367|804372|804374|804381|804384|804385|804387|804388|804392
stabili-5fb2660c-5077-5f9d-b0c7-12d979be01f1,manhattan-2024-p39-r21,ambiguous,manual_review,"16 Stuyvesant Oval, Manhattan, NY 10009",1009720001,,,"240 1 Avenue, Manhattan, NY 10009",source_bbl_found_in_official_nyc_data|parcel_has_multiple_unresolved_hpd_buildings|primary_address_matches_2_hpd_buildings,535|804067|804068|804069|804070|804071|804360|804363|804364|804365|804366|804367|804372|804374|804381|804384|804385|804387|804388|804392
stabili-b917b270-590f-5c8f-a776-bbb4b2f09822,manhattan-2024-p39-r24,ambiguous,manual_review,"19 Stuyvesant Oval, Manhattan, NY 10009",1009720001,,,"240 1 Avenue, Manhattan, NY 10009",source_bbl_found_in_official_nyc_data|parcel_has_multiple_unresolved_hpd_buildings|primary_address_matches_2_hpd_buildings,535|804067|804068|804069|804070|804071|804360|804363|804364|804365|804366|804367|804372|804374|804381|804384|804385|804387|804388|804392
stabili-4c500587-2c30-5a9c-85b0-3525f96d6e7a,manhattan-2024-p39-r25,ambiguous,manual_review,"20 Stuyvesant Oval, Manhattan, NY 10009",1009720001,,,"240 1 Avenue, Manhattan, NY 10009",source_bbl_found_in_official_nyc_data|parcel_has_multiple_unresolved_hpd_buildings|primary_address_matches_2_hpd_buildings,535|804067|804068|804069|804070|804071|804360|804363|804364|804365|804366|804367|804372|804374|804381|804384|804385|804387|804388|804392
stabili-304aee72-c625-59ac-b2f4-ada168bef17c,manhattan-2024-p40-r24,ambiguous,manual_review,"319 East 21st Street, Manhattan, NY 10010",1009270013,,,"319 East 21 Street, Manhattan, NY 10010",source_bbl_found_in_official_nyc_data|parcel_has_multiple_unresolved_hpd_buildings|primary_address_matches_2_hpd_buildings,12521|882154
stabili-58b66199-d7e8-56f5-be67-6cc35ea0ef5d,manhattan-2024-p40-r37,ambiguous,manual_review,"201–203 East 22nd Street, Manhattan, NY 10010",1009030001,,,"283 3 Avenue, Manhattan, NY 10010",source_bbl_found_in_official_nyc_data|parcel_has_multiple_unresolved_hpd_buildings|primary_address_matches_2_hpd_buildings,2163|942367|943572
stabili-061bb0b5-ac9a-544f-bafb-67119b92a883,manhattan-2024-p40-r42,ambiguous,manual_review,"332 East 22nd Street, Manhattan, NY 10010",1009270037,,,"332 East 22 Street, Manhattan, NY 10010",source_bbl_found_in_official_nyc_data|parcel_has_multiple_unresolved_hpd_buildings|primary_address_matches_2_hpd_buildings,12579|906574
stabili-0e1a9ab7-89d0-5685-b0c4-7caf42395787,manhattan-2024-p41-r2,ambiguous,manual_review,"304–310 East 23rd Street, Manhattan, NY 10010",1009287502,,,"310 East 23 Street, Manhattan, NY 10010",source_bbl_found_in_official_nyc_data|parcel_has_multiple_unresolved_hpd_buildings|primary_address_matches_2_hpd_buildings,12642|12643|804399
stabili-edd01cc5-04f8-5bd4-91ca-6d0c660ba3b0,manhattan-2024-p42-r8,ambiguous,manual_review,"206F East 26th Street, Manhattan, NY 10010",1009060050,,,"206 East 26 Street, Manhattan, NY 10010",source_bbl_found_in_official_nyc_data|parcel_has_multiple_unresolved_hpd_buildings,12749|804735
stabili-351e3252-cf31-53c5-a162-9c0a76e0ac7a,manhattan-2024-p42-r10,ambiguous,manual_review,"210F East 26th Street, Manhattan, NY 10010",1009060049,,,"210 East 26 Street, Manhattan, NY 10010",source_bbl_found_in_official_nyc_data|parcel_has_multiple_unresolved_hpd_buildings,12752|804411
stabili-8813bd06-e3ae-5a1b-98f8-ee89341d94aa,manhattan-2024-p43-r5,ambiguous,manual_review,"14 5th Avenue, Manhattan, NY 10011",1005720041,,,"14 5 Avenue, Manhattan, NY 10011",source_bbl_found_in_official_nyc_data|parcel_has_multiple_unresolved_hpd_buildings|primary_address_matches_2_hpd_buildings,2533|1019078
stabili-79274826-2cb0-543b-b025-28913d35ac6f,manhattan-2024-p43-r11,ambiguous,manual_review,"466–468 6th Avenue, Manhattan, NY 10011",1005750003,,,"466 Avenue Of The Amer, Manhattan, NY 10011",source_bbl_found_in_official_nyc_data|parcel_has_multiple_unresolved_hpd_buildings|primary_address_matches_2_hpd_buildings,3201|803861|958989
stabili-1fa10e48-fb8a-568f-84a0-6b81352151b8,manhattan-2024-p44-r1,ambiguous,manual_review,"28 Greenwich Avenue, Manhattan, NY 10011",1006060009,,,"30 Greenwich Avenue, Manhattan, NY 10011",source_bbl_found_in_official_nyc_data|parcel_has_multiple_unresolved_hpd_buildings,22240|804889|804890
stabili-6032d1ab-415f-5e86-ba58-d793c03106fd,manhattan-2024-p44-r2,ambiguous,manual_review,"28 Greenwich Avenue, Manhattan, NY 10011",1006060009,,,"30 Greenwich Avenue, Manhattan, NY 10011",source_bbl_found_in_official_nyc_data|parcel_has_multiple_unresolved_hpd_buildings,22240|804889|804890
stabili-71d97d45-f8b4-549e-8342-133f4be19bdc,manhattan-2024-p46-r31,ambiguous,manual_review,"263–267 West 15th Street, Manhattan, NY 10011",1007650001,,,"102 8 Avenue, Manhattan, NY 10011",source_bbl_found_in_official_nyc_data|parcel_has_multiple_unresolved_hpd_buildings,4226|803889|803890|803891|803892|803893|803894|806073
stabili-05f8cccb-55d0-5568-a09d-17ef19952c17,manhattan-2024-p47-r48,ambiguous,manual_review,"218R West 17th Street, Manhattan, NY 10011",1007660055,,,"218 West 17 Street, Manhattan, NY 10011",source_bbl_found_in_official_nyc_data|parcel_has_multiple_unresolved_hpd_buildings,30619|805520|805521|805522|805523|806076|806077|973556
stabili-7f26643a-93ec-54e9-9691-069ece2ece29,manhattan-2024-p47-r49,ambiguous,manual_review,"218F West 17th Street, Manhattan, NY 10011",1007660055,,,"218 West 17 Street, Manhattan, NY 10011",source_bbl_found_in_official_nyc_data|parcel_has_multiple_unresolved_hpd_buildings,30619|805520|805521|805522|805523|806076|806077|973556
stabili-fd79005d-459c-5507-b2cf-09b15746e6a6,manhattan-2024-p47-r50,ambiguous,manual_review,"220R West 17th Street, Manhattan, NY 10011",1007660055,,,"218 West 17 Street, Manhattan, NY 10011",source_bbl_found_in_official_nyc_data|parcel_has_multiple_unresolved_hpd_buildings,30619|805520|805521|805522|805523|806076|806077|973556
stabili-357f368c-e369-5e37-8e5d-21ebd5c2807f,manhattan-2024-p47-r51,ambiguous,manual_review,"220F West 17th Street, Manhattan, NY 10011",1007660055,,,"218 West 17 Street, Manhattan, NY 10011",source_bbl_found_in_official_nyc_data|parcel_has_multiple_unresolved_hpd_buildings,30619|805520|805521|805522|805523|806076|806077|973556
stabili-1a1ea572-ddab-557b-a5a0-7dbb28aec85d,manhattan-2024-p47-r52,ambiguous,manual_review,"222R–224R West 17th Street, Manhattan, NY 10011",1007660055,,,"218 West 17 Street, Manhattan, NY 10011",source_bbl_found_in_official_nyc_data|parcel_has_multiple_unresolved_hpd_buildings|primary_address_matches_2_hpd_buildings,30619|805520|805521|805522|805523|806076|806077|973556
stabili-e67478df-4102-56a3-8a1b-43261beef033,manhattan-2024-p47-r53,ambiguous,manual_review,"222F West 17th Street, Manhattan, NY 10011",1007660055,,,"218 West 17 Street, Manhattan, NY 10011",source_bbl_found_in_official_nyc_data|parcel_has_multiple_unresolved_hpd_buildings,30619|805520|805521|805522|805523|806076|806077|973556
stabili-fe8053a8-1f78-52f5-b59d-bc45fc0caa3e,manhattan-2024-p47-r54,ambiguous,manual_review,"224F West 17th Street, Manhattan, NY 10011",1007660055,,,"218 West 17 Street, Manhattan, NY 10011",source_bbl_found_in_official_nyc_data|parcel_has_multiple_unresolved_hpd_buildings,30619|805520|805521|805522|805523|806076|806077|973556
stabili-20d9f6ce-9b36-5ff5-b03e-4ba8d64efb56,manhattan-2024-p49-r24,ambiguous,manual_review,"201–203 West 20th Street, Manhattan, NY 10011",1007700036,,,"201 West 20 Street, Manhattan, NY 10011",source_bbl_found_in_official_nyc_data|parcel_has_multiple_unresolved_hpd_buildings|primary_address_matches_2_hpd_buildings,30908|805534
stabili-a1c0ed57-ffbe-5829-9165-d709f158ee8e,manhattan-2024-p49-r28,ambiguous,manual_review,"211–215 West 20th Street, Manhattan, NY 10011",1007700031,,,"215 West 20 Street, Manhattan, NY 10011",source_bbl_found_in_official_nyc_data|parcel_has_multiple_unresolved_hpd_buildings|primary_address_matches_2_hpd_buildings,30917|805535
stabili-dd3d1f28-0f61-5630-9cf3-3a7bbc50de2b,manhattan-2024-p51-r5,ambiguous,manual_review,"151–155 West 22nd Street, Manhattan, NY 10011",1007980014,,,"151 West 22 Street, Manhattan, NY 10011",source_bbl_found_in_official_nyc_data|parcel_has_multiple_unresolved_hpd_buildings|primary_address_matches_2_hpd_buildings,31231|805558
stabili-4c0454c7-8ead-5b3a-9bbe-bb65ba4efb4f,manhattan-2024-p52-r6,ambiguous,manual_review,"362–364 West 23rd Street, Manhattan, NY 10011",1007460075,,,"362 West 23 Street, Manhattan, NY 10011",source_bbl_found_in_official_nyc_data|parcel_has_multiple_unresolved_hpd_buildings|primary_address_matches_2_hpd_buildings,31495|805569
stabili-7c4fe723-6855-5f94-9860-987d540672f1,manhattan-2024-p53-r10,ambiguous,manual_review,"58F West 8th Street, Manhattan, NY 10011",1005530011,,,"58 West 8 Street, Manhattan, NY 10011",source_bbl_found_in_official_nyc_data|parcel_has_multiple_unresolved_hpd_buildings,29659|805461|805462|806130
stabili-c8da29ea-47ee-54af-8a4f-fa060291bd4a,manhattan-2024-p53-r41,ambiguous,manual_review,"88 Bleecker Street, Manhattan, NY 10012",1005230038,,,"88 Bleecker Street, Manhattan, NY 10012",source_bbl_found_in_official_nyc_data|parcel_has_multiple_unresolved_hpd_buildings,8493|997377
stabili-1abe317c-73f9-5d7b-9936-c9d7366a67c6,manhattan-2024-p54-r23,ambiguous,manual_review,"41 East Houston Street, Manhattan, NY 10012",1005090019,,,"41 East Houston Street, Manhattan, NY 10012",source_bbl_found_in_official_nyc_data|parcel_has_multiple_unresolved_hpd_buildings|primary_address_matches_2_hpd_buildings,21173|951266
stabili-89083e1d-c0db-5396-8b65-c6e5226ed78b,manhattan-2024-p54-r30,ambiguous,manual_review,"173 Elizabeth Street, Manhattan, NY 10012",1004790021,,,"14 Spring Street, Manhattan, NY 10012",source_bbl_found_in_official_nyc_data|parcel_has_multiple_unresolved_hpd_buildings|primary_address_matches_2_hpd_buildings,27689|804770|822632
stabili-bf31077c-113c-586b-aec2-a29864f392ef,manhattan-2024-p54-r37,ambiguous,manual_review,"228R Elizabeth Street, Manhattan, NY 10012",1005070002,,,"228 Elizabeth Street, Manhattan, NY 10012",source_bbl_found_in_official_nyc_data|parcel_has_multiple_unresolved_hpd_buildings,21448|804771
stabili-a9d1bcbb-b9e3-5c75-878d-a804eb19a392,manhattan-2024-p54-r38,ambiguous,manual_review,"228F Elizabeth Street, Manhattan, NY 10012",1005070002,,,"228 Elizabeth Street, Manhattan, NY 10012",source_bbl_found_in_official_nyc_data|parcel_has_multiple_unresolved_hpd_buildings,21448|804771
stabili-b6a6ac5c-bd75-57b9-b5f0-0c0c28a7fde3,manhattan-2024-p55-r27,ambiguous,manual_review,"553–563 Laguardia Place, Manhattan, NY 10012",1005330001,,,"1 Washington Sq Vllge, Manhattan, NY 10012",source_bbl_found_in_official_nyc_data|parcel_has_multiple_unresolved_hpd_buildings,29242|806017|806020|844924
stabili-1816e45c-231e-5e78-944b-3f9d4eb28642,manhattan-2024-p55-r48,ambiguous,manual_review,"110 Macdougal Street, Manhattan, NY 10012",1005400004,,,"110 Mac Dougal Street, Manhattan, NY 10012",source_bbl_found_in_official_nyc_data|parcel_has_multiple_unresolved_hpd_buildings,24467|805025
stabili-ee40d2e5-7af3-5576-befe-466338b96edd,manhattan-2024-p56-r6,ambiguous,manual_review,"5–7 Minetta Street, Manhattan, NY 10012",1005420034,,,"5 Minetta Street, Manhattan, NY 10012",source_bbl_found_in_official_nyc_data|parcel_has_multiple_unresolved_hpd_buildings|primary_address_matches_3_hpd_buildings,25480|805090|905368
stabili-c0b65fce-8de7-5873-b3f6-757dc05835c5,manhattan-2024-p56-r14,ambiguous,manual_review,"203–205 Mott Street, Manhattan, NY 10012",1004800024,,,"203 Mott Street, Manhattan, NY 10012",source_bbl_found_in_official_nyc_data|parcel_has_multiple_unresolved_hpd_buildings|primary_address_matches_2_hpd_buildings,25676|823291
stabili-993e53d9-1218-562c-9d03-7ff322c612ce,manhattan-2024-p56-r21,ambiguous,manual_review,"229R Mott Street, Manhattan, NY 10012",1004940025,,,"229 Mott Street, Manhattan, NY 10012",source_bbl_found_in_official_nyc_data|parcel_has_multiple_unresolved_hpd_buildings,25689|805128
stabili-c1bd3831-08c6-5684-99cf-3ae8edcc5ae6,manhattan-2024-p56-r22,ambiguous,manual_review,"229F Mott Street, Manhattan, NY 10012",1004940025,,,"229 Mott Street, Manhattan, NY 10012",source_bbl_found_in_official_nyc_data|parcel_has_multiple_unresolved_hpd_buildings,25689|805128
stabili-3955b4eb-0486-56c3-bccc-c9460e079b05,manhattan-2024-p58-r9,ambiguous,manual_review,"111R Sullivan Street, Manhattan, NY 10012",1005030008,,,"111 Sullivan Street, Manhattan, NY 10012",source_bbl_found_in_official_nyc_data|parcel_has_multiple_unresolved_hpd_buildings,28504|805351
stabili-dcdfa43a-7fbf-5a67-af29-547d1ef26479,manhattan-2024-p58-r10,ambiguous,manual_review,"111F Sullivan Street, Manhattan, NY 10012",1005030008,,,"111 Sullivan Street, Manhattan, NY 10012",source_bbl_found_in_official_nyc_data|parcel_has_multiple_unresolved_hpd_buildings,28504|805351
stabili-54d3b679-38c0-5183-b1c1-643e0868a22a,manhattan-2024-p58-r11,ambiguous,manual_review,"113R Sullivan Street, Manhattan, NY 10012",1005030009,,,"113 Sullivan Street, Manhattan, NY 10012",source_bbl_found_in_official_nyc_data|parcel_has_multiple_unresolved_hpd_buildings,28506|805352
stabili-7e9866b9-9023-5031-bbc2-7db8e6e5bb3b,manhattan-2024-p58-r37,ambiguous,manual_review,"212F Sullivan Street, Manhattan, NY 10012",1005400033,,,"212 Sullivan Street, Manhattan, NY 10012",source_bbl_found_in_official_nyc_data|parcel_has_multiple_unresolved_hpd_buildings,28557|805359
stabili-e3a4eee0-30d3-5ea7-b4d7-9c7346101d6d,manhattan-2024-p58-r39,ambiguous,manual_review,"224–228 Sullivan Street, Manhattan, NY 10012",1005400025,,,"224 Sullivan Street, Manhattan, NY 10012",source_bbl_found_in_official_nyc_data|parcel_has_multiple_unresolved_hpd_buildings|primary_address_matches_4_hpd_buildings,28562|805360|805361|805362|805363|805364
stabili-2513948f-2c05-5c49-a80e-d97bc42ad182,manhattan-2024-p59-r10,ambiguous,manual_review,"118–120 Thompson Street, Manhattan, NY 10012",1005020016,,,"160 Prince Street, Manhattan, NY 10012",source_bbl_found_in_official_nyc_data|parcel_has_multiple_unresolved_hpd_buildings,27044|805250
stabili-5817c747-6201-5fb9-830e-df0832b228b5,manhattan-2024-p59-r29,ambiguous,manual_review,"202 Thompson Street, Manhattan, NY 10012",1005370037,,,"151 Bleecker Street, Manhattan, NY 10012",source_bbl_found_in_official_nyc_data|parcel_has_multiple_unresolved_hpd_buildings,7046|805416
stabili-17e96629-ed1a-5048-8774-20b1aca8ef12,manhattan-2024-p60-r13,ambiguous,manual_review,"115–121 Wooster Street, Manhattan, NY 10012",1005010020,,,"115 Wooster Street, Manhattan, NY 10012",source_bbl_found_in_official_nyc_data|parcel_has_multiple_unresolved_hpd_buildings|primary_address_matches_2_hpd_buildings,44333|822521|822545
stabili-3121d0c4-8770-569a-a873-2ba2d5a399c3,manhattan-2024-p60-r25,ambiguous,manual_review,"119R Baxter Street, Manhattan, NY 10013",1002060004,,,"119 Baxter Street, Manhattan, NY 10013",source_bbl_found_in_official_nyc_data|parcel_has_multiple_unresolved_hpd_buildings,6816|804096
stabili-8b4426cb-599e-5a32-bf05-77d42cdd0aca,manhattan-2024-p60-r26,ambiguous,manual_review,"119F Baxter Street, Manhattan, NY 10013",1002060004,,,"119 Baxter Street, Manhattan, NY 10013",source_bbl_found_in_official_nyc_data|parcel_has_multiple_unresolved_hpd_buildings,6816|804096
stabili-fbc29fd9-69fa-56ff-9cdb-e84603ba46c2,manhattan-2024-p60-r27,ambiguous,manual_review,"121R Baxter Street, Manhattan, NY 10013",1002060005,,,"121 Baxter Street, Manhattan, NY 10013",source_bbl_found_in_official_nyc_data|parcel_has_multiple_unresolved_hpd_buildings,6817|804098
stabili-968e47fc-1743-5331-b2ff-f96af8da2d2b,manhattan-2024-p60-r52,ambiguous,manual_review,"102F Bayard Street, Manhattan, NY 10013",1001990031,,,"102 Bayard Street, Manhattan, NY 10013",source_bbl_found_in_official_nyc_data|parcel_has_multiple_unresolved_hpd_buildings,6837|804101
stabili-001e95d0-1af1-5b24-a984-d86ef6783159,manhattan-2024-p60-r53,ambiguous,manual_review,"102R Bayard Street, Manhattan, NY 10013",1001990031,,,"102 Bayard Street, Manhattan, NY 10013",source_bbl_found_in_official_nyc_data|parcel_has_multiple_unresolved_hpd_buildings,6837|804101
stabili-db5fba85-4b16-5a6d-936a-e2fec8db5e6d,manhattan-2024-p62-r44,ambiguous,manual_review,"165R Hester Street, Manhattan, NY 10013",1002380035,,,"165 Hester Street, Manhattan, NY 10013",source_bbl_found_in_official_nyc_data|parcel_has_multiple_unresolved_hpd_buildings,22781|804926
stabili-71ef9586-3325-5fb7-8ef9-240d55d8a373,manhattan-2024-p62-r45,ambiguous,manual_review,"165F Hester Street, Manhattan, NY 10013",1002380035,,,"165 Hester Street, Manhattan, NY 10013",source_bbl_found_in_official_nyc_data|parcel_has_multiple_unresolved_hpd_buildings,22781|804926
stabili-24b2fe03-f8df-5b0b-b3a8-d2b5ffba6392,manhattan-2024-p62-r46,ambiguous,manual_review,"167R Hester Street, Manhattan, NY 10013",1002380036,,,"167 Hester Street, Manhattan, NY 10013",source_bbl_found_in_official_nyc_data|parcel_has_multiple_unresolved_hpd_buildings,22782|804927
stabili-f4503a0e-d41d-56b4-a509-2ea54a776cd4,manhattan-2024-p62-r47,ambiguous,manual_review,"167F Hester Street, Manhattan, NY 10013",1002380036,,,"167 Hester Street, Manhattan, NY 10013",source_bbl_found_in_official_nyc_data|parcel_has_multiple_unresolved_hpd_buildings,22782|804927
stabili-70d82696-221c-5ac2-8104-8d7ee6dbea32,manhattan-2024-p62-r48,ambiguous,manual_review,"169R Hester Street, Manhattan, NY 10013",1002380037,,,"169 Hester Street, Manhattan, NY 10013",source_bbl_found_in_official_nyc_data|parcel_has_multiple_unresolved_hpd_buildings,22783|804928
stabili-f36074e4-2750-5ba5-b192-c5fbb477964a,manhattan-2024-p62-r50,ambiguous,manual_review,"171R Hester Street, Manhattan, NY 10013",1002380038,,,"171 Hester Street, Manhattan, NY 10013",source_bbl_found_in_official_nyc_data|parcel_has_multiple_unresolved_hpd_buildings,22784|804929
stabili-88a830b7-0445-5c41-acd3-0c994262cecf,manhattan-2024-p62-r54,ambiguous,manual_review,"183R Hester Street, Manhattan, NY 10013",1002370032,,,"183 Hester Street, Manhattan, NY 10013",source_bbl_found_in_official_nyc_data|parcel_has_multiple_unresolved_hpd_buildings,22793|804930
stabili-b6409724-52bd-526c-805b-1f7fc4fd1f40,manhattan-2024-p62-r56,ambiguous,manual_review,"185F Hester Street, Manhattan, NY 10013",1002370033,,,"185 Hester Street, Manhattan, NY 10013",source_bbl_found_in_official_nyc_data|parcel_has_multiple_unresolved_hpd_buildings,804931|804932
stabili-ff9971a0-54d8-51a2-8ac0-1abd38a2a719,manhattan-2024-p63-r1,ambiguous,manual_review,"185 Hester Street, Manhattan, NY 10013",1002370033,,,"185 Hester Street, Manhattan, NY 10013",source_bbl_found_in_official_nyc_data|parcel_has_multiple_unresolved_hpd_buildings,804931|804932
stabili-bbe3d052-3340-5c49-9a18-a30adaacf374,manhattan-2024-p63-r31,ambiguous,manual_review,"17R Mott Street, Manhattan, NY 10013",1001640048,,,"15 Mott Street, Manhattan, NY 10013",source_bbl_found_in_official_nyc_data|parcel_has_multiple_unresolved_hpd_buildings,25645|805125
stabili-086607a8-327f-5198-bf71-81a8e5e2a957,manhattan-2024-p63-r48,ambiguous,manual_review,"57F Mott Street, Manhattan, NY 10013",1002000031,,,"57 Mott Street, Manhattan, NY 10013",source_bbl_found_in_official_nyc_data|parcel_has_multiple_unresolved_hpd_buildings,25731|805133
stabili-627c786a-9c85-571e-a55c-96f7f40f81ae,manhattan-2024-p64-r10,ambiguous,manual_review,"113R Mott Street, Manhattan, NY 10013",1002050022,,,"113 Mott Street, Manhattan, NY 10013",source_bbl_found_in_official_nyc_data|parcel_has_multiple_unresolved_hpd_buildings,25624|805116
stabili-360f6171-bb38-5479-97c6-a04859d848ba,manhattan-2024-p64-r11,ambiguous,manual_review,"113F Mott Street, Manhattan, NY 10013",1002050022,,,"113 Mott Street, Manhattan, NY 10013",source_bbl_found_in_official_nyc_data|parcel_has_multiple_unresolved_hpd_buildings,25624|805116
stabili-35c7dfe1-adee-5098-a954-23524cde5644,manhattan-2024-p64-r29,ambiguous,manual_review,"156 Mott Street, Manhattan, NY 10013",1004700003,,,"156 Mott Street, Manhattan, NY 10013",source_bbl_found_in_official_nyc_data|parcel_has_multiple_unresolved_hpd_buildings|primary_address_matches_2_hpd_buildings,25647|936335
stabili-0aea77a6-d2d7-5425-a474-fb19b025d4d1,manhattan-2024-p64-r45,ambiguous,manual_review,"60F Mulberry Street, Manhattan, NY 10013",1001640016,,,"60 Mulberry Street, Manhattan, NY 10013",source_bbl_found_in_official_nyc_data|parcel_has_multiple_unresolved_hpd_buildings,25867|805167
stabili-d0bdcab0-9cc3-587c-8cdc-b5553e487849,manhattan-2024-p64-r54,ambiguous,manual_review,"87R Mulberry Street, Manhattan, NY 10013",1001990019,,,"87 Mulberry Street, Manhattan, NY 10013",source_bbl_found_in_official_nyc_data|parcel_has_multiple_unresolved_hpd_buildings,25883|805171
stabili-358c75dd-ecaf-55c7-846d-bbdedd3d69b3,manhattan-2024-p64-r55,ambiguous,manual_review,"87F Mulberry Street, Manhattan, NY 10013",1001990019,,,"87 Mulberry Street, Manhattan, NY 10013",source_bbl_found_in_official_nyc_data|parcel_has_multiple_unresolved_hpd_buildings,25883|805171
stabili-1a59517f-5c71-5879-81db-639a346d2b3e,manhattan-2024-p65-r7,ambiguous,manual_review,"115R Mulberry Street, Manhattan, NY 10013",1002060022,,,"115 Mulberry Street, Manhattan, NY 10013",source_bbl_found_in_official_nyc_data|parcel_has_multiple_unresolved_hpd_buildings,25780|805144
stabili-57dabad6-a8e8-5b6d-8a31-1a130ff8a677,manhattan-2024-p65-r9,ambiguous,manual_review,"118R Mulberry Street, Manhattan, NY 10013",1002050010,,,"118 Mulberry Street, Manhattan, NY 10013",source_bbl_found_in_official_nyc_data|parcel_has_multiple_unresolved_hpd_buildings,25782|805146
stabili-077945ac-be4b-50b1-96cf-2537cd1fd75f,manhattan-2024-p65-r10,ambiguous,manual_review,"118F Mulberry Street, Manhattan, NY 10013",1002050010,,,"118 Mulberry Street, Manhattan, NY 10013",source_bbl_found_in_official_nyc_data|parcel_has_multiple_unresolved_hpd_buildings,25782|805146
stabili-dbf86a0e-42bc-5b2b-a723-3504814d1e6d,manhattan-2024-p65-r21,ambiguous,manual_review,"175 Mulberry Street, Manhattan, NY 10013",1004710015,,,"175 Mulberry Street, Manhattan, NY 10013",source_bbl_found_in_official_nyc_data|parcel_has_multiple_unresolved_hpd_buildings|primary_address_matches_2_hpd_buildings,25812|917652
stabili-57aa78e7-da48-5276-9483-e89604942216,manhattan-2024-p66-r51,ambiguous,manual_review,"50 Barrow Street, Manhattan, NY 10014",1005880038,,,"50 Barrow Street, Manhattan, NY 10014",source_bbl_found_in_official_nyc_data|parcel_has_multiple_unresolved_hpd_buildings|primary_address_matches_2_hpd_buildings,6779|804093
stabili-3435ce7a-65d5-5f8e-b279-c21e5af63702,manhattan-2024-p67-r17,ambiguous,manual_review,"110 Bedford Street, Manhattan, NY 10014",1005880045,,,"120 Christopher Street, Manhattan, NY 10014",source_bbl_found_in_official_nyc_data|parcel_has_multiple_unresolved_hpd_buildings,9472|804110
stabili-42b476dc-e659-5745-8b18-bb9769a379a3,manhattan-2024-p67-r34,ambiguous,manual_review,"5 Carmine Street, Manhattan, NY 10014",1005890043,,,"301 Avenue Of The Amer, Manhattan, NY 10014",source_bbl_found_in_official_nyc_data|parcel_has_multiple_unresolved_hpd_buildings,3134|803860|806154
stabili-02ce97b1-124d-5d0e-8881-ded6a00c2c82,manhattan-2024-p68-r3,ambiguous,manual_review,"1–3 Charles Street, Manhattan, NY 10014",1006120065,,,"39 Greenwich Avenue, Manhattan, NY 10014",source_bbl_found_in_official_nyc_data|parcel_has_multiple_unresolved_hpd_buildings,22244|1019944
stabili-0206105d-3189-54a3-aadf-a4e7bd3c9c1a,manhattan-2024-p68-r34,ambiguous,manual_review,"102 Charlton Street, Manhattan, NY 10014",1005970050,,,"102 Charlton Street, Manhattan, NY 10014",source_bbl_found_in_official_nyc_data|parcel_has_multiple_unresolved_hpd_buildings|primary_address_matches_2_hpd_buildings,9393|968997
stabili-fffabaf9-5239-5409-9ec2-f38abae8e5f8,manhattan-2024-p68-r43,ambiguous,manual_review,"59–61 Christopher Street, Manhattan, NY 10014",1006100001,,,"113 7 Avenue South, Manhattan, NY 10014",source_bbl_found_in_official_nyc_data|parcel_has_multiple_unresolved_hpd_buildings|primary_address_matches_2_hpd_buildings,3863|804184|804185|970572|970574|970577
stabili-a526d60c-6f8e-5076-9810-f202157fc2af,manhattan-2024-p69-r17,ambiguous,manual_review,"11R Cornelia Street, Manhattan, NY 10014",1005900034,,,"7 Cornelia Street, Manhattan, NY 10014",source_bbl_found_in_official_nyc_data|parcel_has_multiple_unresolved_hpd_buildings,10092|804227|804228
stabili-547ffc20-87f1-543d-8925-36772afa5a16,manhattan-2024-p69-r18,ambiguous,manual_review,"11F Cornelia Street, Manhattan, NY 10014",1005900034,,,"7 Cornelia Street, Manhattan, NY 10014",source_bbl_found_in_official_nyc_data|parcel_has_multiple_unresolved_hpd_buildings,10092|804227|804228
stabili-a45e0c15-175b-591c-990b-3b6a331e8fc5,manhattan-2024-p69-r24,ambiguous,manual_review,"21 1/2 Cornelia Street, Manhattan, NY 10014",1005900041,,,"21 Cornelia Street, Manhattan, NY 10014",source_bbl_found_in_official_nyc_data|parcel_has_multiple_unresolved_hpd_buildings,10081|804231
stabili-e8b29395-2022-5d0b-a459-763a78836105,manhattan-2024-p69-r55,ambiguous,manual_review,"756R Greenwich Street, Manhattan, NY 10014",1006340032,,,"752 Greenwich Street, Manhattan, NY 10014",source_bbl_found_in_official_nyc_data|parcel_has_multiple_unresolved_hpd_buildings,22411|804909|804910|804911|804912
stabili-18f0bae5-7fd7-5cee-bc01-4f473f380476,manhattan-2024-p69-r56,ambiguous,manual_review,"756F Greenwich Street, Manhattan, NY 10014",1006340032,,,"752 Greenwich Street, Manhattan, NY 10014",source_bbl_found_in_official_nyc_data|parcel_has_multiple_unresolved_hpd_buildings,22411|804909|804910|804911|804912
stabili-00989eb4-88f3-5a44-a0ad-0b1193ab4003,manhattan-2024-p70-r19,ambiguous,manual_review,"2 Horatio Street, Manhattan, NY 10014",1006167501,,,"2 Horatio Street, Manhattan, NY 10014",source_bbl_found_in_official_nyc_data|parcel_has_multiple_unresolved_hpd_buildings|primary_address_matches_2_hpd_buildings,22230|22849
stabili-c39179a4-565c-5088-b5f7-f1cfb9af500b,manhattan-2024-p70-r30,ambiguous,manual_review,"76F Horatio Street, Manhattan, NY 10014",1006420050,,,"76 Horatio Street, Manhattan, NY 10014",source_bbl_found_in_official_nyc_data|parcel_has_multiple_unresolved_hpd_buildings,22881|804939
stabili-0b7c03a3-7740-5b56-8df1-10f5e4d204d5,manhattan-2024-p70-r33,ambiguous,manual_review,"95 Horatio Street, Manhattan, NY 10014",1006430001,,,"521 West Street, Manhattan, NY 10014",source_bbl_found_in_official_nyc_data|parcel_has_multiple_unresolved_hpd_buildings,22893|44258
stabili-054b8aae-51bc-5638-8af4-706b5876e7ad,manhattan-2024-p71-r7,ambiguous,manual_review,"7 Jane Street, Manhattan, NY 10014",1006160029,,,"5 Jane Street, Manhattan, NY 10014",source_bbl_found_in_official_nyc_data|parcel_has_multiple_unresolved_hpd_buildings,23178|804956|804957
stabili-77b637f6-01db-5f61-9c91-b7fe02957162,manhattan-2024-p71-r21,ambiguous,manual_review,"65 Jane Street, Manhattan, NY 10014",1006260001,,,"809 Greenwich Street, Manhattan, NY 10014",source_bbl_found_in_official_nyc_data|parcel_has_multiple_unresolved_hpd_buildings,22431|804914
stabili-08a84912-61ed-50df-9728-e8bc3e97b42c,manhattan-2024-p71-r22,ambiguous,manual_review,"67 Jane Street, Manhattan, NY 10014",1006260001,,,"809 Greenwich Street, Manhattan, NY 10014",source_bbl_found_in_official_nyc_data|parcel_has_multiple_unresolved_hpd_buildings,22431|804914
stabili-a9b97bf6-14fe-50cd-b2a2-fa140592f1b9,manhattan-2024-p72-r44,ambiguous,manual_review,"106F Perry Street, Manhattan, NY 10014",1006210009,,,"106 Perry Street, Manhattan, NY 10014",source_bbl_found_in_official_nyc_data|parcel_has_multiple_unresolved_hpd_buildings,26762|805212
stabili-645db050-3cf2-546a-bdf1-5eab7098f4fb,manhattan-2024-p74-r5,ambiguous,manual_review,"340F West 11th Street, Manhattan, NY 10014",1006330006,,,"717 Washington Street, Manhattan, NY 10014",source_bbl_found_in_official_nyc_data|parcel_has_multiple_unresolved_hpd_buildings,805438|805439|805483|806036|806037
stabili-feab448f-5dbf-5a8b-bf05-63b4cb624971,manhattan-2024-p74-r50,ambiguous,manual_review,"184 West 4th Street, Manhattan, NY 10014",1005900073,,,"182 West 4 Street, Manhattan, NY 10014",source_bbl_found_in_official_nyc_data|parcel_has_multiple_unresolved_hpd_buildings|primary_address_matches_2_hpd_buildings,29557|805454
stabili-3e5ad72e-657d-583e-b2d9-ad060d65181a,manhattan-2024-p75-r7,ambiguous,manual_review,"325F West 4th Street, Manhattan, NY 10014",1006150057,,,"325 West 4 Street, Manhattan, NY 10014",source_bbl_found_in_official_nyc_data|parcel_has_multiple_unresolved_hpd_buildings,29617|805457
stabili-c20302cc-7e00-5c1c-ab38-3c984781011d,manhattan-2024-p75-r14,ambiguous,manual_review,"115 Washington Place, Manhattan, NY 10014",1005920075,,,"115 West Washington Plce, Manhattan, NY 10014",source_bbl_found_in_official_nyc_data|parcel_has_multiple_unresolved_hpd_buildings,29200|805425
stabili-0462eb29-d7ae-5593-91f1-c71b87d6035e,manhattan-2024-p76-r9,ambiguous,manual_review,"400 3rd Avenue, Manhattan, NY 10016",1008840042,,,"400 3 Avenue, Manhattan, NY 10016",source_bbl_found_in_official_nyc_data|parcel_has_multiple_unresolved_hpd_buildings|primary_address_matches_2_hpd_buildings,2231|972705
stabili-be8eb906-75f4-524c-9a2f-9452b95b1062,manhattan-2024-p76-r11,ambiguous,manual_review,"440R 3rd Avenue, Manhattan, NY 10016",1008860047,,,"440 3 Avenue, Manhattan, NY 10016",source_bbl_found_in_official_nyc_data|parcel_has_multiple_unresolved_hpd_buildings,2248|805403
stabili-63511216-ff96-5e0b-baf1-fcaff30bed0e,manhattan-2024-p76-r12,ambiguous,manual_review,"440F 3rd Avenue, Manhattan, NY 10016",1008860047,,,"440 3 Avenue, Manhattan, NY 10016",source_bbl_found_in_official_nyc_data|parcel_has_multiple_unresolved_hpd_buildings,2248|805403
stabili-ef0c2995-d376-594a-8803-2b6a85ab2536,manhattan-2024-p76-r16,ambiguous,manual_review,"509–511 3rd Avenue, Manhattan, NY 10016",1009150002,,,"511 Third Avenue, Manhattan, NY 10016",source_bbl_found_in_official_nyc_data|parcel_has_multiple_unresolved_hpd_buildings|primary_address_matches_2_hpd_buildings,2273|13238|13240|13242|1010807
stabili-838f3ab2-ecaa-5818-85ae-ea9706bf1662,manhattan-2024-p76-r27,ambiguous,manual_review,"309 5th Avenue, Manhattan, NY 10016",1008610004,,,"309 5 Avenue, Manhattan, NY 10016",source_bbl_found_in_official_nyc_data|parcel_has_multiple_unresolved_hpd_buildings|primary_address_matches_2_hpd_buildings,2764|954120
stabili-a6dab211-d779-5671-b5b8-59bf18393bbd,manhattan-2024-p77-r13,ambiguous,manual_review,"244 East 28th Street, Manhattan, NY 10016",1009080034,,,"495 2 Avenue, Manhattan, NY 10016",source_bbl_found_in_official_nyc_data|parcel_has_multiple_unresolved_hpd_buildings,1432|804413
stabili-9061d2b0-7d46-5d00-85ec-15d170e7d66d,manhattan-2024-p77-r38,ambiguous,manual_review,"7–9 East 30th Street, Manhattan, NY 10016",1008600008,,,"7 East 30 Street, Manhattan, NY 10016",source_bbl_found_in_official_nyc_data|parcel_has_multiple_unresolved_hpd_buildings|primary_address_matches_2_hpd_buildings,13021|986518
stabili-82fc8c97-f187-5f07-85c9-7af29beca8fa,manhattan-2024-p78-r16,ambiguous,manual_review,"138 East 31st Street, Manhattan, NY 10016",1008860058,,,"140 East 31 Street, Manhattan, NY 10016",source_bbl_found_in_official_nyc_data|parcel_has_multiple_unresolved_hpd_buildings|primary_address_matches_2_hpd_buildings,13047|13048
stabili-7eada4fa-ec7c-5592-b3d9-bac4abecc785,manhattan-2024-p80-r2,ambiguous,manual_review,"221–223 East 35th Street, Manhattan, NY 10016",1009160015,,,"221 East 35 Street, Manhattan, NY 10016",source_bbl_found_in_official_nyc_data|parcel_has_multiple_unresolved_hpd_buildings|primary_address_matches_2_hpd_buildings,13335|804433
stabili-98bb0677-85e5-510c-aa61-dba941274302,manhattan-2024-p80-r24,ambiguous,manual_review,"216R East 36th Street, Manhattan, NY 10016",1009160052,,,"216 East 36 Street, Manhattan, NY 10016",source_bbl_found_in_official_nyc_data|parcel_has_multiple_unresolved_hpd_buildings,13406|804436
stabili-c1e871ae-2ac0-5dc3-ba75-336c50c47513,manhattan-2024-p80-r52,ambiguous,manual_review,"309–311 East 37th Street, Manhattan, NY 10016",1009430007,,,"307 East 37 Street, Manhattan, NY 10016",source_bbl_found_in_official_nyc_data|parcel_has_multiple_unresolved_hpd_buildings|primary_address_matches_2_hpd_buildings,13477|13478|953853
stabili-719c6888-38de-57b0-a6a7-147c164ed6ec,manhattan-2024-p81-r5,ambiguous,manual_review,"201–203 East 38th Street, Manhattan, NY 10016",1009190001,,,"579 3 Avenue, Manhattan, NY 10016",source_bbl_found_in_official_nyc_data|parcel_has_multiple_unresolved_hpd_buildings,2311|2313|995094
stabili-f0135f63-98f2-58d3-a63e-1960b0154760,manhattan-2024-p81-r34,ambiguous,manual_review,"245 East 40th Street, Manhattan, NY 10016",1013140021,,,"747 2 Avenue, Manhattan, NY 10017",source_bbl_found_in_official_nyc_data|parcel_has_multiple_unresolved_hpd_buildings,1538|804441
stabili-56f23095-66c1-56b3-8467-c23dc1f5f239,manhattan-2024-p82-r37,ambiguous,manual_review,"153 East 43rd Street, Manhattan, NY 10017",1012980033,,,"684 3 Avenue, Manhattan, NY 10017",source_bbl_found_in_official_nyc_data|parcel_has_multiple_unresolved_hpd_buildings,2341|804442
stabili-04eb5197-e87b-5af6-84a4-20e1457676e6,manhattan-2024-p82-r51,ambiguous,manual_review,"251 East 45th Street, Manhattan, NY 10017",1013190122,,,"843 2 Avenue, Manhattan, NY 10017",source_bbl_found_in_official_nyc_data|parcel_has_multiple_unresolved_hpd_buildings,1573|804445
stabili-358f782e-e7ce-5584-88fa-14cea3ce5f65,manhattan-2024-p83-r2,ambiguous,manual_review,"225 East 46th Street, Manhattan, NY 10017",1013207504,,,"225 East 46 Street, Manhattan, NY 10017",source_bbl_found_in_official_nyc_data|parcel_has_multiple_unresolved_hpd_buildings|primary_address_matches_2_hpd_buildings,13782|13783
stabili-46fa2e5c-2632-5eef-9832-de2a9bbb40bd,manhattan-2024-p83-r3,ambiguous,manual_review,"228–230 East 46th Street, Manhattan, NY 10017",1013190037,,,"228 East 46 Street, Manhattan, NY 10017",source_bbl_found_in_official_nyc_data|parcel_has_multiple_unresolved_hpd_buildings|primary_address_matches_2_hpd_buildings,13784|895160|998696
stabili-c51a6826-01b3-5a5c-8334-d2ebc03a3cfb,manhattan-2024-p83-r29,ambiguous,manual_review,"300 East 49th Street, Manhattan, NY 10017",1013410049,,,"920 2 Avenue, Manhattan, NY 10017",source_bbl_found_in_official_nyc_data|parcel_has_multiple_unresolved_hpd_buildings,1592|805297
stabili-f11313ed-cf47-560a-9e89-d1bea7c98226,manhattan-2024-p83-r53,ambiguous,manual_review,"452–464 9th Avenue, Manhattan, NY 10018",1007590001,,,"450 9 Avenue, Manhattan, NY 10018",source_bbl_found_in_official_nyc_data|parcel_has_multiple_unresolved_hpd_buildings|primary_address_matches_6_hpd_buildings,803946|803947|803948|803949|803950|805596|805600|985771
stabili-2cca2cac-a840-5288-a46d-7ee9a971b105,manhattan-2024-p84-r18,ambiguous,manual_review,"364 West 36th Street, Manhattan, NY 10018",1007590001,,,"450 9 Avenue, Manhattan, NY 10018",source_bbl_found_in_official_nyc_data|parcel_has_multiple_unresolved_hpd_buildings,803946|803947|803948|803949|803950|805596|805600|985771
stabili-017b249d-ef7b-589c-90e4-98009bf16a7a,manhattan-2024-p84-r26,ambiguous,manual_review,"511–525 West 36th Street, Manhattan, NY 10018",1007080020,,,"515 West 36 Street, Manhattan, NY 10018",source_bbl_found_in_official_nyc_data|parcel_has_multiple_unresolved_hpd_buildings|primary_address_matches_2_hpd_buildings,32505|990511
stabili-cb2c7b40-d0e2-514b-845b-04b57456f345,manhattan-2024-p84-r45,ambiguous,manual_review,"358 West 38th Street, Manhattan, NY 10018",1007610064,,,"500 9 Avenue, Manhattan, NY 10018",source_bbl_found_in_official_nyc_data|parcel_has_multiple_unresolved_hpd_buildings,4712|805603
stabili-f98cc681-6d1d-5307-8000-b255d01e6f4b,manhattan-2024-p85-r3,ambiguous,manual_review,"302F West 40th Street, Manhattan, NY 10018",1007630043,,,"302 West 40 Street, Manhattan, NY 10018",source_bbl_found_in_official_nyc_data|parcel_has_multiple_unresolved_hpd_buildings,32807|806101
stabili-66a69268-8748-5ced-bf77-b3e10dec1751,manhattan-2024-p87-r13,ambiguous,manual_review,"443R West 49th Street, Manhattan, NY 10019",1010590010,,,"445 West 49 Street, Manhattan, NY 10019",source_bbl_found_in_official_nyc_data|parcel_has_multiple_unresolved_hpd_buildings,33759|805652|805653|806111
stabili-43639455-b693-5e79-80a3-55be29449afd,manhattan-2024-p87-r14,ambiguous,manual_review,"443F West 49th Street, Manhattan, NY 10019",1010590010,,,"445 West 49 Street, Manhattan, NY 10019",source_bbl_found_in_official_nyc_data|parcel_has_multiple_unresolved_hpd_buildings,33759|805652|805653|806111
stabili-b2b1fcdb-af71-5ffe-80bc-fac643f9e9a0,manhattan-2024-p87-r30,ambiguous,manual_review,"543 West 49th Street, Manhattan, NY 10019",1010780008,,,"541 West 49 Street, Manhattan, NY 10019",source_bbl_found_in_official_nyc_data|parcel_has_multiple_unresolved_hpd_buildings|primary_address_matches_2_hpd_buildings,33783|805655|805656|1009343
stabili-bb49166f-f970-588c-8124-83bdb1cc331e,manhattan-2024-p87-r32,ambiguous,manual_review,"545 West 49th Street, Manhattan, NY 10019",1010780008,,,"541 West 49 Street, Manhattan, NY 10019",source_bbl_found_in_official_nyc_data|parcel_has_multiple_unresolved_hpd_buildings|primary_address_matches_2_hpd_buildings,33783|805655|805656|1009343
stabili-430cda5f-b019-5704-ae7b-90a1f254e81f,manhattan-2024-p87-r42,ambiguous,manual_review,"413R West 50th Street, Manhattan, NY 10019",1010600024,,,"413 West 50 Street, Manhattan, NY 10019",source_bbl_found_in_official_nyc_data|parcel_has_multiple_unresolved_hpd_buildings,33808|805660
stabili-b75c16c5-02e5-5d47-8481-3ed502c045c9,manhattan-2024-p87-r43,ambiguous,manual_review,"413F West 50th Street, Manhattan, NY 10019",1010600024,,,"413 West 50 Street, Manhattan, NY 10019",source_bbl_found_in_official_nyc_data|parcel_has_multiple_unresolved_hpd_buildings,33808|805660
stabili-beaf20da-82ce-56a1-b49e-255f54987bbc,manhattan-2024-p87-r44,ambiguous,manual_review,"415R West 50th Street, Manhattan, NY 10019",1010600023,,,"415 West 50 Street, Manhattan, NY 10019",source_bbl_found_in_official_nyc_data|parcel_has_multiple_unresolved_hpd_buildings,33809|805661
stabili-d49e5f27-52a6-504e-ae60-99e0b37a5881,manhattan-2024-p87-r45,ambiguous,manual_review,"415F West 50th Street, Manhattan, NY 10019",1010600023,,,"415 West 50 Street, Manhattan, NY 10019",source_bbl_found_in_official_nyc_data|parcel_has_multiple_unresolved_hpd_buildings,33809|805661
stabili-d01deac7-9ae0-5c10-ab00-c6eafe7b0b6b,manhattan-2024-p88-r21,ambiguous,manual_review,"332 West 51st Street, Manhattan, NY 10019",1010410047,,,"330 West 51 Street, Manhattan, NY 10019",source_bbl_found_in_official_nyc_data|parcel_has_multiple_unresolved_hpd_buildings|primary_address_matches_2_hpd_buildings,33874|33876
stabili-e97bf1c8-f6fd-5df5-b434-9d5b6f25e9d8,manhattan-2024-p89-r45,ambiguous,manual_review,"400 West 54th Street, Manhattan, NY 10019",1010630034,,,"811 9 Avenue, Manhattan, NY 10019",source_bbl_found_in_official_nyc_data|parcel_has_multiple_unresolved_hpd_buildings,4919|803968|805686
stabili-0d0a9033-1790-51a1-822f-bbc87fcd5eef,manhattan-2024-p89-r47,ambiguous,manual_review,"403–405 West 54th Street, Manhattan, NY 10019",1010640025,,,"411 West 54 Street, Manhattan, NY 10019",source_bbl_found_in_official_nyc_data|parcel_has_multiple_unresolved_hpd_buildings|primary_address_matches_2_hpd_buildings,34080|805687|805688|805689|805690
stabili-805c1467-e301-54bd-8134-31fc6ce8ad1c,manhattan-2024-p89-r48,ambiguous,manual_review,"407–411 West 54th Street, Manhattan, NY 10019",1010640025,,,"411 West 54 Street, Manhattan, NY 10019",source_bbl_found_in_official_nyc_data|parcel_has_multiple_unresolved_hpd_buildings|primary_address_matches_3_hpd_buildings,34080|805687|805688|805689|805690
stabili-a91aea72-66bc-5f23-8ceb-f9cb678bb9cb,manhattan-2024-p91-r16,ambiguous,manual_review,"418 West 56th Street, Manhattan, NY 10019",1010650044,,,"418 West 56 Street, Manhattan, NY 10019",source_bbl_found_in_official_nyc_data|parcel_has_multiple_unresolved_hpd_buildings|primary_address_matches_2_hpd_buildings,34263|805704|805705|805706|987425
stabili-abd55845-dbc7-5220-937b-4836c955d2ed,manhattan-2024-p91-r26,ambiguous,manual_review,"500–502 West 56th Street, Manhattan, NY 10019",1010840025,,,"841 10 Avenue, Manhattan, NY 10019",source_bbl_found_in_official_nyc_data|parcel_has_multiple_unresolved_hpd_buildings,5196|932342|1016387
stabili-b9760c14-4109-57fc-afee-ab7b6aae9276,manhattan-2024-p92-r17,ambiguous,manual_review,"312 West 58th Street, Manhattan, NY 10019",1010480041,,,"314 West 58 Street, Manhattan, NY 10019",source_bbl_found_in_official_nyc_data|parcel_has_multiple_unresolved_hpd_buildings|primary_address_matches_2_hpd_buildings,34424|805711
stabili-928ee566-61d9-5ebe-8c5b-e760d7471e04,manhattan-2024-p92-r18,ambiguous,manual_review,"314 West 58th Street, Manhattan, NY 10019",1010480041,,,"314 West 58 Street, Manhattan, NY 10019",source_bbl_found_in_official_nyc_data|parcel_has_multiple_unresolved_hpd_buildings|primary_address_matches_2_hpd_buildings,34424|805711
stabili-91f80fed-c527-5e41-9190-5e2c416d7d9e,manhattan-2024-p92-r30,ambiguous,manual_review,"1103 1st Avenue, Manhattan, NY 10021",1014350026,,,"1103 1 Avenue, Manhattan, NY 10065",source_bbl_found_in_official_nyc_data|parcel_has_multiple_unresolved_hpd_buildings,35|1014397
stabili-d31e5103-939a-53a0-8cf0-46682c7c23e2,manhattan-2024-p92-r33,ambiguous,manual_review,"1286–1290 1st Avenue, Manhattan, NY 10021",1014647503,,,"1286 1 Avenue, Manhattan, NY 10021",source_bbl_found_in_official_nyc_data|parcel_has_multiple_unresolved_hpd_buildings|primary_address_matches_2_hpd_buildings,117|945659|946842
stabili-3fac0aaf-3fe7-53d3-952c-0b7b1000374b,manhattan-2024-p93-r3,ambiguous,manual_review,"1345 2nd Avenue, Manhattan, NY 10021",1014250027,,,"1345 2 Avenue, Manhattan, NY 10021",source_bbl_found_in_official_nyc_data|parcel_has_multiple_unresolved_hpd_buildings|primary_address_matches_2_hpd_buildings,831|988553
stabili-779ac341-2cd0-54fe-84b9-272a9a598c02,manhattan-2024-p95-r3,ambiguous,manual_review,"203 East 72nd Street, Manhattan, NY 10021",1014270001,,,"1251 3 Avenue, Manhattan, NY 10021",source_bbl_found_in_official_nyc_data|parcel_has_multiple_unresolved_hpd_buildings,1707|804505|805374
stabili-20edfcc0-ef8d-5ddc-942e-b4c40f8b5595,manhattan-2024-p101-r4,ambiguous,manual_review,"398 East 52nd Street, Manhattan, NY 10022",1013630047,,,"944 1 Avenue, Manhattan, NY 10022",source_bbl_found_in_official_nyc_data|parcel_has_multiple_unresolved_hpd_buildings,673|974574
stabili-1842c945-2313-5e95-b675-2b09504d59e9,manhattan-2024-p101-r6,ambiguous,manual_review,"404–415 East 52nd Street, Manhattan, NY 10022",1013640005,,,"415 East 52 Street, Manhattan, NY 10022",source_bbl_found_in_official_nyc_data|parcel_has_multiple_unresolved_hpd_buildings|primary_address_matches_2_hpd_buildings,14200|804457|882636
stabili-7e39a542-d97d-5391-b7a9-121b17bbadb7,manhattan-2024-p101-r25,ambiguous,manual_review,"400 East 53rd Street, Manhattan, NY 10022",1013640047,,,"962 1 Avenue, Manhattan, NY 10022",source_bbl_found_in_official_nyc_data|parcel_has_multiple_unresolved_hpd_buildings,685|804845
stabili-bdcd5a41-6961-584a-95cd-29c07941480a,manhattan-2024-p101-r28,ambiguous,manual_review,"232 East 54th Street, Manhattan, NY 10022",1013270033,,,"232 East 54 Street, Manhattan, NY 10022",source_bbl_found_in_official_nyc_data|parcel_has_multiple_unresolved_hpd_buildings|primary_address_matches_3_hpd_buildings,14295|973340|1000244
stabili-fce476bb-a79b-549c-b9c3-a25a93cd85d7,manhattan-2024-p101-r32,ambiguous,manual_review,"320 East 54th Street, Manhattan, NY 10022",1013467501,,,"320 East 54 Street, Manhattan, NY 10022",source_bbl_found_in_official_nyc_data|parcel_has_multiple_unresolved_hpd_buildings|primary_address_matches_2_hpd_buildings,14304|14305
stabili-f028d0b3-f985-5caa-b0df-35c7df23315f,manhattan-2024-p101-r45,ambiguous,manual_review,"141 East 55th Street, Manhattan, NY 10022",1013107501,,,"141 East 55 Street, Manhattan, NY 10022",source_bbl_found_in_official_nyc_data|parcel_has_multiple_unresolved_hpd_buildings|primary_address_matches_2_hpd_buildings,14345|14347
stabili-ef4fc09a-1e8d-5070-9133-4976b55c002e,manhattan-2024-p102-r43,ambiguous,manual_review,"32–36 East 58th Street, Manhattan, NY 10022",1012930050,,,"611 Madison Avenue, Manhattan, NY 10022",source_bbl_found_in_official_nyc_data|parcel_has_multiple_unresolved_hpd_buildings,24926|804467
stabili-493ab37c-b1b0-501f-90d1-d25b8c2623ee,manhattan-2024-p106-r19,ambiguous,manual_review,"67 West 69th Street, Manhattan, NY 10023",1011220001,,,"201 Columbus Avenue, Manhattan, NY 10023",source_bbl_found_in_official_nyc_data|parcel_has_multiple_unresolved_hpd_buildings,9723|804202|804203
stabili-78c540c9-ed57-50e0-ae8d-b166503ab3a2,manhattan-2024-p107-r32,ambiguous,manual_review,"16–18 West 71st Street, Manhattan, NY 10023",1011230042,,,"16 West 71 Street, Manhattan, NY 10023",source_bbl_found_in_official_nyc_data|parcel_has_multiple_unresolved_hpd_buildings|primary_address_matches_2_hpd_buildings,34810|805722
stabili-3bed19eb-32a6-593c-b360-b750022be4a6,manhattan-2024-p112-r40,ambiguous,manual_review,"60 West 75th Street, Manhattan, NY 10023",1011270061,,,"313 Columbus Avenue, Manhattan, NY 10023",source_bbl_found_in_official_nyc_data|parcel_has_multiple_unresolved_hpd_buildings,9741|804204
stabili-6f6dc9a5-591d-5cc4-9b1f-52b7cde5efd8,manhattan-2024-p115-r2,ambiguous,manual_review,"235 West End Avenue, Manhattan, NY 10023",1011827501,,,"235 West End Avenue, Manhattan, NY 10023",source_bbl_found_in_official_nyc_data|parcel_has_multiple_unresolved_hpd_buildings|primary_address_matches_2_hpd_buildings,43951|806021
stabili-5692d9ab-4f80-549b-89c8-831ddaa4b395,manhattan-2024-p115-r55,ambiguous,manual_review,"2345 Broadway, Manhattan, NY 10024",1012330011,,,"2341 Broadway, Manhattan, NY 10024",source_bbl_found_in_official_nyc_data|parcel_has_multiple_unresolved_hpd_buildings|primary_address_matches_2_hpd_buildings,7795|806132
stabili-59e6154d-1c7e-5d2a-ba41-51bea5edd28d,manhattan-2024-p118-r37,ambiguous,manual_review,"200 West 80th Street, Manhattan, NY 10024",1012270036,,,"416 Amsterdam Avenue, Manhattan, NY 10024",source_bbl_found_in_official_nyc_data|parcel_has_multiple_unresolved_hpd_buildings,5917|1003644
stabili-0d794f5e-ef4d-524c-8724-a2abdfc52777,manhattan-2024-p119-r33,ambiguous,manual_review,"23 West 82nd Street, Manhattan, NY 10024",1011960019,,,"23 West 82 Street, Manhattan, NY 10024",source_bbl_found_in_official_nyc_data|parcel_has_multiple_unresolved_hpd_buildings|primary_address_matches_2_hpd_buildings,35945|805742
stabili-2a1118a2-0dfc-5871-9a17-4508feeadf62,manhattan-2024-p120-r34,ambiguous,manual_review,"100 West 83rd Street, Manhattan, NY 10024",1012130035,,,"474 Columbus Avenue, Manhattan, NY 10024",source_bbl_found_in_official_nyc_data|parcel_has_multiple_unresolved_hpd_buildings,9776|9778
stabili-5f381e6c-9ca7-557c-b2c5-f525ea88becf,manhattan-2024-p121-r10,ambiguous,manual_review,"20 West 84th Street, Manhattan, NY 10024",1011977501,,,"20 West 84 Street, Manhattan, NY 10024",source_bbl_found_in_official_nyc_data|parcel_has_multiple_unresolved_hpd_buildings|primary_address_matches_2_hpd_buildings,36094|36095
stabili-1f7910ee-7507-5feb-bb73-ec48a94947fc,manhattan-2024-p124-r7,ambiguous,manual_review,"100 West 87th Street, Manhattan, NY 10024",1012170035,,,"101 West 86 Street, Manhattan, NY 10024",source_bbl_found_in_official_nyc_data|parcel_has_multiple_unresolved_hpd_buildings,36312|804206
stabili-45cb8e1f-d4d9-5c05-adb0-351d308db6d8,manhattan-2024-p124-r23,ambiguous,manual_review,"207 West 87th Street, Manhattan, NY 10024",1012350023,,,"209 West 87 Street, Manhattan, NY 10024",source_bbl_found_in_official_nyc_data|parcel_has_multiple_unresolved_hpd_buildings|primary_address_matches_2_hpd_buildings,36456|805756
stabili-62125c91-f559-5a60-8526-dc0ef0bdb01b,manhattan-2024-p126-r39,ambiguous,manual_review,"101 West 90th Street, Manhattan, NY 10024",1012210029,,,"620 Columbus Avenue, Manhattan, NY 10024",source_bbl_found_in_official_nyc_data|parcel_has_multiple_unresolved_hpd_buildings,9799|975699
stabili-5e676baf-91d2-5299-9276-9a75c314a0a1,manhattan-2024-p127-r29,ambiguous,manual_review,"441–451 West End Avenue, Manhattan, NY 10024",1012440072,,,"441 West End Avenue, Manhattan, NY 10024",source_bbl_found_in_official_nyc_data|parcel_has_multiple_unresolved_hpd_buildings|primary_address_matches_2_hpd_buildings,44017|806022
stabili-0c6a4bee-4f44-5da9-8b5e-04326e76eaa8,manhattan-2024-p129-r41,ambiguous,manual_review,"730 Columbus Avenue, Manhattan, NY 10025",1012260029,,,"720 Columbus Avenue, Manhattan, NY 10025",source_bbl_found_in_official_nyc_data|parcel_has_multiple_unresolved_hpd_buildings|primary_address_matches_2_hpd_buildings,9807|804207
stabili-eda76b22-1dff-5996-a9e3-e90750542f20,manhattan-2024-p135-r25,ambiguous,manual_review,"67 West 108th Street, Manhattan, NY 10025",1018440005,,,"71 West 108 Street, Manhattan, NY 10025",source_bbl_found_in_official_nyc_data|parcel_has_multiple_unresolved_hpd_buildings|primary_address_matches_2_hpd_buildings,37764|805824|805825|805826
stabili-7fd21cfe-a24c-57e6-80ca-bc2891cf2426,manhattan-2024-p135-r54,ambiguous,manual_review,"68–70 West 109th Street, Manhattan, NY 10025",1018440058,,,"66 West 109 Street, Manhattan, NY 10025",source_bbl_found_in_official_nyc_data|parcel_has_multiple_unresolved_hpd_buildings|primary_address_matches_2_hpd_buildings,37824|805839
stabili-4f2922ed-8df0-56e9-9926-ed3a464a7689,manhattan-2024-p136-r7,ambiguous,manual_review,"126–130 West 109th Street, Manhattan, NY 10025",1018630049,,,"126 West 109 Street, Manhattan, NY 10025",source_bbl_found_in_official_nyc_data|parcel_has_multiple_unresolved_hpd_buildings|primary_address_matches_3_hpd_buildings,37776|805833|805834
stabili-d5c3168e-deae-548d-b545-3419ccf79d16,manhattan-2024-p137-r42,ambiguous,manual_review,"175 West 92nd Street, Manhattan, NY 10025",1012237501,,,"661 Amsterdam Avenue, Manhattan, NY 10025",source_bbl_found_in_official_nyc_data|parcel_has_multiple_unresolved_hpd_buildings,6007|805794
stabili-05b76096-abaa-5311-85f8-e5673e925be7,manhattan-2024-p137-r47,ambiguous,manual_review,"251 West 92nd Street, Manhattan, NY 10025",1012400010,,,"2481 Broadway, Manhattan, NY 10025",source_bbl_found_in_official_nyc_data|parcel_has_multiple_unresolved_hpd_buildings,7821|987880
stabili-9c4d4ed8-f9d8-59b2-a5ad-a4f79b914acf,manhattan-2024-p138-r6,ambiguous,manual_review,"124 West 93rd Street, Manhattan, NY 10025",1012237502,,,"124 West 93 Street, Manhattan, NY 10025",source_bbl_found_in_official_nyc_data|parcel_has_multiple_unresolved_hpd_buildings|primary_address_matches_2_hpd_buildings,36988|36990
stabili-df0c7368-97cb-5cd4-baff-afd009484a6f,manhattan-2024-p139-r45,ambiguous,manual_review,"120–178 West 97th Street, Manhattan, NY 10025",1018510008,,,"122 West 97 Street, Manhattan, NY 10025",source_bbl_found_in_official_nyc_data|parcel_has_multiple_unresolved_hpd_buildings|primary_address_matches_2_hpd_buildings,37254|805808|987092|987184
stabili-78ed114f-02da-5c07-aa14-d9bedd923995,manhattan-2024-p141-r32,ambiguous,manual_review,"1845 7th Avenue, Manhattan, NY 10026",1018227502,,,"1845 Adam C Powell Blvd, Manhattan, NY 10026",source_bbl_found_in_official_nyc_data|parcel_has_multiple_unresolved_hpd_buildings,3376|3378
stabili-636bff74-cee6-53b8-8634-b11b64d648d0,manhattan-2024-p141-r33,ambiguous,manual_review,"1849–1851 7th Avenue, Manhattan, NY 10026",1018227502,,,"1845 Adam C Powell Blvd, Manhattan, NY 10026",source_bbl_found_in_official_nyc_data|parcel_has_multiple_unresolved_hpd_buildings,3376|3378
stabili-7b44cbf3-1994-5cf2-94c1-72938528d0aa,manhattan-2024-p141-r39,ambiguous,manual_review,"1902 7th Avenue, Manhattan, NY 10026",1018310029,,,"1902 Adam C Powell Blvd, Manhattan, NY 10026",source_bbl_found_in_official_nyc_data|parcel_has_multiple_unresolved_hpd_buildings,3391|1019695
stabili-cfb1fe7f-4197-52ce-be61-bc7be4724bb6,manhattan-2024-p141-r43,ambiguous,manual_review,"1962 7th Avenue, Manhattan, NY 10026",1019240027,,,"203 West 118 Street, Manhattan, NY 10026",source_bbl_found_in_official_nyc_data|parcel_has_multiple_unresolved_hpd_buildings,38553|803865|803866
stabili-d7f95ca3-37b5-594c-81ef-fa1e954d6d6b,manhattan-2024-p142-r16,ambiguous,manual_review,"2211 8th Avenue, Manhattan, NY 10026",1019460029,,,"2211 8 Avenue, Manhattan, NY 10026",source_bbl_found_in_official_nyc_data|parcel_has_multiple_unresolved_hpd_buildings,3993|803900
stabili-4ccd05f5-08c4-53c7-ba0e-e51c488c99e4,manhattan-2024-p142-r19,ambiguous,manual_review,"2217–2223 8th Avenue, Manhattan, NY 10026",1019460029,,,"2211 8 Avenue, Manhattan, NY 10026",source_bbl_found_in_official_nyc_data|parcel_has_multiple_unresolved_hpd_buildings,3993|803900
stabili-78b1f448-6e84-5f72-8771-f94fb9d6b353,manhattan-2024-p142-r21,ambiguous,manual_review,"2222 8th Avenue, Manhattan, NY 10026",1019250061,,,"2222 Fredrick Douglass Bl, Manhattan, NY 10026",source_bbl_found_in_official_nyc_data|parcel_has_multiple_unresolved_hpd_buildings,3998|837977
stabili-3b33131a-2146-599e-82bd-0c4cf55aed39,manhattan-2024-p142-r31,ambiguous,manual_review,"45 Lenox Avenue, Manhattan, NY 10026",1018220029,,,"45 Lenox Avenue, Manhattan, NY 10026",source_bbl_found_in_official_nyc_data|parcel_has_multiple_unresolved_hpd_buildings,23612|955242
stabili-914c859c-8f35-5aa3-8f4f-a560bea3a5b9,manhattan-2024-p143-r22,ambiguous,manual_review,"174 Saint Nicholas Avenue, Manhattan, NY 10026",1019240021,,,"208 West 119 Street, Manhattan, NY 10026",source_bbl_found_in_official_nyc_data|parcel_has_multiple_unresolved_hpd_buildings,28045|805327
stabili-a5c41c45-efd9-53de-a0dd-64cee9bbbd9c,manhattan-2024-p143-r23,ambiguous,manual_review,"187–197 Saint Nicholas Avenue, Manhattan, NY 10026",1019257501,,,"2216 Fredrick Douglass Bl, Manhattan, NY 10026",source_bbl_found_in_official_nyc_data|parcel_has_multiple_unresolved_hpd_buildings,838863|838893
stabili-d9c2f15d-0921-5ee4-aef6-d0ca62986541,manhattan-2024-p143-r29,ambiguous,manual_review,"223–227 West 110th Street, Manhattan, NY 10026",1018260013,,,"225 Central Park North, Manhattan, NY 10026",source_bbl_found_in_official_nyc_data|parcel_has_multiple_unresolved_hpd_buildings,9051|994261|1014860|1018829|1019491
stabili-a13b9ea0-5ac3-5107-afcc-398f7dfe96fe,manhattan-2024-p143-r52,ambiguous,manual_review,"150–152 West 111th Street, Manhattan, NY 10026",1018200058,,,"150 West 111 Street, Manhattan, NY 10026",source_bbl_found_in_official_nyc_data|parcel_has_multiple_unresolved_hpd_buildings|primary_address_matches_3_hpd_buildings,37860|835583|886351
stabili-c6702b47-edc3-59bc-b678-4143fa451eef,manhattan-2024-p144-r21,ambiguous,manual_review,"132 West 112th Street, Manhattan, NY 10026",1018210055,,,"132 West 112 Street, Manhattan, NY 10026",source_bbl_found_in_official_nyc_data|parcel_has_multiple_unresolved_hpd_buildings|primary_address_matches_2_hpd_buildings,37918|871449
stabili-1dfb3d37-3468-5481-a245-db7c31abca9a,manhattan-2024-p144-r31,ambiguous,manual_review,"300 West 112th Street, Manhattan, NY 10026",1018460048,,,"300 West 112 Street, Manhattan, NY 10026",source_bbl_found_in_official_nyc_data|parcel_has_multiple_unresolved_hpd_buildings,3906|3907
stabili-aee7726d-0515-5d3a-a14d-061b0a9205ab,manhattan-2024-p144-r37,ambiguous,manual_review,"312 West 112th Street, Manhattan, NY 10026",1018460055,,,"312 West 112 Street, Manhattan, NY 10026",source_bbl_found_in_official_nyc_data|parcel_has_multiple_unresolved_hpd_buildings|primary_address_matches_3_hpd_buildings,37967|837777|927117
stabili-aa784d59-4fd2-5b7a-b9b1-734428860ac6,manhattan-2024-p145-r37,ambiguous,manual_review,"215 West 115th Street, Manhattan, NY 10026",1018310021,,,"215 West 115 Street, Manhattan, NY 10026",source_bbl_found_in_official_nyc_data|parcel_has_multiple_unresolved_hpd_buildings|primary_address_matches_2_hpd_buildings,38229|928028
stabili-b57abd9f-d372-5cb5-a942-0e896d530cdf,manhattan-2024-p145-r53,ambiguous,manual_review,"314 West 115th Street, Manhattan, NY 10026",1018480025,,,"314 West 115 Street, Manhattan, NY 10026",source_bbl_found_in_official_nyc_data|parcel_has_multiple_unresolved_hpd_buildings|primary_address_matches_2_hpd_buildings,38264|898483
stabili-54c9f5f4-d354-5a3f-bf6f-f09b7dfe8368,manhattan-2024-p146-r8,ambiguous,manual_review,"116 West 116th Street, Manhattan, NY 10026",1018250043,,,"116 West 116 Street, Manhattan, NY 10026",source_bbl_found_in_official_nyc_data|parcel_has_multiple_unresolved_hpd_buildings|primary_address_matches_2_hpd_buildings,38310|933417
stabili-28612cbb-9290-54a2-9a89-ae10b7bc0119,manhattan-2024-p146-r18,ambiguous,manual_review,"143–145 West 116th Street, Manhattan, NY 10026",1019010009,,,"143 West 116 Street, Manhattan, NY 10026",source_bbl_found_in_official_nyc_data|parcel_has_multiple_unresolved_hpd_buildings|primary_address_matches_2_hpd_buildings,38326|1018963
stabili-cccf7fc9-bdab-5dd5-971e-3b804fd882c6,manhattan-2024-p146-r26,ambiguous,manual_review,"228 West 116th Street, Manhattan, NY 10026",1018310047,,,"228 West 116 Street, Manhattan, NY 10026",source_bbl_found_in_official_nyc_data|parcel_has_multiple_unresolved_hpd_buildings|primary_address_matches_3_hpd_buildings,38340|938140|969720
stabili-edf6756e-a824-52d1-8563-f7dc730a9baf,manhattan-2024-p146-r31,ambiguous,manual_review,"246 West 116th Street, Manhattan, NY 10026",1018310056,,,"246 West 116 Street, Manhattan, NY 10026",source_bbl_found_in_official_nyc_data|parcel_has_multiple_unresolved_hpd_buildings|primary_address_matches_2_hpd_buildings,38350|881106
stabili-7e4052c3-87c9-5243-b17e-e81727723cf0,manhattan-2024-p146-r32,ambiguous,manual_review,"247–253 West 116th Street, Manhattan, NY 10026",1019220006,,,"251 West 116 Street, Manhattan, NY 10026",source_bbl_found_in_official_nyc_data|parcel_has_multiple_unresolved_hpd_buildings|primary_address_matches_3_hpd_buildings,38353|805868|805870
stabili-07912dfa-8e9f-55c1-9371-220b9d77943d,manhattan-2024-p147-r7,ambiguous,manual_review,"274 West 117th Street, Manhattan, NY 10026",1019220058,,,"274 West 117 Street, Manhattan, NY 10026",source_bbl_found_in_official_nyc_data|parcel_has_multiple_unresolved_hpd_buildings|primary_address_matches_2_hpd_buildings,38475|928029
stabili-3f64a7e3-aaf7-56f1-82ba-9f36098fb7be,manhattan-2024-p147-r13,ambiguous,manual_review,"303–311 West 117th Street, Manhattan, NY 10026",1019440024,,,"303 West 117 Street, Manhattan, NY 10026",source_bbl_found_in_official_nyc_data|parcel_has_multiple_unresolved_hpd_buildings|primary_address_matches_2_hpd_buildings,38483|805879
stabili-2fc465b9-3035-5791-9cdd-a5114e74bfc8,manhattan-2024-p147-r18,ambiguous,manual_review,"11 West 118th Street, Manhattan, NY 10026",1017170028,,,"11 West 118 Street, Manhattan, NY 10026",source_bbl_found_in_official_nyc_data|parcel_has_multiple_unresolved_hpd_buildings|primary_address_matches_2_hpd_buildings,38512|985501
stabili-335da185-a923-580e-822d-70c8bf5bd099,manhattan-2024-p148-r16,ambiguous,manual_review,"200 West 119th Street, Manhattan, NY 10026",1019240036,,,"200 West 119 Street, Manhattan, NY 10026",source_bbl_found_in_official_nyc_data|parcel_has_multiple_unresolved_hpd_buildings,3411|998427
stabili-af471eb1-0abf-5e9f-8c1b-7b7dfa2d5214,manhattan-2024-p148-r24,ambiguous,manual_review,"281 West 119th Street, Manhattan, NY 10026",1019250001,,,"2210 Fredrick Douglass Bl, Manhattan, NY 10026",source_bbl_found_in_official_nyc_data|parcel_has_multiple_unresolved_hpd_buildings,3992|38699
stabili-1aed4a18-9749-5808-b8b8-04013ba92d5e,manhattan-2024-p148-r33,ambiguous,manual_review,"2054 7th Avenue, Manhattan, NY 10027",1019280034,,,"2054 Adam C Powell Blvd, Manhattan, NY 10027",source_bbl_found_in_official_nyc_data|parcel_has_multiple_unresolved_hpd_buildings,3445|803875
stabili-ea1bebd5-ddec-584d-af60-05386cd6016b,manhattan-2024-p148-r36,ambiguous,manual_review,"2139 7th Avenue, Manhattan, NY 10027",1019110061,,,"2139 Adam C Powell Blvd, Manhattan, NY 10027",source_bbl_found_in_official_nyc_data|parcel_has_multiple_unresolved_hpd_buildings,3466|927150|992651
stabili-4f869103-63ce-5637-8097-6a5c0ce06872,manhattan-2024-p148-r43,ambiguous,manual_review,"2232 7th Avenue, Manhattan, NY 10027",1019370036,,,"2232 Adam C Powell Blvd, Manhattan, NY 10027",source_bbl_found_in_official_nyc_data|parcel_has_multiple_unresolved_hpd_buildings,3490|803878|803879|803880|803881
stabili-22c9261a-344e-53c1-9517-f79021ad46d1,manhattan-2024-p148-r44,ambiguous,manual_review,"2234 7th Avenue, Manhattan, NY 10027",1019370036,,,"2232 Adam C Powell Blvd, Manhattan, NY 10027",source_bbl_found_in_official_nyc_data|parcel_has_multiple_unresolved_hpd_buildings,3490|803878|803879|803880|803881
stabili-ddec4e34-a685-597e-a8e8-a25759ab793d,manhattan-2024-p148-r45,ambiguous,manual_review,"2236 7th Avenue, Manhattan, NY 10027",1019370036,,,"2232 Adam C Powell Blvd, Manhattan, NY 10027",source_bbl_found_in_official_nyc_data|parcel_has_multiple_unresolved_hpd_buildings,3490|803878|803879|803880|803881
stabili-eec65673-bbb1-57bb-858f-5dfc53aecdf0,manhattan-2024-p148-r46,ambiguous,manual_review,"2238 7th Avenue, Manhattan, NY 10027",1019370036,,,"2232 Adam C Powell Blvd, Manhattan, NY 10027",source_bbl_found_in_official_nyc_data|parcel_has_multiple_unresolved_hpd_buildings,3490|803878|803879|803880|803881
stabili-a2371871-0a72-58f9-bf7e-17081a6e6bfe,manhattan-2024-p148-r47,ambiguous,manual_review,"2240 7th Avenue, Manhattan, NY 10027",1019370036,,,"2232 Adam C Powell Blvd, Manhattan, NY 10027",source_bbl_found_in_official_nyc_data|parcel_has_multiple_unresolved_hpd_buildings,3490|803878|803879|803880|803881
stabili-a0850921-9ff6-5c9d-bedb-476442f30d4b,manhattan-2024-p148-r48,ambiguous,manual_review,"2245 7th Avenue, Manhattan, NY 10027",1019170001,,,"2245 Adam C Powell Blvd, Manhattan, NY 10027",source_bbl_found_in_official_nyc_data|parcel_has_multiple_unresolved_hpd_buildings,3493|986378
stabili-eb378f92-a4db-501d-8456-ee223b08b0b0,manhattan-2024-p148-r50,ambiguous,manual_review,"2247 7th Avenue, Manhattan, NY 10027",1019170002,,,"2247 Adam C Powell Blvd, Manhattan, NY 10027",source_bbl_found_in_official_nyc_data|parcel_has_multiple_unresolved_hpd_buildings,3495|3497
stabili-ad62db18-007e-53c9-a697-1fa0830bc328,manhattan-2024-p149-r5,ambiguous,manual_review,"2355 8th Avenue, Manhattan, NY 10027",1019530031,,,"2355 Fredrick Douglass Bl, Manhattan, NY 10027",source_bbl_found_in_official_nyc_data|parcel_has_multiple_unresolved_hpd_buildings,4035|832605|844917
stabili-a9683bd3-b4d1-5ae6-b2e3-6056ffda31be,manhattan-2024-p149-r9,ambiguous,manual_review,"2411 8th Avenue, Manhattan, NY 10027",1019550026,,,"2411 Fredrick Douglass Bl, Manhattan, NY 10027",source_bbl_found_in_official_nyc_data|parcel_has_multiple_unresolved_hpd_buildings,28109|803906
stabili-c2f52b81-f21f-5f0e-bf44-7c9754edc603,manhattan-2024-p149-r15,ambiguous,manual_review,"2470 8th Avenue, Manhattan, NY 10027",1019380001,,,"2470 8 Avenue, Manhattan, NY 10027",source_bbl_found_in_official_nyc_data|parcel_has_multiple_unresolved_hpd_buildings,4069|803908|803911
stabili-61d2c28b-f4a2-5412-84d8-18fcf9d79470,manhattan-2024-p149-r17,ambiguous,manual_review,"2474 8th Avenue, Manhattan, NY 10027",1019380001,,,"2470 8 Avenue, Manhattan, NY 10027",source_bbl_found_in_official_nyc_data|parcel_has_multiple_unresolved_hpd_buildings,4069|803908|803911
stabili-5ac72d39-45b1-505a-b3bf-2b5e0d7a3cbf,manhattan-2024-p149-r19,ambiguous,manual_review,"2480 8th Avenue, Manhattan, NY 10027",1019380001,,,"2470 8 Avenue, Manhattan, NY 10027",source_bbl_found_in_official_nyc_data|parcel_has_multiple_unresolved_hpd_buildings,4069|803908|803911
stabili-58b5b27a-d4e0-5265-8fa6-1047fbf800b4,manhattan-2024-p150-r22,ambiguous,manual_review,"2272 Frederick Douglass Boulevard, Manhattan, NY 10027",1019270061,,,"2272 Fredrick Douglass Bl, Manhattan, NY 10027",source_bbl_found_in_official_nyc_data|parcel_has_multiple_unresolved_hpd_buildings|primary_address_matches_2_hpd_buildings,4007|944575
stabili-fa08a29b-d08d-5e8e-b152-fd1542412250,manhattan-2024-p151-r16,ambiguous,manual_review,"173 Morningside Avenue, Manhattan, NY 10027",1019530062,,,"173 Morningside Avenue, Manhattan, NY 10027",source_bbl_found_in_official_nyc_data|parcel_has_multiple_unresolved_hpd_buildings|primary_address_matches_2_hpd_buildings,25535|996243
stabili-a3361d83-b909-525d-b1a8-53356dfd7260,manhattan-2024-p151-r35,ambiguous,manual_review,"35 Saint Nicholas Terrace, Manhattan, NY 10027",1019680044,,,"35 St Nicholas Terrace, Manhattan, NY 10027",source_bbl_found_in_official_nyc_data|parcel_has_multiple_unresolved_hpd_buildings,28350|1015906
stabili-0a6916ff-0661-50e4-9a16-5bdb90000932,manhattan-2024-p151-r42,ambiguous,manual_review,"220 Saint Nicholas Avenue, Manhattan, NY 10027",1019270001,,,"273 West 121 Street, Manhattan, NY 10027",source_bbl_found_in_official_nyc_data|parcel_has_multiple_unresolved_hpd_buildings,28074|952225
stabili-ebe92a20-9e7b-580e-9cf6-89939737fbe8,manhattan-2024-p151-r46,ambiguous,manual_review,"301 Saint Nicholas Avenue, Manhattan, NY 10027",1019520011,,,"351 West 125 Street, Manhattan, NY 10027",source_bbl_found_in_official_nyc_data|parcel_has_multiple_unresolved_hpd_buildings,39506|1000356
stabili-1814a336-4ed0-562b-95d2-31dc9e07abc0,manhattan-2024-p151-r52,ambiguous,manual_review,"380–400 Saint Nicholas Avenue, Manhattan, NY 10027",1019550026,,,"2411 Fredrick Douglass Bl, Manhattan, NY 10027",source_bbl_found_in_official_nyc_data|parcel_has_multiple_unresolved_hpd_buildings,28109|803906
stabili-cb5e4191-d054-560f-83a3-dfc45be7b5aa,manhattan-2024-p151-r53,ambiguous,manual_review,"410 Saint Nicholas Avenue, Manhattan, NY 10027",1019580001,,,"410 St Nicholas Avenue, Manhattan, NY 10027",source_bbl_found_in_official_nyc_data|parcel_has_multiple_unresolved_hpd_buildings,28110|805925
stabili-2d0b9699-91d1-527c-8166-db02fa63a1ba,manhattan-2024-p152-r38,ambiguous,manual_review,"268 West 120th Street, Manhattan, NY 10027",1019250061,,,"2222 Fredrick Douglass Bl, Manhattan, NY 10026",source_bbl_found_in_official_nyc_data|parcel_has_multiple_unresolved_hpd_buildings,3998|837977
stabili-1c9ae6c5-3e95-5361-bb60-9b1ed19843d0,manhattan-2024-p152-r56,ambiguous,manual_review,"229 West 121st Street, Manhattan, NY 10027",1019270015,,,"231 West 121 Street, Manhattan, NY 10027",source_bbl_found_in_official_nyc_data|parcel_has_multiple_unresolved_hpd_buildings|primary_address_matches_2_hpd_buildings,38995|38996
stabili-a800c906-8cd3-5390-9d3e-f8ee7e80fbd8,manhattan-2024-p153-r56,ambiguous,manual_review,"110 West 123rd Street, Manhattan, NY 10027",1019070040,,,"110 West 123 Street, Manhattan, NY 10027",source_bbl_found_in_official_nyc_data|parcel_has_multiple_unresolved_hpd_buildings|primary_address_matches_2_hpd_buildings,39233|1004683
stabili-87c00bd1-faba-57f8-ad5f-cbe503c44781,manhattan-2024-p154-r34,ambiguous,manual_review,"224 West 124th Street, Manhattan, NY 10027",1019290057,,,"224 West 124 Street, Manhattan, NY 10027",source_bbl_found_in_official_nyc_data|parcel_has_multiple_unresolved_hpd_buildings|primary_address_matches_2_hpd_buildings,39425|806044|806045|948035|1014724
stabili-157c72f1-9d83-594d-8be7-a3f997c3375d,manhattan-2024-p155-r2,ambiguous,manual_review,"40 West 126th Street, Manhattan, NY 10027",1017230153,,,"40 West 126 Street, Manhattan, NY 10027",source_bbl_found_in_official_nyc_data|parcel_has_multiple_unresolved_hpd_buildings|primary_address_matches_2_hpd_buildings,39674|955192
stabili-1ec98617-8500-56ae-9dac-d5af062c9844,manhattan-2024-p155-r4,ambiguous,manual_review,"53 West 126th Street, Manhattan, NY 10027",1017240014,,,"53 West 126 Street, Manhattan, NY 10027",source_bbl_found_in_official_nyc_data|parcel_has_multiple_unresolved_hpd_buildings|primary_address_matches_2_hpd_buildings,39719|946857
stabili-767af203-209a-5ef3-9ea2-38d5960f86d1,manhattan-2024-p156-r20,ambiguous,manual_review,"100 West 128th Street, Manhattan, NY 10027",1019120033,,,"349 Lenox Avenue, Manhattan, NY 10027",source_bbl_found_in_official_nyc_data|parcel_has_multiple_unresolved_hpd_buildings,23553|23560|994802
stabili-b140d88a-fd78-5fad-a3d2-524d5726613e,manhattan-2024-p156-r32,ambiguous,manual_review,"306 West 128th Street, Manhattan, NY 10027",1019540038,,,"306 West 128 Street, Manhattan, NY 10027",source_bbl_found_in_official_nyc_data|parcel_has_multiple_unresolved_hpd_buildings|primary_address_matches_2_hpd_buildings,39944|927234
stabili-12a8276f-476e-5e4a-8097-562f11353914,manhattan-2024-p157-r6,ambiguous,manual_review,"110 West 129th Street, Manhattan, NY 10027",1019130038,,,"110 West 129 Street, Manhattan, NY 10027",source_bbl_found_in_official_nyc_data|parcel_has_multiple_unresolved_hpd_buildings|primary_address_matches_2_hpd_buildings,40002|965524
stabili-34833991-2582-5973-894a-0413c49ee33a,manhattan-2024-p157-r9,ambiguous,manual_review,"116–120 West 129th Street, Manhattan, NY 10027",1019130040,,,"116 West 129 Street, Manhattan, NY 10027",source_bbl_found_in_official_nyc_data|parcel_has_multiple_unresolved_hpd_buildings|primary_address_matches_2_hpd_buildings,40005|806050
stabili-d4af55c9-f58a-5307-8493-8fad583fb020,manhattan-2024-p157-r18,ambiguous,manual_review,"166–170 West 129th Street, Manhattan, NY 10027",1019130061,,,"2167 Adam C Powell Blvd, Manhattan, NY 10027",source_bbl_found_in_official_nyc_data|parcel_has_multiple_unresolved_hpd_buildings,3473|966530
stabili-a737309c-2710-5a4b-bd68-f79e0ecef5eb,manhattan-2024-p157-r47,ambiguous,manual_review,"273 West 131st Street, Manhattan, NY 10027",1019370001,,,"273 West 131St Street, Manhattan, NY 10027",source_bbl_found_in_official_nyc_data|parcel_has_multiple_unresolved_hpd_buildings,4059|975368
stabili-41ab02dd-7978-5ede-9f41-e4c2079bca99,manhattan-2024-p159-r8,ambiguous,manual_review,"104–106 East 81st Street, Manhattan, NY 10028",1015090066,,,"104 East 81 Street, Manhattan, NY 10028",source_bbl_found_in_official_nyc_data|parcel_has_multiple_unresolved_hpd_buildings|primary_address_matches_2_hpd_buildings,16875|804528
stabili-274213c9-127e-5b07-a400-ddf3b4828722,manhattan-2024-p161-r45,ambiguous,manual_review,"444 East 82nd Street, Manhattan, NY 10028",1015610021,,,"1533 York Avenue, Manhattan, NY 10028",source_bbl_found_in_official_nyc_data|parcel_has_multiple_unresolved_hpd_buildings,44459|983768
stabili-26e75272-f182-5c55-ba0f-b943dee03e07,manhattan-2024-p164-r27,ambiguous,manual_review,"324–326 East 84th Street, Manhattan, NY 10028",1015460041,,,"324 East 84 Street, Manhattan, NY 10028",source_bbl_found_in_official_nyc_data|parcel_has_multiple_unresolved_hpd_buildings|primary_address_matches_2_hpd_buildings,17430|804551
stabili-29bc41f1-a811-5c8f-b778-f48f7215d28b,manhattan-2024-p166-r21,ambiguous,manual_review,"305–329 East 86th Street, Manhattan, NY 10028",1015490001,,,"1660 2 Avenue, Manhattan, NY 10028",source_bbl_found_in_official_nyc_data|parcel_has_multiple_unresolved_hpd_buildings,1006|1021790
stabili-0efe1fd6-3b1b-5d96-8e4b-dddf67e0a854,manhattan-2024-p166-r38,ambiguous,manual_review,"511–515 East 86th Street, Manhattan, NY 10028",1015830006,,,"511 East 86 Street, Manhattan, NY 10028",source_bbl_found_in_official_nyc_data|parcel_has_multiple_unresolved_hpd_buildings|primary_address_matches_2_hpd_buildings,17707|979623
stabili-2987c201-4576-537f-8a5a-d9929a60dde7,manhattan-2024-p166-r56,ambiguous,manual_review,"1264 Lexington Avenue, Manhattan, NY 10028",1015140016,,,"131 East 85 Street, Manhattan, NY 10028",source_bbl_found_in_official_nyc_data|parcel_has_multiple_unresolved_hpd_buildings,17518|1019812
stabili-f7103c10-dbc6-51e5-b240-1061aaae0db3,manhattan-2024-p168-r36,ambiguous,manual_review,"2167 2nd Avenue, Manhattan, NY 10029",1016610024,,,"2167 2 Avenue, Manhattan, NY 10029",source_bbl_found_in_official_nyc_data|parcel_has_multiple_unresolved_hpd_buildings|primary_address_matches_2_hpd_buildings,1228|933463
stabili-e67de9ba-7d28-55aa-9a38-7d0c6cfba7df,manhattan-2024-p169-r52,ambiguous,manual_review,"313–315 East 102nd Street, Manhattan, NY 10029",1016740010,,,"315 East 102 Street, Manhattan, NY 10029",source_bbl_found_in_official_nyc_data|parcel_has_multiple_unresolved_hpd_buildings|primary_address_matches_2_hpd_buildings,18902|938864
stabili-237fb467-f9ad-5a70-9800-1fd3d8f27c11,manhattan-2024-p171-r3,ambiguous,manual_review,"235–237 East 105th Street, Manhattan, NY 10029",1016550015,,,"235 East 105 Street, Manhattan, NY 10029",source_bbl_found_in_official_nyc_data|parcel_has_multiple_unresolved_hpd_buildings|primary_address_matches_3_hpd_buildings,19051|823257|966644
stabili-387a50a4-8c0f-52d5-9586-f6b28199546a,manhattan-2024-p172-r19,ambiguous,manual_review,"155 East 109th Street, Manhattan, NY 10029",1016370023,,,"155 East 109 Street, Manhattan, NY 10029",source_bbl_found_in_official_nyc_data|parcel_has_multiple_unresolved_hpd_buildings|primary_address_matches_2_hpd_buildings,19203|887851
stabili-13053911-a307-5a53-bc57-2754b0bae253,manhattan-2024-p172-r55,ambiguous,manual_review,"202–204 East 110th Street, Manhattan, NY 10029",1016590144,,,"204 East 110 Street, Manhattan, NY 10029",source_bbl_found_in_official_nyc_data|parcel_has_multiple_unresolved_hpd_buildings|primary_address_matches_2_hpd_buildings,19302|913697
stabili-9de06335-cc07-54ea-bae4-e2fd7558a851,manhattan-2024-p173-r18,ambiguous,manual_review,"169 East 111th Street, Manhattan, NY 10029",1016390028,,,"169 East 111 Street, Manhattan, NY 10029",source_bbl_found_in_official_nyc_data|parcel_has_multiple_unresolved_hpd_buildings|primary_address_matches_2_hpd_buildings,19364|887842
stabili-bf0ddc48-696a-52c9-a3f9-9f290943daab,manhattan-2024-p173-r42,ambiguous,manual_review,"315 East 111th Street, Manhattan, NY 10029",1016830010,,,"315 East 111 Street, Manhattan, NY 10029",source_bbl_found_in_official_nyc_data|parcel_has_multiple_unresolved_hpd_buildings|primary_address_matches_2_hpd_buildings,19413|887856
stabili-30084d14-d72a-5be1-894e-bef626722286,manhattan-2024-p173-r44,ambiguous,manual_review,"138–142 East 112th Street, Manhattan, NY 10029",1016390057,,,"138 East 112 Street, Manhattan, NY 10029",source_bbl_found_in_official_nyc_data|parcel_has_multiple_unresolved_hpd_buildings|primary_address_matches_2_hpd_buildings,19433|869158
stabili-f66aaf78-319f-59d8-9c13-ec8dd2129525,manhattan-2024-p174-r36,ambiguous,manual_review,"325 East 115th Street, Manhattan, NY 10029",1016870014,,,"325 East 115 Street, Manhattan, NY 10029",source_bbl_found_in_official_nyc_data|parcel_has_multiple_unresolved_hpd_buildings|primary_address_matches_2_hpd_buildings,19556|855782
stabili-7a9184c0-0488-59a8-a818-06e660900b06,manhattan-2024-p177-r37,ambiguous,manual_review,"1663 Madison Avenue, Manhattan, NY 10029",1016160051,,,"1663 Madison Avenue, Manhattan, NY 10029",source_bbl_found_in_official_nyc_data|parcel_has_multiple_unresolved_hpd_buildings|primary_address_matches_3_hpd_buildings,24704|821877|942195
stabili-f38292b0-8f5e-5f73-affc-203e26dc9fd4,manhattan-2024-p177-r38,ambiguous,manual_review,"1680 Madison Avenue, Manhattan, NY 10029",1016170007,,,"1680 Madison Avenue, Manhattan, NY 10029",source_bbl_found_in_official_nyc_data|parcel_has_multiple_unresolved_hpd_buildings,19352|999806
stabili-32d0e995-1f4f-538d-a118-2a04013b64d8,manhattan-2024-p178-r1,ambiguous,manual_review,"2269 7th Avenue, Manhattan, NY 10030",1019180063,,,"2269 Adam C Powell Blvd, Manhattan, NY 10030",source_bbl_found_in_official_nyc_data|parcel_has_multiple_unresolved_hpd_buildings,3512|3514
stabili-6041ae49-9d09-5706-9712-84772e68ba08,manhattan-2024-p178-r4,ambiguous,manual_review,"2302 7th Avenue, Manhattan, NY 10030",1019410030,,,"2302 Adam C Powell Blvd, Manhattan, NY 10030",source_bbl_found_in_official_nyc_data|parcel_has_multiple_unresolved_hpd_buildings,3538|965643
stabili-d8caed95-7af3-53e1-95b4-0c082b37d9b7,manhattan-2024-p178-r8,ambiguous,manual_review,"2310 7th Avenue, Manhattan, NY 10030",1019410034,,,"2310 Adam C Powell Blvd, Manhattan, NY 10030",source_bbl_found_in_official_nyc_data|parcel_has_multiple_unresolved_hpd_buildings,3546|1017287
stabili-e58c97f9-e64d-555f-8d0a-22ef96712f10,manhattan-2024-p178-r16,ambiguous,manual_review,"2400 7th Avenue, Manhattan, NY 10030",1020260029,,,"2400 Adam C Powell Blvd, Manhattan, NY 10030",source_bbl_found_in_official_nyc_data|parcel_has_multiple_unresolved_hpd_buildings,3583|1013004
stabili-b2bb3f79-018a-548d-ac1d-9d42fc2f98f2,manhattan-2024-p178-r25,ambiguous,manual_review,"2496–2498 8th Avenue, Manhattan, NY 10030",1019390004,,,"2496 Fredrick Douglass Bl, Manhattan, NY 10030",source_bbl_found_in_official_nyc_data|parcel_has_multiple_unresolved_hpd_buildings,4077|4078
stabili-e925cf53-2494-5893-91d7-a3b76632247e,manhattan-2024-p178-r31,ambiguous,manual_review,"2544 8th Avenue, Manhattan, NY 10030",1019410062,,,"2548 8 Avenue, Manhattan, NY 10030",source_bbl_found_in_official_nyc_data|parcel_has_multiple_unresolved_hpd_buildings,803918|803919
stabili-3421d898-a4b2-5a53-9d80-d424bdde676b,manhattan-2024-p178-r32,ambiguous,manual_review,"2546 8th Avenue, Manhattan, NY 10030",1019410062,,,"2548 8 Avenue, Manhattan, NY 10030",source_bbl_found_in_official_nyc_data|parcel_has_multiple_unresolved_hpd_buildings,803918|803919
stabili-504a2992-16c4-5b4d-8f58-d49882cec5fe,manhattan-2024-p178-r33,ambiguous,manual_review,"2548 8th Avenue, Manhattan, NY 10030",1019410062,,,"2548 8 Avenue, Manhattan, NY 10030",source_bbl_found_in_official_nyc_data|parcel_has_multiple_unresolved_hpd_buildings,803918|803919
stabili-dd8958b6-b7b2-5138-b778-1ab588b4cf45,manhattan-2024-p179-r44,ambiguous,manual_review,"680–684 Saint Nicholas Avenue, Manhattan, NY 10030",1020510054,,,"680 St Nicholas Avenue, Manhattan, NY 10030",source_bbl_found_in_official_nyc_data|parcel_has_multiple_unresolved_hpd_buildings,28170|805979
stabili-b678b2bf-90ca-5eaa-90ea-dc2e4c6af3f5,manhattan-2024-p179-r45,ambiguous,manual_review,"695 Saint Nicholas Avenue, Manhattan, NY 10030",1020500131,,,"695 St Nicholas Avenue, Manhattan, NY 10030",source_bbl_found_in_official_nyc_data|parcel_has_multiple_unresolved_hpd_buildings,28172|1016265
stabili-edc5fed6-2154-5594-a4dd-4418d44e3097,manhattan-2024-p180-r5,ambiguous,manual_review,"200 West 133rd Street, Manhattan, NY 10030",1019380036,,,"2258 Adam C Powell Blvd, Manhattan, NY 10027",source_bbl_found_in_official_nyc_data|parcel_has_multiple_unresolved_hpd_buildings,3504|980739
stabili-4802043d-7e3b-5ac9-96a0-bde3016288d4,manhattan-2024-p180-r48,ambiguous,manual_review,"200 West 136th Street, Manhattan, NY 10030",1019410036,,,"200 West 136 Street, Manhattan, NY 10030",source_bbl_found_in_official_nyc_data|parcel_has_multiple_unresolved_hpd_buildings,3548|986741
stabili-bc364233-0060-5c69-956d-897a658387ee,manhattan-2024-p181-r52,ambiguous,manual_review,"337 West 138th Street, Manhattan, NY 10030",1020480011,,,"337 West 138 Street, Manhattan, NY 10030",source_bbl_found_in_official_nyc_data|parcel_has_multiple_unresolved_hpd_buildings,28140|1015174
stabili-060a5697-67da-52d8-a037-3acf6dfea3bf,manhattan-2024-p182-r51,ambiguous,manual_review,"152–158 West 141st Street, Manhattan, NY 10030",1020090047,,,"152 West 141 Street, Manhattan, NY 10030",source_bbl_found_in_official_nyc_data|parcel_has_multiple_unresolved_hpd_buildings|primary_address_matches_2_hpd_buildings,41498|41500
stabili-30cf9159-469b-519c-b8f1-d7ac382e70f5,manhattan-2024-p183-r12,ambiguous,manual_review,"311 West 141st Street, Manhattan, NY 10030",1020430007,,,"311 West 141 Street, Manhattan, NY 10030",source_bbl_found_in_official_nyc_data|parcel_has_multiple_unresolved_hpd_buildings|primary_address_matches_3_hpd_buildings,41516|836317|933056
stabili-062abddb-bc66-51bc-bf27-55b8426d25b8,manhattan-2024-p183-r34,ambiguous,manual_review,"147 West 143rd Street, Manhattan, NY 10030",1020120012,,,"147 West 143 Street, Manhattan, NY 10030",source_bbl_found_in_official_nyc_data|parcel_has_multiple_unresolved_hpd_buildings|primary_address_matches_2_hpd_buildings,41708|907716
stabili-534b8710-730c-5c3e-b5b3-fb0fbd2bf027,manhattan-2024-p183-r35,ambiguous,manual_review,"148 West 143rd Street, Manhattan, NY 10030",1020110057,,,"148 West 143 Street, Manhattan, NY 10030",source_bbl_found_in_official_nyc_data|parcel_has_multiple_unresolved_hpd_buildings|primary_address_matches_2_hpd_buildings,805971|942466
stabili-66299e40-6ed8-527c-9091-b3683e3bba15,manhattan-2024-p183-r44,ambiguous,manual_review,"259–261 West 144th Street, Manhattan, NY 10030",1020300010,,,"249 West 144 Street, Manhattan, NY 10030",source_bbl_found_in_official_nyc_data|parcel_has_multiple_unresolved_hpd_buildings|primary_address_matches_2_hpd_buildings,41802|877063
stabili-18d86773-6a8d-5a39-bb6a-753cf8d74650,manhattan-2024-p183-r47,ambiguous,manual_review,"275 West 144th Street, Manhattan, NY 10030",1020300001,,,"2710 Fredrick Douglass Bl, Manhattan, NY 10030",source_bbl_found_in_official_nyc_data|parcel_has_multiple_unresolved_hpd_buildings,4119|977501
stabili-64410f28-3f4d-560a-acf2-0ca7a248e89b,manhattan-2024-p185-r50,ambiguous,manual_review,"19 Hamilton Terrace, Manhattan, NY 10031",1020500100,,,"13 Hamilton Terrace, Manhattan, NY 10031",source_bbl_found_in_official_nyc_data|parcel_has_multiple_unresolved_hpd_buildings|primary_address_matches_2_hpd_buildings,22546|804916
stabili-15118263-5fc0-5ede-926b-58c1814bd236,manhattan-2024-p187-r1,ambiguous,manual_review,"766 Saint Nicholas Avenue, Manhattan, NY 10031",1020530122,,,"766 St Nicholas Avenue, Manhattan, NY 10031",source_bbl_found_in_official_nyc_data|parcel_has_multiple_unresolved_hpd_buildings,28222|977118
stabili-a68d361c-180e-54e3-9d3c-4c9fc5ff21f3,manhattan-2024-p187-r6,ambiguous,manual_review,"832 Saint Nicholas Avenue, Manhattan, NY 10031",1020660034,,,"830 St Nicholas Avenue, Manhattan, NY 10031",source_bbl_found_in_official_nyc_data|parcel_has_multiple_unresolved_hpd_buildings,28246|28247
stabili-df6c2301-5e43-5abe-bde3-52d63c129de5,manhattan-2024-p187-r18,ambiguous,manual_review,"517 West 134th Street, Manhattan, NY 10031",1019880018,,,"517 West 134 Street, Manhattan, NY 10031",source_bbl_found_in_official_nyc_data|parcel_has_multiple_unresolved_hpd_buildings|primary_address_matches_2_hpd_buildings,40687|966936
stabili-5f89f2e7-b672-5d71-8524-41a8fca8eabb,manhattan-2024-p187-r40,ambiguous,manual_review,"601 West 135th Street, Manhattan, NY 10031",1020020033,,,"3341 Broadway, Manhattan, NY 10031",source_bbl_found_in_official_nyc_data|parcel_has_multiple_unresolved_hpd_buildings,8013|1010333|1014248
stabili-ef5aaae0-5bb4-5f48-a655-4870ce80579f,manhattan-2024-p189-r42,ambiguous,manual_review,"547 West 142nd Street, Manhattan, NY 10031",1020740001,,,"3486 Broadway, Manhattan, NY 10031",source_bbl_found_in_official_nyc_data|parcel_has_multiple_unresolved_hpd_buildings,8048|998395
stabili-0834f415-623b-5d73-82a3-6fc911004cf5,manhattan-2024-p190-r34,ambiguous,manual_review,"601 West 144th Street, Manhattan, NY 10031",1020910032,,,"3517 Broadway, Manhattan, NY 10031",source_bbl_found_in_official_nyc_data|parcel_has_multiple_unresolved_hpd_buildings,8059|1020288
stabili-48942953-ddac-5c2a-b839-c2f5206fd156,manhattan-2024-p190-r52,ambiguous,manual_review,"529 West 145th Street, Manhattan, NY 10031",1020770013,,,"529 West 145 Street, Manhattan, NY 10031",source_bbl_found_in_official_nyc_data|parcel_has_multiple_unresolved_hpd_buildings|primary_address_matches_2_hpd_buildings,41992|992562
stabili-ab67b2a5-adbe-5775-96e0-18b07f024875,manhattan-2024-p192-r28,ambiguous,manual_review,"546–548 West 149th Street, Manhattan, NY 10031",1020800051,,,"548 West 149 Street, Manhattan, NY 10031",source_bbl_found_in_official_nyc_data|parcel_has_multiple_unresolved_hpd_buildings|primary_address_matches_2_hpd_buildings,42385|42387
stabili-95aef8ff-6257-5dad-972b-4bd7a3584faa,manhattan-2024-p192-r37,ambiguous,manual_review,"601 West 149th Street, Manhattan, NY 10031",1020960026,,,"3621 Broadway, Manhattan, NY 10031",source_bbl_found_in_official_nyc_data|parcel_has_multiple_unresolved_hpd_buildings,8091|989212
stabili-f5102545-af44-5bc6-ba93-a25ef7a5983d,manhattan-2024-p194-r12,ambiguous,manual_review,"2036 Amsterdam Avenue, Manhattan, NY 10032",1021190036,,,"2034 Amsterdam Avenue, Manhattan, NY 10032",source_bbl_found_in_official_nyc_data|parcel_has_multiple_unresolved_hpd_buildings|primary_address_matches_2_hpd_buildings,5751|804007
stabili-636463eb-2a88-531c-b7d9-f0bf7f143227,manhattan-2024-p195-r28,ambiguous,manual_review,"271 Fort Washington Avenue, Manhattan, NY 10032",1021390200,,,"271 Ft Washington Avenue, Manhattan, NY 10032",source_bbl_found_in_official_nyc_data|parcel_has_multiple_unresolved_hpd_buildings,21788|995920
stabili-e4de0451-fc27-526b-9ab5-c9b6640cfb47,manhattan-2024-p196-r15,ambiguous,manual_review,"76 Saint Nicholas Place, Manhattan, NY 10032",1020540079,,,"76 St Nicholas Place, Manhattan, NY 10032",source_bbl_found_in_official_nyc_data|parcel_has_multiple_unresolved_hpd_buildings,28340|990100|1000036|1008472|1014717
stabili-4fd9e654-0d0a-5edd-916f-128e6c1d11eb,manhattan-2024-p196-r36,ambiguous,manual_review,"962–964 Saint Nicholas Avenue, Manhattan, NY 10032",1021080016,,,"962 St Nicholas Avenue, Manhattan, NY 10032",source_bbl_found_in_official_nyc_data|parcel_has_multiple_unresolved_hpd_buildings,28307|805331|981891|1017608|1017610
stabili-e433943a-be7c-5ac0-a4dc-58900076e0da,manhattan-2024-p196-r37,ambiguous,manual_review,"966–968 Saint Nicholas Avenue, Manhattan, NY 10032",1021080016,,,"962 St Nicholas Avenue, Manhattan, NY 10032",source_bbl_found_in_official_nyc_data|parcel_has_multiple_unresolved_hpd_buildings,28307|805331|981891|1017608|1017610
stabili-ec1152b4-7cbe-560f-a061-37c8b7f93c5c,manhattan-2024-p197-r36,ambiguous,manual_review,"474–478 West 158th Street, Manhattan, NY 10032",1021080035,,,"474 West 158 Street, Manhattan, NY 10032",source_bbl_found_in_official_nyc_data|parcel_has_multiple_unresolved_hpd_buildings|primary_address_matches_2_hpd_buildings,42762|805997
stabili-0c1c298f-62fa-5b11-87be-c7472fd8a09b,manhattan-2024-p198-r51,ambiguous,manual_review,"555 West 160th Street, Manhattan, NY 10032",1021190001,,,"3840 Broadway, Manhattan, NY 10032",source_bbl_found_in_official_nyc_data|parcel_has_multiple_unresolved_hpd_buildings,8145|1019505
stabili-be10860b-6217-5255-a0fe-0ada6d821854,manhattan-2024-p199-r21,ambiguous,manual_review,"600 West 161st Street, Manhattan, NY 10032",1021370014,,,"3851 Broadway, Manhattan, NY 10032",source_bbl_found_in_official_nyc_data|parcel_has_multiple_unresolved_hpd_buildings,8148|988935|1002247
stabili-43b2931e-fc3c-517e-aabc-d12452ff7b81,manhattan-2024-p199-r22,ambiguous,manual_review,"605–609 West 161st Street, Manhattan, NY 10032",1021370021,,,"605 West 161 Street, Manhattan, NY 10032",source_bbl_found_in_official_nyc_data|parcel_has_multiple_unresolved_hpd_buildings|primary_address_matches_2_hpd_buildings,42922|965539|978281
stabili-2f34db26-59e4-58aa-ab9a-9adeea65339a,manhattan-2024-p199-r31,ambiguous,manual_review,"516 West 162nd Street, Manhattan, NY 10032",1021200026,,,"516 West 162 Street, Manhattan, NY 10032",source_bbl_found_in_official_nyc_data|parcel_has_multiple_unresolved_hpd_buildings|primary_address_matches_2_hpd_buildings,42957|966857
stabili-c9172a64-dd5d-5f0b-9d86-5ee63127a8fd,manhattan-2024-p199-r51,ambiguous,manual_review,"444–446 West 163rd Street, Manhattan, NY 10032",1021100011,,,"444 West 163 Street, Manhattan, NY 10032",source_bbl_found_in_official_nyc_data|parcel_has_multiple_unresolved_hpd_buildings|primary_address_matches_3_hpd_buildings,42998|945909|992442
stabili-69cf5d32-f8f2-594b-a3ee-5d2b413f21d9,manhattan-2024-p202-r21,ambiguous,manual_review,"703 West 171st Street, Manhattan, NY 10032",1021390199,,,"703 West 171 Street, Manhattan, NY 10032",source_bbl_found_in_official_nyc_data|parcel_has_multiple_unresolved_hpd_buildings|primary_address_matches_2_hpd_buildings,43182|891566
stabili-22e7a35c-567e-56fa-b2c0-f81b9105da5c,manhattan-2024-p202-r35,ambiguous,manual_review,"575 West 172nd Street, Manhattan, NY 10032",1021290001,,,"1238 St Nicholas Avenue, Manhattan, NY 10032",source_bbl_found_in_official_nyc_data|parcel_has_multiple_unresolved_hpd_buildings,27943|1016263
stabili-c7f33412-1d89-5c48-b97d-906762a32f6f,manhattan-2024-p203-r31,ambiguous,manual_review,"2494 Amsterdam Avenue, Manhattan, NY 10033",1021550089,,,"2494 Amsterdam Avenue, Manhattan, NY 10033",source_bbl_found_in_official_nyc_data|parcel_has_multiple_unresolved_hpd_buildings|primary_address_matches_2_hpd_buildings,5862|953604
stabili-a9e88eba-de9c-578b-91cc-c1d7df08394c,manhattan-2024-p204-r39,ambiguous,manual_review,"336 Fort Washington Avenue, Manhattan, NY 10033",1021420161,,,"326 Ft Washington Avenue, Manhattan, NY 10033",source_bbl_found_in_official_nyc_data|parcel_has_multiple_unresolved_hpd_buildings,21798|987033
stabili-4611f39b-19d6-5a4a-a468-874d679f6df2,manhattan-2024-p205-r56,ambiguous,manual_review,"1306 Saint Nicholas Avenue, Manhattan, NY 10033",1021330001,,,"575 West 175 Street, Manhattan, NY 10033",source_bbl_found_in_official_nyc_data|parcel_has_multiple_unresolved_hpd_buildings,27959|805324
stabili-3314b306-bba4-5fd1-9eae-be3fb2abaa25,manhattan-2024-p206-r4,ambiguous,manual_review,"1360–1370 Saint Nicholas Avenue, Manhattan, NY 10033",1021530001,,,"1360 St Nicholas Avenue, Manhattan, NY 10033",source_bbl_found_in_official_nyc_data|parcel_has_multiple_unresolved_hpd_buildings,27974|804020|1001604
stabili-0688e736-4db5-5fca-a655-453f313383ea,manhattan-2024-p206-r5,ambiguous,manual_review,"1361–1379 Saint Nicholas Avenue, Manhattan, NY 10033",1021620001,,,"111 Wadsworth Avenue, Manhattan, NY 10033",source_bbl_found_in_official_nyc_data|parcel_has_multiple_unresolved_hpd_buildings,28980|805325
stabili-7c91c9e2-5b16-5f73-9ed3-c54ea13fa422,manhattan-2024-p206-r8,ambiguous,manual_review,"1466–1468 Saint Nicholas Avenue, Manhattan, NY 10033",1021540069,,,"1468 St Nicholas Avenue, Manhattan, NY 10033",source_bbl_found_in_official_nyc_data|parcel_has_multiple_unresolved_hpd_buildings,27996|805326
stabili-76dbb814-8210-519f-9704-99eff2d0ba60,manhattan-2024-p206-r34,ambiguous,manual_review,"636 West 174th Street, Manhattan, NY 10033",1021420136,,,"4113 Broadway, Manhattan, NY 10033",source_bbl_found_in_official_nyc_data|parcel_has_multiple_unresolved_hpd_buildings,8202|1006261
stabili-d4eade1d-2ce5-564e-9428-c6ba14a294a0,manhattan-2024-p206-r46,ambiguous,manual_review,"560–562 West 175th Street, Manhattan, NY 10033",1021310013,,,"562 West 175 Street, Manhattan, NY 10033",source_bbl_found_in_official_nyc_data|parcel_has_multiple_unresolved_hpd_buildings|primary_address_matches_2_hpd_buildings,43283|806004
stabili-57a433e4-6a0f-5c5c-8a35-95e85c6c7285,manhattan-2024-p206-r50,ambiguous,manual_review,"575 West 175th Street, Manhattan, NY 10033",1021330001,,,"575 West 175 Street, Manhattan, NY 10033",source_bbl_found_in_official_nyc_data|parcel_has_multiple_unresolved_hpd_buildings,27959|805324
stabili-c4a64f3c-e6b0-5d33-b08b-058bf02b2f63,manhattan-2024-p209-r53,ambiguous,manual_review,"569 West 184th Street, Manhattan, NY 10033",1021570001,,,"1480 St Nicholas Avenue, Manhattan, NY 10033",source_bbl_found_in_official_nyc_data|parcel_has_multiple_unresolved_hpd_buildings,28002|974399
stabili-ffe1460e-ff9f-59bf-be3f-ec14c25c888c,manhattan-2024-p210-r24,ambiguous,manual_review,"529 West 186th Street, Manhattan, NY 10033",1021560066,,,"421 Audubon Avenue, Manhattan, NY 10033",source_bbl_found_in_official_nyc_data|parcel_has_multiple_unresolved_hpd_buildings,6248|806080
stabili-867af37d-193a-5c09-b858-e27243919b14,manhattan-2024-p211-r40,ambiguous,manual_review,"584 Academy Street, Manhattan, NY 10034",1022200023,,,"133 Sherman Avenue, Manhattan, NY 10034",source_bbl_found_in_official_nyc_data|parcel_has_multiple_unresolved_hpd_buildings,27580|983228
stabili-037392ab-217d-50a9-b328-bf8478bff224,manhattan-2024-p212-r49,ambiguous,manual_review,"170–174 Nagle Avenue, Manhattan, NY 10034",1022170051,,,"101 Dyckman Street, Manhattan, NY 10040",source_bbl_found_in_official_nyc_data|parcel_has_multiple_unresolved_hpd_buildings,10345|1009220
stabili-519da180-0c66-5c72-b00b-dc7f5e569114,manhattan-2024-p213-r44,ambiguous,manual_review,"100–102 Post Avenue, Manhattan, NY 10034",1022220041,,,"100 Post Avenue, Manhattan, NY 10034",source_bbl_found_in_official_nyc_data|parcel_has_multiple_unresolved_hpd_buildings|primary_address_matches_2_hpd_buildings,26983|1014744
stabili-767d36ad-2e0c-54c7-8c68-92324f60d897,manhattan-2024-p214-r35,ambiguous,manual_review,"221–229 Seaman Avenue, Manhattan, NY 10034",1022430090,,,"221 Seaman Avenue, Manhattan, NY 10034",source_bbl_found_in_official_nyc_data|parcel_has_multiple_unresolved_hpd_buildings|primary_address_matches_2_hpd_buildings,27535|805205|1020282
stabili-eabdbc42-7587-588d-95d6-cd764e430876,manhattan-2024-p216-r51,ambiguous,manual_review,"579 West 215th Street, Manhattan, NY 10034",1022500084,,,"244 Seaman Avenue, Manhattan, NY 10034",source_bbl_found_in_official_nyc_data|parcel_has_multiple_unresolved_hpd_buildings,27540|1018233
stabili-55551450-b75c-5703-aed7-990474802d02,manhattan-2024-p217-r24,ambiguous,manual_review,"2295–2299 2nd Avenue, Manhattan, NY 10035",1016670028,,,"2295 2 Avenue, Manhattan, NY 10035",source_bbl_found_in_official_nyc_data|parcel_has_multiple_unresolved_hpd_buildings|primary_address_matches_2_hpd_buildings,1285|819532
stabili-9aaea8df-18fe-506b-a3e2-090d9d943b58,manhattan-2024-p217-r35,ambiguous,manual_review,"2338 2nd Avenue, Manhattan, NY 10035",1017960051,,,"2338 2 Avenue, Manhattan, NY 10035",source_bbl_found_in_official_nyc_data|parcel_has_multiple_unresolved_hpd_buildings|primary_address_matches_2_hpd_buildings,1319|967600
stabili-499447c1-e72a-556d-854b-2161e14bf90d,manhattan-2024-p218-r10,ambiguous,manual_review,"1429–1439 5th Avenue, Manhattan, NY 10035",1016220073,,,"1429 5 Avenue, Manhattan, NY 10035",source_bbl_found_in_official_nyc_data|parcel_has_multiple_unresolved_hpd_buildings|primary_address_matches_2_hpd_buildings,2553|868297
stabili-379298d7-a728-547a-a4a1-fd590af6ad28,manhattan-2024-p218-r43,ambiguous,manual_review,"160 East 117th Street, Manhattan, NY 10035",1016440050,,,"160 East 117 Street, Manhattan, NY 10035",source_bbl_found_in_official_nyc_data|parcel_has_multiple_unresolved_hpd_buildings|primary_address_matches_2_hpd_buildings,19810|921512
stabili-a21c4a4e-bd23-5f17-9556-ac1c9c049521,manhattan-2024-p218-r51,ambiguous,manual_review,"223 East 117th Street, Manhattan, NY 10035",1016670012,,,"223 East 117 Street, Manhattan, NY 10035",source_bbl_found_in_official_nyc_data|parcel_has_multiple_unresolved_hpd_buildings|primary_address_matches_2_hpd_buildings,19850|866098
stabili-ab59b9da-ac7b-55ff-97d1-459359c19e1d,manhattan-2024-p219-r10,ambiguous,manual_review,"423 East 117th Street, Manhattan, NY 10035",1017110111,,,"423 East 117 Street, Manhattan, NY 10035",source_bbl_found_in_official_nyc_data|parcel_has_multiple_unresolved_hpd_buildings|primary_address_matches_2_hpd_buildings,19895|940179
stabili-b66ab8f9-aa6d-561d-aee0-c3e204690973,manhattan-2024-p219-r21,ambiguous,manual_review,"98–112 East 118th Street, Manhattan, NY 10035",1016450070,,,"100 East 118 Street, Manhattan, NY 10035",source_bbl_found_in_official_nyc_data|parcel_has_multiple_unresolved_hpd_buildings|primary_address_matches_2_hpd_buildings,19945|957553|993561
stabili-44212d2c-b046-5044-a77d-35f11c7e61cc,manhattan-2024-p219-r29,ambiguous,manual_review,"209 East 118th Street, Manhattan, NY 10035",1017830005,,,"205 East 118 Street, Manhattan, NY 10035",source_bbl_found_in_official_nyc_data|parcel_has_multiple_unresolved_hpd_buildings|primary_address_matches_2_hpd_buildings,19975|804675
stabili-db7c7269-0602-52c8-adcb-238c08c2af1e,manhattan-2024-p219-r30,ambiguous,manual_review,"210 East 118th Street, Manhattan, NY 10035",1016670042,,,"210 East 118 Street, Manhattan, NY 10035",source_bbl_found_in_official_nyc_data|parcel_has_multiple_unresolved_hpd_buildings|primary_address_matches_2_hpd_buildings,19977|843052
stabili-27989754-7a33-563e-9c34-bc19ce10d51c,manhattan-2024-p219-r39,ambiguous,manual_review,"351 East 118th Street, Manhattan, NY 10035",1017950024,,,"2295 1 Avenue, Manhattan, NY 10035",source_bbl_found_in_official_nyc_data|parcel_has_multiple_unresolved_hpd_buildings,502|804676
stabili-d599659f-b905-5716-9638-0ca3ee8b71d1,manhattan-2024-p219-r55,ambiguous,manual_review,"127 East 119th Street, Manhattan, NY 10035",1017680111,,,"127 East 119 Street, Manhattan, NY 10035",source_bbl_found_in_official_nyc_data|parcel_has_multiple_unresolved_hpd_buildings|primary_address_matches_2_hpd_buildings,20124|907439
stabili-6354fa1b-4038-55f5-a80d-9e4776ed5046,manhattan-2024-p220-r33,ambiguous,manual_review,"201–203 East 121st Street, Manhattan, NY 10035",1017860001,,,"2223 3 Avenue, Manhattan, NY 10035",source_bbl_found_in_official_nyc_data|parcel_has_multiple_unresolved_hpd_buildings|primary_address_matches_2_hpd_buildings,2091|909084|936468
stabili-dec45c0c-dcff-58e2-94f5-026f377b1bab,manhattan-2024-p221-r7,ambiguous,manual_review,"215 East 124th Street, Manhattan, NY 10035",1017890045,,,"212 East 125Th Street, Manhattan, NY 10035",source_bbl_found_in_official_nyc_data|parcel_has_multiple_unresolved_hpd_buildings,20583|998544
stabili-515e44db-4017-582c-af7b-6c46f3c96d4d,manhattan-2024-p221-r17,ambiguous,manual_review,"69–75 East 125th Street, Manhattan, NY 10035",1017500028,,,"69 East 125 Street, Manhattan, NY 10035",source_bbl_found_in_official_nyc_data|parcel_has_multiple_unresolved_hpd_buildings|primary_address_matches_3_hpd_buildings,20619|966330|977705
stabili-94337adf-2ac6-5275-841a-147756b412de,manhattan-2024-p221-r43,ambiguous,manual_review,"55 East 128th Street, Manhattan, NY 10035",1017530126,,,"55 East 128 Street, Manhattan, NY 10035",source_bbl_found_in_official_nyc_data|parcel_has_multiple_unresolved_hpd_buildings|primary_address_matches_2_hpd_buildings,20790|886889
stabili-f9f46c73-b4b7-5694-86ce-7ed711012621,manhattan-2024-p221-r44,ambiguous,manual_review,"57 East 128th Street, Manhattan, NY 10035",1017530027,,,"57 East 128 Street, Manhattan, NY 10035",source_bbl_found_in_official_nyc_data|parcel_has_multiple_unresolved_hpd_buildings|primary_address_matches_2_hpd_buildings,20791|20797|829524|831968
stabili-23b4469c-47ba-5f63-a9f2-fadff3267d26,manhattan-2024-p221-r56,ambiguous,manual_review,"107–123 East 129th Street, Manhattan, NY 10035",1017780006,,,"123 East 129 Street, Manhattan, NY 10035",source_bbl_found_in_official_nyc_data|parcel_has_multiple_unresolved_hpd_buildings|primary_address_matches_2_hpd_buildings,20805|804699|871528
stabili-07bf7289-3f92-507c-8c35-9acb89083478,manhattan-2024-p222-r5,ambiguous,manual_review,"2006–2008 Lexington Avenue, Manhattan, NY 10035",1017710017,,,"139 East 122 Street, Manhattan, NY 10035",source_bbl_found_in_official_nyc_data|parcel_has_multiple_unresolved_hpd_buildings|primary_address_matches_2_hpd_buildings,24087|994808
stabili-b97c28c5-be3f-597a-8623-92a9c3804a6a,manhattan-2024-p222-r31,ambiguous,manual_review,"1642 Park Avenue, Manhattan, NY 10035",1016220034,,,"1642 Park Avenue, Manhattan, NY 10035",source_bbl_found_in_official_nyc_data|parcel_has_multiple_unresolved_hpd_buildings|primary_address_matches_2_hpd_buildings,26283|944356
stabili-863a7f1c-8897-5c39-aff8-6081d02d4b05,manhattan-2024-p222-r37,ambiguous,manual_review,"1674 Park Avenue, Manhattan, NY 10035",1016230040,,,"1674 Park Avenue, Manhattan, NY 10035",source_bbl_found_in_official_nyc_data|parcel_has_multiple_unresolved_hpd_buildings|primary_address_matches_2_hpd_buildings,26298|956931|1017419
stabili-348eb36a-e3ee-5b8b-9b11-6deaf5498787,manhattan-2024-p222-r41,ambiguous,manual_review,"324 Pleasant Avenue, Manhattan, NY 10035",1017160051,,,"324 Pleasant Avenue, Manhattan, NY 10035",source_bbl_found_in_official_nyc_data|parcel_has_multiple_unresolved_hpd_buildings|primary_address_matches_2_hpd_buildings,26950|947434
stabili-8d7d3d30-db30-5d37-b983-39940a42f7b1,manhattan-2024-p222-r43,ambiguous,manual_review,"329 Pleasant Avenue, Manhattan, NY 10035",1017110026,,,"329 Pleasant Avenue, Manhattan, NY 10035",source_bbl_found_in_official_nyc_data|parcel_has_multiple_unresolved_hpd_buildings|primary_address_matches_2_hpd_buildings,26954|974281
stabili-9a4d583d-866a-5190-a7a5-706f0dcfa81d,manhattan-2024-p223-r33,ambiguous,manual_review,"673 9th Avenue, Manhattan, NY 10036",1010560032,,,"673 9 Avenue, Manhattan, NY 10036",source_bbl_found_in_official_nyc_data|parcel_has_multiple_unresolved_hpd_buildings,4821|803965|806162
stabili-4d03da31-da9c-5cfd-b27e-1d29e3a9d20d,manhattan-2024-p223-r34,ambiguous,manual_review,"675 9th Avenue, Manhattan, NY 10036",1010560032,,,"673 9 Avenue, Manhattan, NY 10036",source_bbl_found_in_official_nyc_data|parcel_has_multiple_unresolved_hpd_buildings|primary_address_matches_2_hpd_buildings,4821|803965|806162
stabili-181393d0-1d57-5717-abf8-267bf8dafbab,manhattan-2024-p223-r35,ambiguous,manual_review,"677 9th Avenue, Manhattan, NY 10036",1010560032,,,"673 9 Avenue, Manhattan, NY 10036",source_bbl_found_in_official_nyc_data|parcel_has_multiple_unresolved_hpd_buildings|primary_address_matches_2_hpd_buildings,4821|803965|806162
stabili-38f0a871-a123-5d71-9a41-bdb2b09d6679,manhattan-2024-p224-r27,ambiguous,manual_review,"535 West 43rd Street, Manhattan, NY 10036",1010720050,,,"546 West 44 Street, Manhattan, NY 10036",source_bbl_found_in_official_nyc_data|parcel_has_multiple_unresolved_hpd_buildings,33130|955006
stabili-1d0db559-7a26-5a06-9d87-b1b4c68d1151,manhattan-2024-p225-r49,ambiguous,manual_review,"349–351 West 46th Street, Manhattan, NY 10036",1010370010,,,"349 West 46 Street, Manhattan, NY 10036",source_bbl_found_in_official_nyc_data|parcel_has_multiple_unresolved_hpd_buildings|primary_address_matches_2_hpd_buildings,805635|1017576
stabili-0d36fc71-9cf8-5e85-a50b-caca78fc48a3,manhattan-2024-p226-r44,ambiguous,manual_review,"348–358 West 47th Street, Manhattan, NY 10036",1010370059,,,"348 West 47 Street, Manhattan, NY 10036",source_bbl_found_in_official_nyc_data|parcel_has_multiple_unresolved_hpd_buildings|primary_address_matches_3_hpd_buildings,33473|983532|983533
stabili-57899dd6-0af5-5cf1-b389-327e71c26dd4,manhattan-2024-p226-r51,ambiguous,manual_review,"417F West 47th Street, Manhattan, NY 10036",1010570024,,,"417 West 47 Street, Manhattan, NY 10036",source_bbl_found_in_official_nyc_data|parcel_has_multiple_unresolved_hpd_buildings,33492|805643
stabili-50d7de53-fdc5-58bb-8285-05c593c20b00,manhattan-2024-p227-r42,ambiguous,manual_review,"426–428 West 48th Street, Manhattan, NY 10036",1010570048,,,"426 West 48 Street, Manhattan, NY 10036",source_bbl_found_in_official_nyc_data|parcel_has_multiple_unresolved_hpd_buildings|primary_address_matches_2_hpd_buildings,33645|805649
stabili-4313e3d4-962d-500c-82c7-aecd46d9f612,manhattan-2024-p228-r9,ambiguous,manual_review,"2255–2265 5th Avenue, Manhattan, NY 10037",1017600001,,,"2225 5 Avenue, Manhattan, NY 10037",source_bbl_found_in_official_nyc_data|parcel_has_multiple_unresolved_hpd_buildings,2703|804704|804798|805053|805055
stabili-9bc13077-bf6b-50d9-84a9-b7bdbe22a0a4,manhattan-2024-p228-r20,ambiguous,manual_review,"45 East 131st Street, Manhattan, NY 10037",1017560026,,,"45 East 131 Street, Manhattan, NY 10037",source_bbl_found_in_official_nyc_data|parcel_has_multiple_unresolved_hpd_buildings|primary_address_matches_3_hpd_buildings,20892|20917|868473|928035
stabili-16ec97f9-1a46-593a-9198-1f4093e93d88,manhattan-2024-p228-r21,ambiguous,manual_review,"53 East 131st Street, Manhattan, NY 10037",1017560030,,,"53 East 131 Street, Manhattan, NY 10037",source_bbl_found_in_official_nyc_data|parcel_has_multiple_unresolved_hpd_buildings|primary_address_matches_3_hpd_buildings,20898|905932|907657|1013239
stabili-20f7fcb5-eef5-57f8-be42-0d439ae701fc,manhattan-2024-p228-r28,ambiguous,manual_review,"50–58 East 132nd Street, Manhattan, NY 10037",1017560039,,,"58 East 132 Street, Manhattan, NY 10037",source_bbl_found_in_official_nyc_data|parcel_has_multiple_unresolved_hpd_buildings|primary_address_matches_2_hpd_buildings,20922|916069
stabili-e05df916-5c49-5b7a-879e-408babb9fbbd,manhattan-2024-p229-r1,ambiguous,manual_review,"2081 Madison Avenue, Manhattan, NY 10037",1017560024,,,"2081 Madison Avenue, Manhattan, NY 10037",source_bbl_found_in_official_nyc_data|parcel_has_multiple_unresolved_hpd_buildings|primary_address_matches_2_hpd_buildings,24823|920930
stabili-52e9b88f-9251-57af-8ed7-ed6cc3bbddde,manhattan-2024-p229-r3,ambiguous,manual_review,"2156–2170 Madison Avenue, Manhattan, NY 10037",1017570001,,,"2161 5 Avenue, Manhattan, NY 10037",source_bbl_found_in_official_nyc_data|parcel_has_multiple_unresolved_hpd_buildings,2698|804797|805048|805051|955130|955131|955132
stabili-b0edb954-5c13-50ea-a836-c253b730e3ce,manhattan-2024-p229-r13,ambiguous,manual_review,"60–62 West 130th Street, Manhattan, NY 10037",1017270067,,,"60 West 130 Street, Manhattan, NY 10037",source_bbl_found_in_official_nyc_data|parcel_has_multiple_unresolved_hpd_buildings|primary_address_matches_2_hpd_buildings,806053|806054
stabili-1f31580a-5c8f-5d12-bb8b-1ecc29183390,manhattan-2024-p230-r32,ambiguous,manual_review,"54–62 Fulton Street, Manhattan, NY 10038",1000760006,,,"56 Fulton Street, Manhattan, NY 10038",source_bbl_found_in_official_nyc_data|parcel_has_multiple_unresolved_hpd_buildings|primary_address_matches_3_hpd_buildings,954103|975555|983586|983774
stabili-ae0da6bc-784f-5d8a-a713-53d2c6213e9d,manhattan-2024-p231-r1,ambiguous,manual_review,"113 Nassau Street, Manhattan, NY 10038",1000900017,,,"113 Nassau Street, Manhattan, NY 10038",source_bbl_found_in_official_nyc_data|parcel_has_multiple_unresolved_hpd_buildings|primary_address_matches_2_hpd_buildings,25955|952676
stabili-8f1fe5cd-291f-51fe-991c-43c2bad1f12c,manhattan-2024-p231-r6,ambiguous,manual_review,"61–63 Saint James Place, Manhattan, NY 10038",1002790015,,,"59 St James Place, Manhattan, NY 10038",source_bbl_found_in_official_nyc_data|parcel_has_multiple_unresolved_hpd_buildings,27799|805183|805317
stabili-901525b1-cf61-534b-b9b7-2be89e0f6269,manhattan-2024-p231-r24,ambiguous,manual_review,"2730–2732 8th Avenue, Manhattan, NY 10039",1020310003,,,"2738 Fredrick Douglass Bl, Manhattan, NY 10039",source_bbl_found_in_official_nyc_data|parcel_has_multiple_unresolved_hpd_buildings,4128|4131|4134|4136|4139
stabili-19f2c217-dd30-514c-bf84-10a71c91fa84,manhattan-2024-p231-r35,ambiguous,manual_review,"2807 8th Avenue, Manhattan, NY 10039",1020450091,,,"2807 Fredrick Douglass Bl, Manhattan, NY 10039",source_bbl_found_in_official_nyc_data|parcel_has_multiple_unresolved_hpd_buildings,4171|996646
stabili-ef1f1a04-8f2c-5874-b8be-581a8dad95a4,manhattan-2024-p231-r37,ambiguous,manual_review,"2816 8th Avenue, Manhattan, NY 10039",1020350001,,,"2802 Fredrick Douglass Bl, Manhattan, NY 10039",source_bbl_found_in_official_nyc_data|parcel_has_multiple_unresolved_hpd_buildings,4168|803888|805985|805986|805989|805990|983233|1016052
stabili-ab7e836d-37bd-52d2-b5ef-aff3402ea868,manhattan-2024-p231-r49,ambiguous,manual_review,"2524 Adam Clayton Powell Jr Boulevard, Manhattan, NY 10039",1020320030,,,"Adam Clayton Powell Jr Blvd, Manhattan, NY 10039",source_bbl_found_in_official_nyc_data|parcel_has_multiple_unresolved_hpd_buildings,3631|976636
stabili-f1156b61-ce6c-568c-9f1c-6a4782f7b028,manhattan-2024-p232-r12,ambiguous,manual_review,"2750 Frederick Douglass Boulevard, Manhattan, NY 10039",1020320001,,,"2750 Fredrick Douglass Bl, Manhattan, NY 10039",source_bbl_found_in_official_nyc_data|parcel_has_multiple_unresolved_hpd_buildings|primary_address_matches_2_hpd_buildings,4140|1006360
stabili-20afb449-a5d5-5200-93df-ba318b8f9d35,manhattan-2024-p232-r40,ambiguous,manual_review,"239–243 West 145th Street, Manhattan, NY 10039",1020310012,,,"239 West 145 Street, Manhattan, NY 10039",source_bbl_found_in_official_nyc_data|parcel_has_multiple_unresolved_hpd_buildings|primary_address_matches_2_hpd_buildings,41904|41906
stabili-651565a0-554f-5cba-b809-f5b17f6984c2,manhattan-2024-p233-r21,ambiguous,manual_review,"206 West 148th Street, Manhattan, NY 10039",1020330038,,,"202 West 148 Street, Manhattan, NY 10039",source_bbl_found_in_official_nyc_data|parcel_has_multiple_unresolved_hpd_buildings|primary_address_matches_2_hpd_buildings,42210|42214
stabili-734805d7-1d1c-5446-9590-4843c73ee703,manhattan-2024-p234-r1,ambiguous,manual_review,"281 West 150th Street, Manhattan, NY 10039",1020360013,,,"285 West 150 Street, Manhattan, NY 10039",source_bbl_found_in_official_nyc_data|parcel_has_multiple_unresolved_hpd_buildings,805991|805992
stabili-dcfe7b37-f219-505b-9aff-25051d348781,manhattan-2024-p234-r4,ambiguous,manual_review,"295 West 150th Street, Manhattan, NY 10039",1020360001,,,"26 Macombs Place, Manhattan, NY 10039",source_bbl_found_in_official_nyc_data|parcel_has_multiple_unresolved_hpd_buildings,24528|1020982
stabili-fcaa6ee9-a142-59be-a4ac-328f871ff4a8,manhattan-2024-p234-r7,ambiguous,manual_review,"305–307 West 150th Street, Manhattan, NY 10039",1020467501,,,"178 Bradhurst Avenue, Manhattan, NY 10039",source_bbl_found_in_official_nyc_data|parcel_has_multiple_unresolved_hpd_buildings,7464|1019060
stabili-4bb69801-8359-5a65-ad93-4dd810801ff4,manhattan-2024-p234-r18,ambiguous,manual_review,"260 West 153rd Street, Manhattan, NY 10039",1020387501,,,"258 West 153 Street, Manhattan, NY 10039",source_bbl_found_in_official_nyc_data|parcel_has_multiple_unresolved_hpd_buildings|primary_address_matches_2_hpd_buildings,972807|992661
stabili-0a94d2e5-d7d1-5c81-aa53-b2be70a43a0a,manhattan-2024-p234-r24,ambiguous,manual_review,"269 West 154th Street, Manhattan, NY 10039",1020400005,,,"269 West 154 Street, Manhattan, NY 10039",source_bbl_found_in_official_nyc_data|parcel_has_multiple_unresolved_hpd_buildings|primary_address_matches_2_hpd_buildings,42655|934244
stabili-67fb3877-d05c-5cd0-9389-a5c5080f6b21,manhattan-2024-p234-r26,ambiguous,manual_review,"301 West 154th Street, Manhattan, NY 10039",1020470029,,,"2911 Fredrick Douglass Bl, Manhattan, NY 10039",source_bbl_found_in_official_nyc_data|parcel_has_multiple_unresolved_hpd_buildings,4209|997162
stabili-90652227-b51e-500b-a807-25fb823028d1,manhattan-2024-p236-r29,ambiguous,manual_review,"121–131 Fort George Avenue, Manhattan, NY 10040",1021490265,,,"121 Ft George Avenue, Manhattan, NY 10040",source_bbl_found_in_official_nyc_data|parcel_has_multiple_unresolved_hpd_buildings,21665|1000267
stabili-87d943c9-2eec-5567-9a0c-38297d300eaa,manhattan-2024-p236-r33,ambiguous,manual_review,"620 Fort Washington Avenue, Manhattan, NY 10040",1021800350,,,"620 Ft Washington Avenue, Manhattan, NY 10040",source_bbl_found_in_official_nyc_data|parcel_has_multiple_unresolved_hpd_buildings,21846|804859
stabili-2b6eb7ac-f799-5460-a56e-4371f471f59e,manhattan-2024-p236-r34,ambiguous,manual_review,"630 Fort Washington Avenue, Manhattan, NY 10040",1021800350,,,"620 Ft Washington Avenue, Manhattan, NY 10040",source_bbl_found_in_official_nyc_data|parcel_has_multiple_unresolved_hpd_buildings,21846|804859
stabili-981dccac-752b-5f51-a44c-f89f411f88fc,manhattan-2024-p236-r39,ambiguous,manual_review,"700 Fort Washington Avenue, Manhattan, NY 10040",1021800610,,,"700 Ft Washington Avenue, Manhattan, NY 10040",source_bbl_found_in_official_nyc_data|parcel_has_multiple_unresolved_hpd_buildings,21854|975211
stabili-d222a07f-c4ba-5e75-bfd4-0341ed2a98f4,manhattan-2024-p237-r15,ambiguous,manual_review,"26–34 Sherman Avenue, Manhattan, NY 10040",1021750098,,,"26 Sherman Avenue, Manhattan, NY 10040",source_bbl_found_in_official_nyc_data|parcel_has_multiple_unresolved_hpd_buildings|primary_address_matches_2_hpd_buildings,27608|1006770
stabili-a42f31f7-3107-57f9-ba51-e1c0f753f913,manhattan-2024-p237-r20,ambiguous,manual_review,"3–9 Sickles Street, Manhattan, NY 10040",1021740089,,,"106 Nagle Avenue, Manhattan, NY 10040",source_bbl_found_in_official_nyc_data|parcel_has_multiple_unresolved_hpd_buildings,25913|1010659
stabili-b137863d-039d-5e94-9e53-f701101d37cf,manhattan-2024-p237-r34,ambiguous,manual_review,"60–66 Thayer Street, Manhattan, NY 10040",1021750080,,,"60 Sherman Avenue, Manhattan, NY 10040",source_bbl_found_in_official_nyc_data|parcel_has_multiple_unresolved_hpd_buildings,27614|1007145
stabili-fd2b274f-cd4d-5c5d-ac64-4750d994d16d,manhattan-2024-p238-r2,ambiguous,manual_review,"651 West 188th Street, Manhattan, NY 10040",1021700307,,,"300 Wadsworth Avenue, Manhattan, NY 10040",source_bbl_found_in_official_nyc_data|parcel_has_multiple_unresolved_hpd_buildings,29027|996454|1003141
stabili-c99a47f5-33da-53c7-81ad-cc8cc5336a7e,manhattan-2024-p238-r51,ambiguous,manual_review,"598 West 191st Street, Manhattan, NY 10040",1021610004,,,"1610 St Nicholas Avenue, Manhattan, NY 10040",source_bbl_found_in_official_nyc_data|parcel_has_multiple_unresolved_hpd_buildings,28036|975351
stabili-d55e1e70-7f9b-5e58-af70-6750b600b0e8,manhattan-2024-p240-r22,ambiguous,manual_review,"1171–1173 2nd Avenue, Manhattan, NY 10065",1014160026,,,"1171 2 Avenue, Manhattan, NY 10065",source_bbl_found_in_official_nyc_data|parcel_has_multiple_unresolved_hpd_buildings|primary_address_matches_2_hpd_buildings,772|805269
stabili-adcef524-4cf3-551f-8e47-f6f34827ebff,manhattan-2024-p241-r31,ambiguous,manual_review,"166 East 63rd Street, Manhattan, NY 10065",1013977503,,,"166 East 63 Street, Manhattan, NY 10065",source_bbl_found_in_official_nyc_data|parcel_has_multiple_unresolved_hpd_buildings|primary_address_matches_2_hpd_buildings,1663|15010
stabili-a03870cf-6f25-51b0-a7ef-c7aba139dbda,manhattan-2024-p241-r48,ambiguous,manual_review,"420–450 East 63rd Street, Manhattan, NY 10065",1014570017,,,"450 East 63 Street, Manhattan, NY 10065",source_bbl_found_in_official_nyc_data|parcel_has_multiple_unresolved_hpd_buildings|primary_address_matches_2_hpd_buildings,15056|804751|974928
stabili-6cb00008-d260-53da-8902-ba97a55d3788,manhattan-2024-p241-r49,ambiguous,manual_review,"420–450 East 63rd Street, Manhattan, NY 10065",1014570017,,,"450 East 63 Street, Manhattan, NY 10065",source_bbl_found_in_official_nyc_data|parcel_has_multiple_unresolved_hpd_buildings|primary_address_matches_2_hpd_buildings,15056|804751|974928
stabili-1f6014b9-6ea8-5b8f-b1eb-be66cee57947,manhattan-2024-p241-r51,ambiguous,manual_review,"4–8 East 64th Street, Manhattan, NY 10065",1013780066,,,"4 East 64 Street, Manhattan, NY 10065",source_bbl_found_in_official_nyc_data|parcel_has_multiple_unresolved_hpd_buildings|primary_address_matches_2_hpd_buildings,15151|995137
stabili-7fcc05f2-be42-5b73-a373-5e176b4a9a15,manhattan-2024-p242-r6,ambiguous,manual_review,"401 East 64th Street, Manhattan, NY 10065",1014590001,,,"1168 1 Avenue, Manhattan, NY 10065",source_bbl_found_in_official_nyc_data|parcel_has_multiple_unresolved_hpd_buildings,77|804479|804480|804489|804490|804804|804805|804806
stabili-f57307d7-c4b4-57ca-b6a9-fe9dc92617f8,manhattan-2024-p242-r44,ambiguous,manual_review,"402 East 65th Street, Manhattan, NY 10065",1014590001,,,"1168 1 Avenue, Manhattan, NY 10065",source_bbl_found_in_official_nyc_data|parcel_has_multiple_unresolved_hpd_buildings,77|804479|804480|804489|804490|804804|804805|804806
stabili-ba3cd985-c663-5fb2-8a50-b319342389ee,manhattan-2024-p243-r23,ambiguous,manual_review,"265 East 66th Street, Manhattan, NY 10065",1014210021,,,"1261 2 Avenue, Manhattan, NY 10065",source_bbl_found_in_official_nyc_data|parcel_has_multiple_unresolved_hpd_buildings,806|839282|839783|840168|1021948
stabili-a470a1be-5978-5569-bb36-51afb0d150dc,manhattan-2024-p244-r30,ambiguous,manual_review,"521 Park Avenue, Manhattan, NY 10065",1013957502,,,"521 Park Avenue, Manhattan, NY 10065",source_bbl_found_in_official_nyc_data|parcel_has_multiple_unresolved_hpd_buildings|primary_address_matches_2_hpd_buildings,26424|991219
stabili-a6fd7fa5-73b4-55bd-a64f-50613a3b6ee4,manhattan-2024-p244-r38,ambiguous,manual_review,"2–20 Riverside Boulevard, Manhattan, NY 10069",1011717512,,,"10 Riverside Blvd, Manhattan, NY 10019",source_bbl_found_in_official_nyc_data|parcel_has_multiple_unresolved_hpd_buildings,974109|983464
stabili-48fe9c22-40b6-5f33-af4f-3508cc66a60d,manhattan-2024-p245-r49,ambiguous,manual_review,"401 East 77th Street, Manhattan, NY 10075",1014720001,,,"1480 1 Avenue, Manhattan, NY 10075",source_bbl_found_in_official_nyc_data|parcel_has_multiple_unresolved_hpd_buildings,199|1010273
stabili-61022169-0734-51d3-9dd8-20a5b5f51d03,manhattan-2024-p247-r16,ambiguous,manual_review,"501 East 78th Street, Manhattan, NY 10075",1014900001,,,"1472 York Avenue, Manhattan, NY 10075",source_bbl_found_in_official_nyc_data|parcel_has_multiple_unresolved_hpd_buildings,44445|806144|806145|806146
stabili-ecf981d4-c497-506c-9d4e-6a41acc7538e,manhattan-2024-p247-r19,ambiguous,manual_review,"509 East 78th Street, Manhattan, NY 10075",1014900009,,,"503 East 78 Street, Manhattan, NY 10075",source_bbl_found_in_official_nyc_data|parcel_has_multiple_unresolved_hpd_buildings|primary_address_matches_2_hpd_buildings,16627|804523
stabili-f153cba0-b6ac-5099-a2a4-08ed655add8b,manhattan-2024-p247-r43,ambiguous,manual_review,"460 East 79th Street, Manhattan, NY 10075",1014737502,,,"460 East 79 Street, Manhattan, NY 10075",source_bbl_found_in_official_nyc_data|parcel_has_multiple_unresolved_hpd_buildings|primary_address_matches_2_hpd_buildings,16716|16717
stabili-80a95ea1-e47e-583a-9974-5eb5669f3ae6,manhattan-2024-p247-r44,ambiguous,manual_review,"502 East 79th Street, Manhattan, NY 10075",1014900001,,,"1472 York Avenue, Manhattan, NY 10075",source_bbl_found_in_official_nyc_data|parcel_has_multiple_unresolved_hpd_buildings,44445|806144|806145|806146
stabili-3d6a7f6e-8020-579e-9d18-6f5e223b2c3d,manhattan-2024-p248-r31,ambiguous,manual_review,"401 East 80th Street, Manhattan, NY 10075",1015600001,,,"1540 1 Avenue, Manhattan, NY 10028",source_bbl_found_in_official_nyc_data|parcel_has_multiple_unresolved_hpd_buildings,236|973536
stabili-eae683f1-d073-566a-9ff3-3eb51380ef9f,manhattan-2024-p249-r42,ambiguous,manual_review,"1766 2nd Avenue, Manhattan, NY 10128",1015550001,,,"301 East 92 Street, Manhattan, NY 10128",source_bbl_found_in_official_nyc_data|parcel_has_multiple_unresolved_hpd_buildings|primary_address_matches_2_hpd_buildings,1064|928214|957047
stabili-cde97a2b-03e0-54cf-b5f4-d4dc3869d219,manhattan-2024-p250-r33,ambiguous,manual_review,"222–238 East 87th Street, Manhattan, NY 10128",1015320034,,,"238 East 87 Street, Manhattan, NY 10128",source_bbl_found_in_official_nyc_data|parcel_has_multiple_unresolved_hpd_buildings|primary_address_matches_3_hpd_buildings,804573|804574|804575|990959
stabili-59a1f098-c3e4-5339-908b-dab4b59d219a,manhattan-2024-p250-r34,ambiguous,manual_review,"226 East 87th Street, Manhattan, NY 10128",1015320034,,,"238 East 87 Street, Manhattan, NY 10128",source_bbl_found_in_official_nyc_data|parcel_has_multiple_unresolved_hpd_buildings,804573|804574|804575|990959
stabili-1a2f43f0-b3ee-597b-9a10-ea159559cd14,manhattan-2024-p251-r56,ambiguous,manual_review,"238 East 88th Street, Manhattan, NY 10128",1015330028,,,"1695 2Nd Avenue, Manhattan, NY 10128",source_bbl_found_in_official_nyc_data|parcel_has_multiple_unresolved_hpd_buildings,1009|1011|1013
stabili-d0a305f9-424f-54dc-80c2-ef8b283e2264,manhattan-2024-p252-r52,ambiguous,manual_review,"141 East 89th Street, Manhattan, NY 10128",1015180024,,,"1341 Lexington Avenue, Manhattan, NY 10128",source_bbl_found_in_official_nyc_data|parcel_has_multiple_unresolved_hpd_buildings,23848|1006484
stabili-e3a4c925-c5b6-58f1-9f1b-c391605b2777,manhattan-2024-p258-r54,ambiguous,manual_review,"1670–1672 York Avenue, Manhattan, NY 10128",1015840049,,,"1670 York Avenue, Manhattan, NY 10128",source_bbl_found_in_official_nyc_data|parcel_has_multiple_unresolved_hpd_buildings|primary_address_matches_2_hpd_buildings,44522|1019392
stabili-727aadf0-c526-540a-8fdb-87f0ecd59079,manhattan-2024-p259-r43,ambiguous,manual_review,"119R West 227th Street, Manhattan, NY 10463",1022150337,,,"119 West 227 Street, Manhattan, NY 10463",source_bbl_found_in_official_nyc_data|parcel_has_multiple_unresolved_hpd_buildings,43782|806013|806014|996607
stabili-43dc7856-df8a-5505-9fdb-b1940ed20891,queens-2024-p1-r1,ambiguous,manual_review,"87-15–87-45 Little Neck Parkway, Queens, NY 11001",4088230026,,,"87-15 Little Neck Parkway, Queens, NY 11001",source_bbl_found_in_official_nyc_data|parcel_has_multiple_unresolved_hpd_buildings|primary_address_matches_8_hpd_buildings,623947|859109|947850|947856|947859|947860|947861|947862|947864|947869|947872|947873|949896
stabili-bb725e08-bd2f-5109-b79f-6eba8b4e26fc,queens-2024-p1-r2,ambiguous,manual_review,"75-01–75-99 254th Street, Queens, NY 11004",4084430001,,,"260-01 Langston Avenue, Queens, NY 11004",source_bbl_found_in_official_nyc_data|parcel_has_multiple_unresolved_hpd_buildings,672044|861295|891064|920901|920914|920919|920926|920931|920932|920934|920946|920952|921011|921049
stabili-4ae340a5-903f-51ab-bd41-6655235bb699,queens-2024-p1-r4,ambiguous,manual_review,"73-35 260th Street, Queens, NY 11004",4084460001,,,"73-43 260 Street, Queens, NY 11004",source_bbl_found_in_official_nyc_data|parcel_has_multiple_unresolved_hpd_buildings,624801|919811|919821|919822|919825|919859|919920|919949|919950|919956|919963|919979|919997
stabili-67d9586f-de62-5b7d-9d29-92f26398582b,queens-2024-p1-r5,ambiguous,manual_review,"82-07–82-63 268th Street, Queens, NY 11004",4087620001,,,"268-18 82 Avenue, Queens, NY 11040",source_bbl_found_in_official_nyc_data|parcel_has_multiple_unresolved_hpd_buildings|primary_address_matches_3_hpd_buildings,626651|861530|876691|913494|913516|913530|913533|913540|913541|913543|913555|913593|913598
stabili-7120f05b-e444-526d-bbbb-b30706e18237,queens-2024-p1-r6,ambiguous,manual_review,"260-03 74th Avenue, Queens, NY 11004",4084460001,,,"73-43 260 Street, Queens, NY 11004",source_bbl_found_in_official_nyc_data|parcel_has_multiple_unresolved_hpd_buildings,624801|919811|919821|919822|919825|919859|919920|919949|919950|919956|919963|919979|919997
stabili-f6f53090-4bd8-55cd-8c9a-50413c157f48,queens-2024-p1-r7,ambiguous,manual_review,"263-21 74th Avenue, Queens, NY 11004",4084500001,,,"264-02 Langston Avenue, Queens, NY 11004",source_bbl_found_in_official_nyc_data|parcel_has_multiple_unresolved_hpd_buildings,672045|860084|868442|920009|920071|920183|920185|920190|920195|920199
stabili-ee6f17b8-9f59-52d9-adce-55d7ef014fb9,queens-2024-p1-r9,ambiguous,manual_review,"260-17 Langston Avenue, Queens, NY 11004",4084430001,,,"260-01 Langston Avenue, Queens, NY 11004",source_bbl_found_in_official_nyc_data|parcel_has_multiple_unresolved_hpd_buildings,672044|861295|891064|920901|920914|920919|920926|920931|920932|920934|920946|920952|921011|921049
stabili-e1919012-026c-5f7d-ab59-a7bde4107a40,queens-2024-p1-r11,ambiguous,manual_review,"264-20 Langston Avenue, Queens, NY 11004",4084500001,,,"264-02 Langston Avenue, Queens, NY 11004",source_bbl_found_in_official_nyc_data|parcel_has_multiple_unresolved_hpd_buildings,672045|860084|868442|920009|920071|920183|920185|920190|920195|920199
stabili-5b18c365-e4ae-51f6-be62-56d486ee2025,queens-2024-p1-r12,ambiguous,manual_review,"72-75 Little Neck Parkway, Queens, NY 11004",4084420001,,,"70-43 Little Neck Parkway, Queens, NY 11004",source_bbl_found_in_official_nyc_data|parcel_has_multiple_unresolved_hpd_buildings,470079|920455|920478|920484|920505|920508|920664|920670|920697|920735|939406
stabili-e90cc85b-4a65-578d-b489-cc0a1e3125ca,queens-2024-p1-r13,ambiguous,manual_review,"73-25 Little Neck Parkway, Queens, NY 11004",4084400001,,,"73-43 Little Neck Parkway, Queens, NY 11004",source_bbl_found_in_official_nyc_data|parcel_has_multiple_unresolved_hpd_buildings,675666|919082|919242|919244|919306|919314
stabili-ae2fd25e-e813-508a-a4d9-680393e03fab,queens-2024-p1-r14,ambiguous,manual_review,"269-10 Grand Central Parkway, Queens, NY 11005",4084890001,,,"269 Grand Central Pkwy, Queens, NY 11005",source_bbl_found_in_official_nyc_data|parcel_has_multiple_unresolved_hpd_buildings,811485|811486|811487
stabili-e5516f86-7e24-527e-9d5a-6bceb2659b64,queens-2024-p1-r16,ambiguous,manual_review,"271-10 Grand Central Parkway, Queens, NY 11005",4084890001,,,"269 Grand Central Pkwy, Queens, NY 11005",source_bbl_found_in_official_nyc_data|parcel_has_multiple_unresolved_hpd_buildings,811485|811486|811487
stabili-f010c749-de04-563e-976b-46f99b19d35e,queens-2024-p1-r34,ambiguous,manual_review,"41-42 24th Street, Queens, NY 11101",4004130002,,,"41-42 24 Street, Queens, NY 11101",source_bbl_found_in_official_nyc_data|parcel_has_multiple_unresolved_hpd_buildings|primary_address_matches_2_hpd_buildings,410299|971637
stabili-67211928-ec5e-5b14-b9db-0e573117616d,queens-2024-p5-r56,ambiguous,manual_review,"5-33 51st Avenue, Queens, NY 11101",4000330012,,,"5-33 51 Avenue, Queens, NY 11101",source_bbl_found_in_official_nyc_data|parcel_has_multiple_unresolved_hpd_buildings|primary_address_matches_2_hpd_buildings,440392|918616
stabili-cc01d48b-3a91-5237-82b4-e73193a7b2bd,queens-2024-p6-r35,ambiguous,manual_review,"42-61 Hunter Street, Queens, NY 11101",4004320041,,,"42-61 Hunter Street, Queens, NY 11101",source_bbl_found_in_official_nyc_data|parcel_has_multiple_unresolved_hpd_buildings|primary_address_matches_2_hpd_buildings,666022|938933
stabili-9ce7d2a4-bbe0-5fbf-8efb-c7d89e3acb2e,queens-2024-p6-r47,ambiguous,manual_review,"13-03 Jackson Avenue, Queens, NY 11101",4000570008,,,"13-01 Jackson Avenue, Queens, NY 11101",source_bbl_found_in_official_nyc_data|parcel_has_multiple_unresolved_hpd_buildings|primary_address_matches_2_hpd_buildings,667087|811560|811561
stabili-1ea3a033-1280-5d50-99e0-927f51074313,queens-2024-p6-r48,ambiguous,manual_review,"13-05 Jackson Avenue, Queens, NY 11101",4000570008,,,"13-01 Jackson Avenue, Queens, NY 11101",source_bbl_found_in_official_nyc_data|parcel_has_multiple_unresolved_hpd_buildings|primary_address_matches_2_hpd_buildings,667087|811560|811561
stabili-f3d0adc3-d070-5124-9bfa-cdc812532cf2,queens-2024-p6-r54,ambiguous,manual_review,"28-02–28-18 Jackson Avenue, Queens, NY 11101",4002640001,,,"28-02 Jackson Avenue, Queens, NY 11101",source_bbl_found_in_official_nyc_data|parcel_has_multiple_unresolved_hpd_buildings|primary_address_matches_2_hpd_buildings,667151|966902
stabili-12e7ec1d-d454-5dfa-997b-3796c062430f,queens-2024-p7-r5,ambiguous,manual_review,"44-26–44-28 Purves Street, Queens, NY 11101",4002680001,,,"4430 Purves Street, Queens, NY 11101",source_bbl_found_in_official_nyc_data|parcel_has_multiple_unresolved_hpd_buildings|primary_address_matches_2_hpd_buildings,432645|967912|979411
stabili-507a6af9-b6da-5ee7-b591-c99a83b1a31a,queens-2024-p7-r9,ambiguous,manual_review,"43-22–43-46 Queens Street, Queens, NY 11101",4002660003,,,"43-22 Queens Street, Queens, NY 11101",source_bbl_found_in_official_nyc_data|parcel_has_multiple_unresolved_hpd_buildings|primary_address_matches_2_hpd_buildings,690168|973100
stabili-0a1d2e59-ce4f-5e1e-91c1-0ea123164ab0,queens-2024-p7-r39,ambiguous,manual_review,"25-30 14th Street, Queens, NY 11102",4009000043,,,"25-30 14 Street, Queens, NY 11102",source_bbl_found_in_official_nyc_data|parcel_has_multiple_unresolved_hpd_buildings|primary_address_matches_2_hpd_buildings,403182|868227
stabili-2b94c494-5ca5-543e-8515-195e4ed296cb,queens-2024-p8-r41,ambiguous,manual_review,"25-27 23rd Street, Queens, NY 11102",4008720032,,,"25-17 23 Street, Queens, NY 11102",source_bbl_found_in_official_nyc_data|parcel_has_multiple_unresolved_hpd_buildings|primary_address_matches_2_hpd_buildings,408768|967549
stabili-90c6ba36-de08-5cd7-8370-69b90c6c1ae8,queens-2024-p9-r1,ambiguous,manual_review,"30-18 23rd Street, Queens, NY 11102",4005490036,,,"30-18 23 Street, Queens, NY 11102",source_bbl_found_in_official_nyc_data|parcel_has_multiple_unresolved_hpd_buildings|primary_address_matches_2_hpd_buildings,408820|890457
stabili-91c53667-8c18-5dde-9668-b178de1a71f3,queens-2024-p9-r2,ambiguous,manual_review,"30-20 23rd Street, Queens, NY 11102",4005490037,,,"30-20 23 Street, Queens, NY 11102",source_bbl_found_in_official_nyc_data|parcel_has_multiple_unresolved_hpd_buildings,810293|812067
stabili-7fddefe2-aad0-5475-b635-fcc6245df241,queens-2024-p10-r33,ambiguous,manual_review,"14-31 28th Avenue, Queens, NY 11102",4005390007,,,"14-31 28 Avenue, Queens, NY 11102",source_bbl_found_in_official_nyc_data|parcel_has_multiple_unresolved_hpd_buildings|primary_address_matches_2_hpd_buildings,413611|944442
stabili-15423df5-cfb9-546f-8996-d45f18cc035a,queens-2024-p12-r14,ambiguous,manual_review,"30-92 29th Street, Queens, NY 11102",4005780001,,,"25-35 31 Avenue, Queens, NY 11102",source_bbl_found_in_official_nyc_data|parcel_has_multiple_unresolved_hpd_buildings,417163|966813
stabili-eda6be9e-daf9-5176-b219-1682a95e47d4,queens-2024-p12-r40,ambiguous,manual_review,"23-10 30th Avenue, Queens, NY 11102",4005720030,,,"23-10 30 Avenue, Queens, NY 11102",source_bbl_found_in_official_nyc_data|parcel_has_multiple_unresolved_hpd_buildings|primary_address_matches_2_hpd_buildings,415944|876227
stabili-97ff3391-05a4-5b76-9abb-4245a844da61,queens-2024-p12-r53,ambiguous,manual_review,"25-28 30th Drive, Queens, NY 11102",4005780031,,,"25-28 30 Drive, Queens, NY 11102",source_bbl_found_in_official_nyc_data|parcel_has_multiple_unresolved_hpd_buildings|primary_address_matches_2_hpd_buildings,416500|1007353
stabili-857119c2-ea00-5536-8c18-0295c029d3ad,queens-2024-p12-r56,ambiguous,manual_review,"25-32 30th Drive, Queens, NY 11102",4005780035,,,"25-32 30 Drive, Queens, NY 11102",source_bbl_found_in_official_nyc_data|parcel_has_multiple_unresolved_hpd_buildings|primary_address_matches_2_hpd_buildings,416502|953672
stabili-84966932-2b95-5fc1-80d9-ca8b70516a93,queens-2024-p13-r9,ambiguous,manual_review,"26-27 30th Street, Queens, NY 11102",4005980023,,,"26-27 30 Street, Queens, NY 11102",source_bbl_found_in_official_nyc_data|parcel_has_multiple_unresolved_hpd_buildings|primary_address_matches_2_hpd_buildings,416660|897301
stabili-91ec8909-91fc-52b2-bb9e-54cc99c43f26,queens-2024-p13-r11,ambiguous,manual_review,"26-46 30th Street, Queens, NY 11102",4005970118,,,"26-46 30 Street, Queens, NY 11102",source_bbl_found_in_official_nyc_data|parcel_has_multiple_unresolved_hpd_buildings|primary_address_matches_2_hpd_buildings,416674|955556
stabili-6ce01dfd-eebc-5f28-a027-46beb17f94e9,queens-2024-p13-r26,ambiguous,manual_review,"30-13 30th Street, Queens, NY 11102",4005930021,,,"30-13 30 Street, Queens, NY 11102",source_bbl_found_in_official_nyc_data|parcel_has_multiple_unresolved_hpd_buildings|primary_address_matches_2_hpd_buildings,416704|941156
stabili-e6bd9dfe-3b67-5485-a517-7e226895231f,queens-2024-p13-r43,ambiguous,manual_review,"25-34 31st Street, Queens, NY 11102",4005980038,,,"25-34 31 Street, Queens, NY 11102",source_bbl_found_in_official_nyc_data|parcel_has_multiple_unresolved_hpd_buildings|primary_address_matches_2_hpd_buildings,417957|966681
stabili-ff7bd099-3357-5b81-a251-98f1d12a2273,queens-2024-p13-r44,ambiguous,manual_review,"25-40 31st Street, Queens, NY 11102",4005980042,,,"25-40 31 Street, Queens, NY 11102",source_bbl_found_in_official_nyc_data|parcel_has_multiple_unresolved_hpd_buildings|primary_address_matches_2_hpd_buildings,417961|980038
stabili-73f5aed9-1057-5e7d-8dd2-6a709d925c3c,queens-2024-p13-r47,ambiguous,manual_review,"25-79 31st Street, Queens, NY 11102",4006200004,,,"25-77 31St Street, Queens, NY 11102",source_bbl_found_in_official_nyc_data|parcel_has_multiple_unresolved_hpd_buildings|primary_address_matches_2_hpd_buildings,417984|1005543
stabili-b57cd14f-f608-5b99-addc-351014441c2d,queens-2024-p13-r52,ambiguous,manual_review,"30-41 31st Street, Queens, NY 11102",4006150020,,,"30-41 31 Street, Queens, NY 11102",source_bbl_found_in_official_nyc_data|parcel_has_multiple_unresolved_hpd_buildings|primary_address_matches_2_hpd_buildings,418023|1007039
stabili-3e2157f5-5be7-5146-89b4-c64d43237051,queens-2024-p14-r14,ambiguous,manual_review,"30-75 32nd Street, Queens, NY 11102",4006160008,,,"30-75 32 Street, Queens, NY 11102",source_bbl_found_in_official_nyc_data|parcel_has_multiple_unresolved_hpd_buildings|primary_address_matches_2_hpd_buildings,419294|984660
stabili-79476e28-9162-5af5-ae3c-323b48694eb5,queens-2024-p14-r54,ambiguous,manual_review,"30-14 33rd Street, Queens, NY 11102",4006160040,,,"30-14 33 Street, Queens, NY 11102",source_bbl_found_in_official_nyc_data|parcel_has_multiple_unresolved_hpd_buildings|primary_address_matches_2_hpd_buildings,420516|882958
stabili-832e61a6-9f8a-58b7-a72b-b053a7c1efce,queens-2024-p15-r44,ambiguous,manual_review,"26-36 4th Street, Queens, NY 11102",4009100039,,,"26-36 4 Street, Queens, NY 11102",source_bbl_found_in_official_nyc_data|parcel_has_multiple_unresolved_hpd_buildings|primary_address_matches_2_hpd_buildings,992498|1013464
stabili-8c0d3bb3-b25a-5fbd-999d-00a4b9b9ab32,queens-2024-p15-r53,ambiguous,manual_review,"22-07–22-09 Astoria Boulevard, Queens, NY 11102",4008840005,,,"22-09 Astoria Boulevard, Queens, NY 11102",source_bbl_found_in_official_nyc_data|parcel_has_multiple_unresolved_hpd_buildings|primary_address_matches_2_hpd_buildings,628880|967256
stabili-a2ae0e56-77a0-598a-8ea0-b70f93678c38,queens-2024-p15-r54,ambiguous,manual_review,"22-14 Astoria Boulevard, Queens, NY 11102",4005420005,,,"22-14 Astoria Boulevard, Queens, NY 11102",source_bbl_found_in_official_nyc_data|parcel_has_multiple_unresolved_hpd_buildings|primary_address_matches_2_hpd_buildings,628882|880011
stabili-eb187cef-0d7f-5f87-91cf-de9c1231ebdc,queens-2024-p16-r2,ambiguous,manual_review,"23-15 Astoria Boulevard, Queens, NY 11102",4008720011,,,"23-15 Astoria Boulevard, Queens, NY 11102",source_bbl_found_in_official_nyc_data|parcel_has_multiple_unresolved_hpd_buildings|primary_address_matches_2_hpd_buildings,628888|973066
stabili-b4d78f0a-72d7-5afb-9650-88d96538d1d7,queens-2024-p16-r17,ambiguous,manual_review,"3011 Astoria Boulevard, Queens, NY 11102",4008380008,,,"29-22 Hoyt Avenue South, Queens, NY 11102",source_bbl_found_in_official_nyc_data|parcel_has_multiple_unresolved_hpd_buildings,628951|811554
stabili-34a33eb3-e4f2-5481-9949-1a429d22404d,queens-2024-p16-r18,ambiguous,manual_review,"25-15 Crescent Street, Queens, NY 11102",4008610033,,,"25-15 Crescent Street, Queens, NY 11102",source_bbl_found_in_official_nyc_data|parcel_has_multiple_unresolved_hpd_buildings|primary_address_matches_2_hpd_buildings,411512|940541
stabili-da4f6b6f-1f58-5684-be53-94fe9e381f67,queens-2024-p16-r19,ambiguous,manual_review,"25-20 Crescent Street, Queens, NY 11102",4008720065,,,"25-20 Crescent Street, Queens, NY 11102",source_bbl_found_in_official_nyc_data|parcel_has_multiple_unresolved_hpd_buildings|primary_address_matches_2_hpd_buildings,411515|844222
stabili-c696faca-5f1a-5f5e-9132-ea41156188fa,queens-2024-p16-r40,ambiguous,manual_review,"25-22 Hoyt Avenue South, Queens, NY 11102",4008610044,,,"25-22 Hoyt Avenue South, Queens, NY 11102",source_bbl_found_in_official_nyc_data|parcel_has_multiple_unresolved_hpd_buildings|primary_address_matches_2_hpd_buildings,665824|994179
stabili-cc251b3f-d3f5-5598-b3b4-58a29ebb73f1,queens-2024-p16-r46,ambiguous,manual_review,"2922 Hoyt Avenue South, Queens, NY 11102",4008380008,,,"29-22 Hoyt Avenue South, Queens, NY 11102",source_bbl_found_in_official_nyc_data|parcel_has_multiple_unresolved_hpd_buildings,628951|811554
stabili-ec03a803-ae63-57b2-b464-a00c5ed5f148,queens-2024-p17-r1,ambiguous,manual_review,"29-19 Newtown Avenue, Queens, NY 11102",4005970007,,,"29-19 Newtown Avenue, Queens, NY 11102",source_bbl_found_in_official_nyc_data|parcel_has_multiple_unresolved_hpd_buildings|primary_address_matches_2_hpd_buildings,683888|978747
stabili-ce1d9432-7eda-506b-9c71-f0bd98df9c76,queens-2024-p17-r2,ambiguous,manual_review,"29-28 Newtown Avenue, Queens, NY 11102",4005940050,,,"29-28 Newtown Avenue, Queens, NY 11102",source_bbl_found_in_official_nyc_data|parcel_has_multiple_unresolved_hpd_buildings|primary_address_matches_2_hpd_buildings,683892|1003619
stabili-9259cf0c-28fa-53d5-8148-86201b7059fb,queens-2024-p17-r5,ambiguous,manual_review,"30-03 Newtown Avenue, Queens, NY 11102",4005980076,,,"30-03 Newtown Avenue, Queens, NY 11102",source_bbl_found_in_official_nyc_data|parcel_has_multiple_unresolved_hpd_buildings|primary_address_matches_2_hpd_buildings,683895|933268
stabili-2cf132fe-b18b-5e51-a600-e062fe4c77b9,queens-2024-p17-r9,ambiguous,manual_review,"11-07 Welling Court, Queens, NY 11102",4005070019,,,"11-07 Welling Court, Queens, NY 11102",source_bbl_found_in_official_nyc_data|parcel_has_multiple_unresolved_hpd_buildings|primary_address_matches_2_hpd_buildings,703413|966773
stabili-da577129-51a9-5c0a-9a61-e22cf200037e,queens-2024-p18-r36,ambiguous,manual_review,"37-14 31st Avenue, Queens, NY 11103",4006570043,,,"37-14 31 Avenue, Queens, NY 11103",source_bbl_found_in_official_nyc_data|parcel_has_multiple_unresolved_hpd_buildings|primary_address_matches_2_hpd_buildings,417258|968838
stabili-4da5c576-024b-5532-a765-42627f7174f0,queens-2024-p20-r16,ambiguous,manual_review,"25-83 35th Street, Queens, NY 11103",4006330003,,,"25-83 35 Street, Queens, NY 11103",source_bbl_found_in_official_nyc_data|parcel_has_multiple_unresolved_hpd_buildings|primary_address_matches_2_hpd_buildings,422848|929504
stabili-08eccb30-292d-5314-9a33-21046a35a351,queens-2024-p20-r19,ambiguous,manual_review,"28-15 35th Street, Queens, NY 11103",4006290015,,,"28-15 35Th Street, Queens, NY 11103",source_bbl_found_in_official_nyc_data|parcel_has_multiple_unresolved_hpd_buildings|primary_address_matches_2_hpd_buildings,422857|1008479
stabili-a325009d-b75f-5483-98c4-75560c0d1de5,queens-2024-p20-r52,ambiguous,manual_review,"25-67 36th Street, Queens, NY 11103",4006520010,,,"25-67 36 Street, Queens, NY 11103",source_bbl_found_in_official_nyc_data|parcel_has_multiple_unresolved_hpd_buildings|primary_address_matches_2_hpd_buildings,423724|946348
stabili-cf7e7541-8a4c-56f7-9353-03681fc9faa1,queens-2024-p21-r8,ambiguous,manual_review,"30-60 36th Street, Queens, NY 11103",4006500069,,,"30-60 36 Street, Queens, NY 11103",source_bbl_found_in_official_nyc_data|parcel_has_multiple_unresolved_hpd_buildings|primary_address_matches_2_hpd_buildings,423827|925743
stabili-a3690644-554d-5241-8827-7ad2affe158d,queens-2024-p21-r9,ambiguous,manual_review,"30-86 36th Street, Queens, NY 11103",4006500080,,,"30-86 36 Street, Queens, NY 11103",source_bbl_found_in_official_nyc_data|parcel_has_multiple_unresolved_hpd_buildings|primary_address_matches_2_hpd_buildings,423846|942514
stabili-654b2bdc-6806-5b0f-b552-ef3ceb312498,queens-2024-p21-r10,ambiguous,manual_review,"30-88 36th Street, Queens, NY 11103",4006500081,,,"30-88 36 Street, Queens, NY 11103",source_bbl_found_in_official_nyc_data|parcel_has_multiple_unresolved_hpd_buildings|primary_address_matches_2_hpd_buildings,423848|936981
stabili-aeb867b1-55d3-56df-a413-bb716cbee8d1,queens-2024-p21-r32,ambiguous,manual_review,"28-43 37th Street, Queens, NY 11103",4006610003,,,"28-43 37 Street, Queens, NY 11103",source_bbl_found_in_official_nyc_data|parcel_has_multiple_unresolved_hpd_buildings|primary_address_matches_2_hpd_buildings,425171|932989
stabili-24692b95-79fc-5710-8cb6-84de475d9070,queens-2024-p21-r46,ambiguous,manual_review,"31-61 37th Street, Queens, NY 11103",4006570017,,,"31-61 37 Street, Queens, NY 11103",source_bbl_found_in_official_nyc_data|parcel_has_multiple_unresolved_hpd_buildings|primary_address_matches_2_hpd_buildings,425285|935181
stabili-38500cf8-5c45-5b82-ad9d-8f7c2829a103,queens-2024-p22-r12,ambiguous,manual_review,"25-36 38th Street, Queens, NY 11103",4006530074,,,"25-36 38 Street, Queens, NY 11103",source_bbl_found_in_official_nyc_data|parcel_has_multiple_unresolved_hpd_buildings|primary_address_matches_2_hpd_buildings,426273|897726
stabili-f5a4973a-7edd-5bc3-a74e-ce42b961c6c5,queens-2024-p22-r13,ambiguous,manual_review,"25-38 38th Street, Queens, NY 11103",4006530075,,,"25-38 38 Street, Queens, NY 11103",source_bbl_found_in_official_nyc_data|parcel_has_multiple_unresolved_hpd_buildings|primary_address_matches_2_hpd_buildings,426275|897748
stabili-77ac35ee-3486-55ce-8226-1134632efcaf,queens-2024-p22-r18,ambiguous,manual_review,"25-56 38th Street, Queens, NY 11103",4006530081,,,"25-56 38 Street, Queens, NY 11103",source_bbl_found_in_official_nyc_data|parcel_has_multiple_unresolved_hpd_buildings|primary_address_matches_2_hpd_buildings,426286|939915
stabili-0f314adb-812f-5913-898f-470ed7e6492b,queens-2024-p29-r33,ambiguous,manual_review,"25-88 49th Street, Queens, NY 11103",4007440080,,,"25-88 49 Street, Queens, NY 11103",source_bbl_found_in_official_nyc_data|parcel_has_multiple_unresolved_hpd_buildings|primary_address_matches_2_hpd_buildings,439098|982686
stabili-9d655431-d501-5845-b538-4b721657ae2f,queens-2024-p30-r17,ambiguous,manual_review,"45-11 Broadway, Queens, NY 11103",4007110004,,,"45-11 Broadway, Queens, NY 11103",source_bbl_found_in_official_nyc_data|parcel_has_multiple_unresolved_hpd_buildings|primary_address_matches_2_hpd_buildings,640665|939343
stabili-e66201b1-2ab4-56c7-9189-29b657f82de1,queens-2024-p34-r10,ambiguous,manual_review,"48-23 42nd Street, Queens, NY 11104",4001780025,,,"48-10 43 Street, Queens, NY 11104",source_bbl_found_in_official_nyc_data|parcel_has_multiple_unresolved_hpd_buildings|primary_address_matches_2_hpd_buildings,432231|845282|845285|845286|845296
stabili-5d99568b-369d-5617-aa33-d0fa2decfbe4,queens-2024-p34-r31,ambiguous,manual_review,"41-28 44th Street, Queens, NY 11104",4001580034,,,"41-28 44 Street, Queens, NY 11104",source_bbl_found_in_official_nyc_data|parcel_has_multiple_unresolved_hpd_buildings|primary_address_matches_2_hpd_buildings,433027|995892
stabili-4cc67183-f749-586b-8273-e5b263af3407,queens-2024-p35-r30,ambiguous,manual_review,"43-16–43-22 47th Street, Queens, NY 11104",4001410027,,,"46-16 47 Street, Queens, NY 11104",source_bbl_found_in_official_nyc_data|parcel_has_multiple_unresolved_hpd_buildings|primary_address_matches_2_hpd_buildings,431218|810427|810428|810429|810430|866380|866385|866390
stabili-800df6b9-3ce2-5754-bf04-77d338e6b082,queens-2024-p36-r46,ambiguous,manual_review,"46-01–46-31 Skillman Avenue, Queens, NY 11104",4001490001,,,"46-15 Skillman Avenue, Queens, NY 11104",source_bbl_found_in_official_nyc_data|parcel_has_multiple_unresolved_hpd_buildings|primary_address_matches_3_hpd_buildings,695120|942448|943159|943174|943175|943176|943228
stabili-f733ba6b-44bd-55b7-9cc2-6326f2a4288f,queens-2024-p37-r5,ambiguous,manual_review,"20-53–20-65 18th Street, Queens, NY 11105",4008940030,,,"20-53 18 Street, Queens, NY 11105",source_bbl_found_in_official_nyc_data|parcel_has_multiple_unresolved_hpd_buildings|primary_address_matches_5_hpd_buildings,404644|929814|929816|929818|929858|929860|929861|929862|929869|930063
stabili-11de6493-f526-57fa-8e63-5faf240679b8,queens-2024-p37-r14,ambiguous,manual_review,"20-53–20-65 19th Street, Queens, NY 11105",4008930007,,,"20-52 20 Street, Queens, NY 11105",source_bbl_found_in_official_nyc_data|parcel_has_multiple_unresolved_hpd_buildings|primary_address_matches_2_hpd_buildings,405892|929669|929670|929671|929672|929673|929674
stabili-fd1705a7-ab79-5d07-aa42-8bb4250cb017,queens-2024-p37-r33,ambiguous,manual_review,"20-31–20-43 20th Street, Queens, NY 11105",4008930070,,,"20-31 20 Street, Queens, NY 11105",source_bbl_found_in_official_nyc_data|parcel_has_multiple_unresolved_hpd_buildings|primary_address_matches_5_hpd_buildings,405891|929649|929650|929651|929652|929653|929664
stabili-987ac70d-2775-52a6-b655-87f3d483c7b3,queens-2024-p37-r39,ambiguous,manual_review,"20-53–20-61 20th Street, Queens, NY 11105",4008930080,,,"20-53 20 Street, Queens, NY 11105",source_bbl_found_in_official_nyc_data|parcel_has_multiple_unresolved_hpd_buildings|primary_address_matches_4_hpd_buildings,405893|929629|929630|929631|929635|929646
stabili-35131d8a-4636-57c1-a93a-1b5cfab999ed,queens-2024-p37-r46,ambiguous,manual_review,"19-01–19-15 21st Avenue, Queens, NY 11105",4008930002,,,"19-09 21 Avenue, Queens, NY 11105",source_bbl_found_in_official_nyc_data|parcel_has_multiple_unresolved_hpd_buildings|primary_address_matches_3_hpd_buildings,406179|929666|929668
stabili-36e9d657-520c-50d1-b135-72d5769593b9,queens-2024-p37-r50,ambiguous,manual_review,"19-31 21st Drive, Queens, NY 11105",4008920049,,,"19-27 21 Drive, Queens, NY 11105",source_bbl_found_in_official_nyc_data|parcel_has_multiple_unresolved_hpd_buildings,406781|918601|918608|918609|918610|918619|918622
stabili-e15aa00b-d4bd-527a-8e38-58863e319b27,queens-2024-p37-r51,ambiguous,manual_review,"20-01–20-15 21st Avenue, Queens, NY 11105",4008930101,,,"20-01 21 Avenue, Queens, NY 11105",source_bbl_found_in_official_nyc_data|parcel_has_multiple_unresolved_hpd_buildings|primary_address_matches_3_hpd_buildings,406181|929626|929627
stabili-a2ec559a-ad07-5c5f-8aa3-09073a187e54,queens-2024-p38-r1,ambiguous,manual_review,"21-40 21st Street, Queens, NY 11105",4008920049,,,"19-27 21 Drive, Queens, NY 11105",source_bbl_found_in_official_nyc_data|parcel_has_multiple_unresolved_hpd_buildings,406781|918601|918608|918609|918610|918619|918622
stabili-3d003912-f90a-5063-9766-e8fcdab1396b,queens-2024-p38-r2,ambiguous,manual_review,"21-44 21st Street, Queens, NY 11105",4008920049,,,"19-27 21 Drive, Queens, NY 11105",source_bbl_found_in_official_nyc_data|parcel_has_multiple_unresolved_hpd_buildings,406781|918601|918608|918609|918610|918619|918622
stabili-9311caad-ed2c-503c-b94b-d08658d250ef,queens-2024-p38-r6,ambiguous,manual_review,"24-05–24-15 21st Avenue, Queens, NY 11105",4008710001,,,"24-05 21 Avenue, Queens, NY 11105",source_bbl_found_in_official_nyc_data|parcel_has_multiple_unresolved_hpd_buildings|primary_address_matches_3_hpd_buildings,406209|929988|995189
stabili-a68b8072-d6b9-589c-ae49-b43f345f63ac,queens-2024-p38-r19,ambiguous,manual_review,"26-18 23rd Avenue, Queens, NY 11105",4008540040,,,"26-18 23 Avenue, Queens, NY 11105",source_bbl_found_in_official_nyc_data|parcel_has_multiple_unresolved_hpd_buildings|primary_address_matches_2_hpd_buildings,408201|956099
stabili-f456ff77-cabc-5421-a042-cecb6f0c7983,queens-2024-p38-r20,ambiguous,manual_review,"27-07 23rd Avenue, Queens, NY 11105",4008550003,,,"27-07 23 Avenue, Queens, NY 11105",source_bbl_found_in_official_nyc_data|parcel_has_multiple_unresolved_hpd_buildings|primary_address_matches_2_hpd_buildings,408206|943349
stabili-4ae1e22e-2bc0-5cd6-ac9d-20e4a0854723,queens-2024-p38-r38,ambiguous,manual_review,"20-12–20-24 24th Street, Queens, NY 11105",4008810046,,,"20-12 24 Street, Queens, NY 11105",source_bbl_found_in_official_nyc_data|parcel_has_multiple_unresolved_hpd_buildings|primary_address_matches_3_hpd_buildings,409961|929876|929877
stabili-4d01e580-13da-56bf-a093-6eb92a439f98,queens-2024-p38-r39,ambiguous,manual_review,"20-32–20-44 24th Street, Queens, NY 11105",4008810060,,,"20-32 24 Street, Queens, NY 11105",source_bbl_found_in_official_nyc_data|parcel_has_multiple_unresolved_hpd_buildings|primary_address_matches_3_hpd_buildings,409962|929874|930062
stabili-35da3858-6f70-5bd8-9b29-7df7729107c1,queens-2024-p38-r40,ambiguous,manual_review,"20-52–20-64 24th Street, Queens, NY 11105",4008810070,,,"20-52 24 Street, Queens, NY 11105",source_bbl_found_in_official_nyc_data|parcel_has_multiple_unresolved_hpd_buildings|primary_address_matches_3_hpd_buildings,409963|929870|929873
stabili-5164ca54-8b3e-5532-8f92-f442640a82a9,queens-2024-p38-r44,ambiguous,manual_review,"2015–2025 24th Street, Queens, NY 11105",4008710030,,,"20-24 Crescent Street, Queens, NY 11105",source_bbl_found_in_official_nyc_data|parcel_has_multiple_unresolved_hpd_buildings,411332|930003|930010|930011|930014|930065|930067|1001773
stabili-a31aa45c-727b-5c1b-b903-172b97a3282a,queens-2024-p38-r45,ambiguous,manual_review,"2055–2065 24th Street, Queens, NY 11105",4008710006,,,"20-64 Crescent Street, Queens, NY 11105",source_bbl_found_in_official_nyc_data|parcel_has_multiple_unresolved_hpd_buildings,411336|929989|929990|929991|929992|929998|943796
stabili-e1cf2a8c-aacf-5b42-8c70-150fc41aa4da,queens-2024-p38-r46,ambiguous,manual_review,"20-65–20-75 26th Street, Queens, NY 11105",4008600001,,,"20-65 26 Street, Queens, NY 11105",source_bbl_found_in_official_nyc_data|parcel_has_multiple_unresolved_hpd_buildings|primary_address_matches_2_hpd_buildings,412536|929962|929963|929965|929966|929968|930058
stabili-bcd19fea-b144-5e42-8e3d-f6100956dfb2,queens-2024-p38-r47,ambiguous,manual_review,"20-66–20-74 26th Street, Queens, NY 11105",4008700001,,,"20-74 26 Street, Queens, NY 11105",source_bbl_found_in_official_nyc_data|parcel_has_multiple_unresolved_hpd_buildings|primary_address_matches_5_hpd_buildings,412537|930015|930016|930018|930026|930027|930029
stabili-1c16e2d6-464c-5bb6-aa7a-450a9d6ad841,queens-2024-p38-r52,ambiguous,manual_review,"22-67 26th Street, Queens, NY 11105",4008560006,,,"22-67 26 Street, Queens, NY 11105",source_bbl_found_in_official_nyc_data|parcel_has_multiple_unresolved_hpd_buildings|primary_address_matches_2_hpd_buildings,412579|811606
stabili-85520675-a8ad-5298-945f-83754ec18967,queens-2024-p38-r54,ambiguous,manual_review,"20-65–20-75 27th Street, Queens, NY 11105",4008590001,,,"20-75 27 Street, Queens, NY 11105",source_bbl_found_in_official_nyc_data|parcel_has_multiple_unresolved_hpd_buildings|primary_address_matches_2_hpd_buildings,413251|812082|864965|928591|929269|929270|929271
stabili-7fe179a9-e932-552c-aa19-6e655ea02177,queens-2024-p39-r30,ambiguous,manual_review,"2243 28th Street, Queens, NY 11105",4008450015,,,"22-43 28 Street, Queens, NY 11105",source_bbl_found_in_official_nyc_data|parcel_has_multiple_unresolved_hpd_buildings,895507|912308
stabili-b6eb56d6-8b13-5a23-bd56-21a94075acfb,queens-2024-p39-r49,ambiguous,manual_review,"20-38–20-40 31st Street, Queens, NY 11105",4008480052,,,"20-40 31 Street, Queens, NY 11105",source_bbl_found_in_official_nyc_data|parcel_has_multiple_unresolved_hpd_buildings|primary_address_matches_2_hpd_buildings,417834|810338
stabili-dbc1bdcd-40ed-5802-8022-578628127019,queens-2024-p39-r52,ambiguous,manual_review,"20-62–20-64 31st Street, Queens, NY 11105",4008480064,,,"20-64 31 Street, Queens, NY 11105",source_bbl_found_in_official_nyc_data|parcel_has_multiple_unresolved_hpd_buildings|primary_address_matches_2_hpd_buildings,417849|810340
stabili-5e410e49-f44c-5fe3-aeb0-7fb4615ac0ba,queens-2024-p40-r4,ambiguous,manual_review,"23-61 31st Street, Queens, NY 11105",4008350014,,,"23-61 31 Street, Queens, NY 11105",source_bbl_found_in_official_nyc_data|parcel_has_multiple_unresolved_hpd_buildings|primary_address_matches_2_hpd_buildings,417923|1001403
stabili-f767a7ba-78e6-5dcc-a5da-e99dc1bc54bd,queens-2024-p40-r5,ambiguous,manual_review,"23-67 31st Street, Queens, NY 11105",4008350012,,,"23-67 31 Street, Queens, NY 11105",source_bbl_found_in_official_nyc_data|parcel_has_multiple_unresolved_hpd_buildings|primary_address_matches_2_hpd_buildings,417925|935088
stabili-dc9b3ec2-592f-5b8e-9077-79f69e658e93,queens-2024-p40-r18,ambiguous,manual_review,"21-60–21-68 33rd Street, Queens, NY 11105",4008310089,,,"21-60 33 Street, Queens, NY 11105",source_bbl_found_in_official_nyc_data|parcel_has_multiple_unresolved_hpd_buildings|primary_address_matches_2_hpd_buildings,420306|947418
stabili-32013eba-5d4d-5ff2-8cc0-45307596e901,queens-2024-p41-r56,ambiguous,manual_review,"20-15–20-25 Crescent Street, Queens, NY 11105",4008700028,,,"20-25 Crescent Street, Queens, NY 11105",source_bbl_found_in_official_nyc_data|parcel_has_multiple_unresolved_hpd_buildings|primary_address_matches_3_hpd_buildings,411333|929961|929969
stabili-165b421a-fece-5172-8e28-d3b86e98e19c,queens-2024-p42-r1,ambiguous,manual_review,"20-32–20-44 Crescent Street, Queens, NY 11105",4008710020,,,"20-44 Crescent Street, Queens, NY 11105",source_bbl_found_in_official_nyc_data|parcel_has_multiple_unresolved_hpd_buildings|primary_address_matches_5_hpd_buildings,411334|930002|930064|930066|930070|930086|946489
stabili-f8f45473-e33a-5678-b9ad-1e3384736c41,queens-2024-p42-r2,ambiguous,manual_review,"20-35–20-55 Crescent Street, Queens, NY 11105",4008700012,,,"20-55 Crescent Street, Queens, NY 11105",source_bbl_found_in_official_nyc_data|parcel_has_multiple_unresolved_hpd_buildings|primary_address_matches_5_hpd_buildings,411335|930031|930032|930033|930034
stabili-4998dfdd-cc10-539e-8961-bdfcd8951f48,queens-2024-p42-r50,ambiguous,manual_review,"20-65–20-75 Shore Boulevard, Queens, NY 11105",4008940050,,,"20-65 Shore Boulevard, Queens, NY 11105",source_bbl_found_in_official_nyc_data|parcel_has_multiple_unresolved_hpd_buildings|primary_address_matches_5_hpd_buildings,694858|929811|929812|929880|929881
stabili-25e6d258-6232-5341-bd0e-618796239854,queens-2024-p43-r36,ambiguous,manual_review,"31-41 12th Street, Queens, NY 11106",4005190024,,,"31-41 12 Street, Queens, NY 11106",source_bbl_found_in_official_nyc_data|parcel_has_multiple_unresolved_hpd_buildings|primary_address_matches_2_hpd_buildings,402133|864685
stabili-3855f7e9-23b3-5bf0-a662-f8808052f367,queens-2024-p43-r41,ambiguous,manual_review,"31-64–31-68 21st Street, Queens, NY 11106",4005310060,,,"31-64 21 Street, Queens, NY 11106",source_bbl_found_in_official_nyc_data|parcel_has_multiple_unresolved_hpd_buildings|primary_address_matches_2_hpd_buildings,407000|873830
stabili-2b19ea12-9cf3-5c3e-9205-7ddeb9e9c93b,queens-2024-p46-r5,ambiguous,manual_review,"21-03 31st Avenue, Queens, NY 11106",4005510013,,,"21-03 31 Avenue, Queens, NY 11106",source_bbl_found_in_official_nyc_data|parcel_has_multiple_unresolved_hpd_buildings|primary_address_matches_2_hpd_buildings,417088|969604
stabili-dfaf8b3e-0eb5-5e3e-83e4-70bec1d529dd,queens-2024-p46-r6,ambiguous,manual_review,"21-16 31st Avenue, Queens, NY 11106",4005520022,,,"21-16 31 Avenue, Queens, NY 11106",source_bbl_found_in_official_nyc_data|parcel_has_multiple_unresolved_hpd_buildings|primary_address_matches_2_hpd_buildings,417096|992060
stabili-68ff81d8-4d43-5027-82e9-5afa46adcaa5,queens-2024-p46-r28,ambiguous,manual_review,"23-36 31st Drive, Queens, NY 11106",4005670040,,,"23-36 31 Drive, Queens, NY 11106",source_bbl_found_in_official_nyc_data|parcel_has_multiple_unresolved_hpd_buildings|primary_address_matches_2_hpd_buildings,417715|955573
stabili-1a30cc59-c376-578b-96aa-c9ee3de9d650,queens-2024-p46-r47,ambiguous,manual_review,"29-17 31st Avenue, Queens, NY 11106",4005900017,,,"29-17 31 Avenue, Queens, NY 11102",source_bbl_found_in_official_nyc_data|parcel_has_multiple_unresolved_hpd_buildings|primary_address_matches_2_hpd_buildings,417169|844386
stabili-0a13232f-d971-5e3d-a502-781fd4a2d5ab,queens-2024-p49-r53,ambiguous,manual_review,"32-45 34th Street, Queens, NY 11106",4006220019,,,"32-45 34 Street, Queens, NY 11106",source_bbl_found_in_official_nyc_data|parcel_has_multiple_unresolved_hpd_buildings|primary_address_matches_2_hpd_buildings,421795|968965
stabili-67f2aea5-1e72-5883-ab22-9c3bfba3222a,queens-2024-p51-r28,ambiguous,manual_review,"32-27 35th Street, Queens, NY 11106",4006460027,,,"32-27 35 Street, Queens, NY 11106",source_bbl_found_in_official_nyc_data|parcel_has_multiple_unresolved_hpd_buildings|primary_address_matches_2_hpd_buildings,423011|991142
stabili-9ca17de1-4bfe-5591-b728-bb329c0958f4,queens-2024-p52-r32,ambiguous,manual_review,"23-24 Broadway, Queens, NY 11106",4005660038,,,"23-24 Broadway, Queens, NY 11106",source_bbl_found_in_official_nyc_data|parcel_has_multiple_unresolved_hpd_buildings|primary_address_matches_2_hpd_buildings,640435|978086
stabili-04ccb92c-7596-50b3-b41e-23d48cabda70,queens-2024-p52-r38,ambiguous,manual_review,"25-28 Broadway, Queens, NY 11106",4005800028,,,"25-28 Broadway, Queens, NY 11106",source_bbl_found_in_official_nyc_data|parcel_has_multiple_unresolved_hpd_buildings|primary_address_matches_2_hpd_buildings,640464|1001927
stabili-fb425452-a610-591e-9872-c74bdf516759,queens-2024-p53-r24,ambiguous,manual_review,"31-15 137th Street, Queens, NY 11354",4044100019,,,"31-15 137 Street, Queens, NY 11354",source_bbl_found_in_official_nyc_data|parcel_has_multiple_unresolved_hpd_buildings|primary_address_matches_2_hpd_buildings,549490|922621
stabili-d89879ad-6a5a-5230-9361-270fb47416f3,queens-2024-p54-r40,ambiguous,manual_review,"139-11 34th Avenue, Queens, NY 11354",4049550001,,,"139-11 34 Avenue, Queens, NY 11354",source_bbl_found_in_official_nyc_data|parcel_has_multiple_unresolved_hpd_buildings|primary_address_matches_2_hpd_buildings,420980|911131
stabili-b7abfcad-0343-5107-a74e-45d03adba7ed,queens-2024-p55-r33,ambiguous,manual_review,"147-25–147-43 38th Avenue, Queens, NY 11354",4050160007,,,"147-35 38 Avenue, Queens, NY 11354",source_bbl_found_in_official_nyc_data|parcel_has_multiple_unresolved_hpd_buildings|primary_address_matches_3_hpd_buildings,425714|810391|810392
stabili-f813c048-877d-598e-9259-584eabf5ccca,queens-2024-p56-r2,ambiguous,manual_review,"33-17 Leavitt Street, Queens, NY 11354",4049550003,,,"33-17 Leavitt Street, Queens, NY 11354",source_bbl_found_in_official_nyc_data|parcel_has_multiple_unresolved_hpd_buildings|primary_address_matches_2_hpd_buildings,866219|886936
stabili-9ccbda26-34d7-5e8b-8b3a-e7fa9cb3521f,queens-2024-p56-r6,ambiguous,manual_review,"35-09 Leavitt Street, Queens, NY 11354",4049610013,,,"35-09 Leavitt Street, Queens, NY 11354",source_bbl_found_in_official_nyc_data|parcel_has_multiple_unresolved_hpd_buildings|primary_address_matches_2_hpd_buildings,672321|948372
stabili-6aa69101-7582-51e9-9c82-e0e535cf1ecf,queens-2024-p56-r8,ambiguous,manual_review,"31-09 Linden Place, Queens, NY 11354",4044090024,,,"31-09 Linden Place, Queens, NY 11354",source_bbl_found_in_official_nyc_data|parcel_has_multiple_unresolved_hpd_buildings|primary_address_matches_2_hpd_buildings,675017|822408
stabili-afeda346-5d6f-58fd-a599-54614adb0d6a,queens-2024-p57-r8,ambiguous,manual_review,"33-02 Union Street, Queens, NY 11354",4049540044,,,"33-02 Union Street, Queens, NY 11354",source_bbl_found_in_official_nyc_data|parcel_has_multiple_unresolved_hpd_buildings|primary_address_matches_2_hpd_buildings,700128|811892|828568
stabili-fa025c0b-a9cd-5676-b508-a1eae5bbbbef,queens-2024-p57-r20,ambiguous,manual_review,"55-31 138th Street, Queens, NY 11355",4051310011,,,"55-31 138 Street, Queens, NY 11355",source_bbl_found_in_official_nyc_data|parcel_has_multiple_unresolved_hpd_buildings|primary_address_matches_2_hpd_buildings,549952|912114
stabili-4c20b360-959e-565a-be7d-db85646ca1ef,queens-2024-p57-r37,ambiguous,manual_review,"132-48 41st Road, Queens, NY 11355",4050400027,,,"132-57 Sanford Avenue, Queens, NY 11355",source_bbl_found_in_official_nyc_data|parcel_has_multiple_unresolved_hpd_buildings,693429|973741
stabili-f181cd2a-962c-5f01-b1d3-6307b6691ffd,queens-2024-p57-r39,ambiguous,manual_review,"132-53 41st Avenue, Queens, NY 11355",4050370089,,,"132-53 41 Avenue, Queens, NY 11355",source_bbl_found_in_official_nyc_data|parcel_has_multiple_unresolved_hpd_buildings|primary_address_matches_2_hpd_buildings,428338|992554
stabili-78d05434-e4d5-5915-9da6-10dddb3f1c9e,queens-2024-p59-r27,ambiguous,manual_review,"134-09 Cherry Avenue, Queens, NY 11355",4051240002,,,"134-17 Cherry Avenue, Queens, NY 11355",source_bbl_found_in_official_nyc_data|parcel_has_multiple_unresolved_hpd_buildings,643564|811345
stabili-0d88688a-72b1-5efc-a0b5-e25b14550b32,queens-2024-p59-r40,ambiguous,manual_review,"143-06 Cherry Avenue, Queens, NY 11355",4051950025,,,"143-04 Cherry Avenue, Queens, NY 11355",source_bbl_found_in_official_nyc_data|parcel_has_multiple_unresolved_hpd_buildings|primary_address_matches_2_hpd_buildings,643633|811346
stabili-386b276b-7a65-58c3-85f6-a6d611ec05be,queens-2024-p61-r6,ambiguous,manual_review,"132-25 Pople Avenue, Queens, NY 11355",4051020052,,,"132-25 Pople Avenue, Queens, NY 11355",source_bbl_found_in_official_nyc_data|parcel_has_multiple_unresolved_hpd_buildings|primary_address_matches_2_hpd_buildings,689191|939086
stabili-1ed87964-416d-55d6-9118-d79c6afa717c,queens-2024-p61-r28,ambiguous,manual_review,"144-35–144-45 Sanford Avenue, Queens, NY 11355",4050510020,,,"144-41 Sanford Avenue, Queens, NY 11355",source_bbl_found_in_official_nyc_data|parcel_has_multiple_unresolved_hpd_buildings|primary_address_matches_3_hpd_buildings,693471|1016186|1016189
stabili-e631c6bf-c9e3-5c4a-9f30-6de869e135d3,queens-2024-p61-r29,ambiguous,manual_review,"144-41 Sanford Avenue, Queens, NY 11355",4050510020,,,"144-41 Sanford Avenue, Queens, NY 11355",source_bbl_found_in_official_nyc_data|parcel_has_multiple_unresolved_hpd_buildings|primary_address_matches_2_hpd_buildings,693471|1016186|1016189
stabili-5f81d195-f89e-5a72-bdea-3de147f4b43c,queens-2024-p61-r40,ambiguous,manual_review,"42-91 Saull Street, Queens, NY 11355",4051240002,,,"134-17 Cherry Avenue, Queens, NY 11355",source_bbl_found_in_official_nyc_data|parcel_has_multiple_unresolved_hpd_buildings,643564|811345
stabili-dbe7a590-4ec6-5dab-af3b-6ada3aff78c4,queens-2024-p62-r14,ambiguous,manual_review,"22-18 120th Street, Queens, NY 11356",4041950035,,,"22-18 120 Street, Queens, NY 11356",source_bbl_found_in_official_nyc_data|parcel_has_multiple_unresolved_hpd_buildings|primary_address_matches_2_hpd_buildings,534484|853977
stabili-3281085a-c3ff-5964-968e-dd94ccab9ec3,queens-2024-p63-r16,ambiguous,manual_review,"10-33 Whitestone Expressway, Queens, NY 11357",4044590062,,,"107-27 11 Avenue, Queens, NY 11357",source_bbl_found_in_official_nyc_data|parcel_has_multiple_unresolved_hpd_buildings,704063|811957|975544|975546
stabili-c98aebea-3a7b-5036-ad7f-9ccb775c2e83,queens-2024-p63-r17,ambiguous,manual_review,"10-25 Whitestone Expressway, Queens, NY 11357",4044590062,,,"107-27 11 Avenue, Queens, NY 11357",source_bbl_found_in_official_nyc_data|parcel_has_multiple_unresolved_hpd_buildings,704063|811957|975544|975546
stabili-1300fb41-39f1-5e50-a2f1-a31fad63fead,queens-2024-p63-r18,ambiguous,manual_review,"10-31 Whitestone Expressway, Queens, NY 11357",4044590062,,,"107-27 11 Avenue, Queens, NY 11357",source_bbl_found_in_official_nyc_data|parcel_has_multiple_unresolved_hpd_buildings,704063|811957|975544|975546
stabili-ccedbdb2-ded9-575b-be11-923b78c2d43e,queens-2024-p63-r26,ambiguous,manual_review,"41-04–41-08 159th Street, Queens, NY 11358",4053310024,,,"41-04 159 Street, Queens, NY 11358",source_bbl_found_in_official_nyc_data|parcel_has_multiple_unresolved_hpd_buildings|primary_address_matches_2_hpd_buildings,565759|946138
stabili-817cedee-67b2-5d76-b372-b71e6e8e618b,queens-2024-p63-r42,ambiguous,manual_review,"35-91 163rd Street, Queens, NY 11358",4052830001,,,"163-01 Crocheron Avenue, Queens, NY 11358",source_bbl_found_in_official_nyc_data|parcel_has_multiple_unresolved_hpd_buildings,647431|811020|811368|811369
stabili-9bf3c0d6-f064-5cf3-b815-084a3b10e3fa,queens-2024-p64-r24,ambiguous,manual_review,"36-35–36-40 171st Street, Queens, NY 11358",4053020083,,,"36-35 171 Street, Queens, NY 11358",source_bbl_found_in_official_nyc_data|parcel_has_multiple_unresolved_hpd_buildings|primary_address_matches_2_hpd_buildings,575972|968698
stabili-21636ff2-9338-57ed-9695-4a0615135b9b,queens-2024-p64-r44,ambiguous,manual_review,"40-11–40-35 192nd Street, Queens, NY 11358",4053570033,,,"40-11 192 Street, Queens, NY 11358",source_bbl_found_in_official_nyc_data|parcel_has_multiple_unresolved_hpd_buildings|primary_address_matches_8_hpd_buildings,585855|946365|946367|946368|946370|946371|946385|946386
stabili-11f4a94b-fe73-51ea-81a4-8529b9911488,queens-2024-p64-r53,ambiguous,manual_review,"40-46–40-48 193rd Street, Queens, NY 11358",4053570001,,,"192-07 42 Avenue, Queens, NY 11358",source_bbl_found_in_official_nyc_data|parcel_has_multiple_unresolved_hpd_buildings|primary_address_matches_2_hpd_buildings,429756|811065|881616|946395|946397|955234|955235
stabili-e74104f3-9e42-59a4-a054-0ec5bb53f3c0,queens-2024-p65-r17,ambiguous,manual_review,"190-05–190-17 39th Avenue, Queens, NY 11358",4053110001,,,"190-05 39 Avenue, Queens, NY 11358",source_bbl_found_in_official_nyc_data|parcel_has_multiple_unresolved_hpd_buildings|primary_address_matches_3_hpd_buildings,426865|941594|941595|941596|941597
stabili-35b8164e-8507-52fa-adcf-39002f8052d1,queens-2024-p65-r33,ambiguous,manual_review,"171-15–171-19 Crocheron Avenue, Queens, NY 11358",4052990055,,,"171-15 Crocheron Avenue, Queens, NY 11358",source_bbl_found_in_official_nyc_data|parcel_has_multiple_unresolved_hpd_buildings|primary_address_matches_2_hpd_buildings,647463|931097|931110
stabili-738615b8-6687-5cee-aed3-d42b997e16a4,queens-2024-p66-r21,ambiguous,manual_review,"35-05–35-11 200th Street, Queens, NY 11361",4061430001,,,"200-02 35 Avenue, Queens, NY 11361",source_bbl_found_in_official_nyc_data|parcel_has_multiple_unresolved_hpd_buildings|primary_address_matches_2_hpd_buildings,422269|931233|931235|931236|931239|931241|931244|931246
stabili-d1b46c4c-84b2-5ec4-af51-e663a8787b9a,queens-2024-p66-r24,ambiguous,manual_review,"3506–3516 201st Street, Queens, NY 11361",4061430001,,,"200-02 35 Avenue, Queens, NY 11361",source_bbl_found_in_official_nyc_data|parcel_has_multiple_unresolved_hpd_buildings,422269|931233|931235|931236|931239|931241|931244|931246
stabili-fed42572-b826-5863-af3b-e85020a6f963,queens-2024-p66-r27,ambiguous,manual_review,"35-04–35-42 205th Street, Queens, NY 11361",4061490001,,,"204-03 35 Avenue, Queens, NY 11361",source_bbl_found_in_official_nyc_data|parcel_has_multiple_unresolved_hpd_buildings|primary_address_matches_8_hpd_buildings,422278|810384|811080|931112|931404|931405|931407|931408|931409|931411|931415|931602|931660|931665
stabili-b07da988-6477-5f4a-bd9a-bfa82831f9e3,queens-2024-p66-r29,ambiguous,manual_review,"3905–3907 208th Street, Queens, NY 11361",4062150002,,,"208-08 41 Avenue, Queens, NY 11361",source_bbl_found_in_official_nyc_data|parcel_has_multiple_unresolved_hpd_buildings,426961|812106
stabili-cbe62d74-79a0-56b2-aaae-81ad83d17a24,queens-2024-p66-r36,ambiguous,manual_review,"39-41–39-45 213th Street, Queens, NY 11361",4062370064,,,"39-41 213 Street, Queens, NY 11361",source_bbl_found_in_official_nyc_data|parcel_has_multiple_unresolved_hpd_buildings|primary_address_matches_2_hpd_buildings,601625|846876
stabili-ebf58ffd-a279-5cdf-b4fd-b9cc51b28fc7,queens-2024-p66-r49,ambiguous,manual_review,"47-19 216th Street, Queens, NY 11361",4073490001,,,"47-15 216 Street, Queens, NY 11361",source_bbl_found_in_official_nyc_data|parcel_has_multiple_unresolved_hpd_buildings,604597|810421|810435|882309|970831
stabili-526df1fd-ea9a-50ce-ba3c-a949b5913444,queens-2024-p66-r50,ambiguous,manual_review,"47-14 217th Street, Queens, NY 11361",4073490001,,,"47-15 216 Street, Queens, NY 11361",source_bbl_found_in_official_nyc_data|parcel_has_multiple_unresolved_hpd_buildings,604597|810421|810435|882309|970831
stabili-dabe6b89-8911-539b-bb9d-b9c8b29b6a61,queens-2024-p66-r53,ambiguous,manual_review,"200-02–200-14 35th Avenue, Queens, NY 11361",4061430001,,,"200-02 35 Avenue, Queens, NY 11361",source_bbl_found_in_official_nyc_data|parcel_has_multiple_unresolved_hpd_buildings|primary_address_matches_3_hpd_buildings,422269|931233|931235|931236|931239|931241|931244|931246
stabili-f3bdb88e-6c79-5bb4-8e2b-82a07d1eb6df,queens-2024-p66-r54,ambiguous,manual_review,"204-01–204-17 35th Avenue, Queens, NY 11361",4060890025,,,"204-05 35 Avenue, Queens, NY 11361",source_bbl_found_in_official_nyc_data|parcel_has_multiple_unresolved_hpd_buildings|primary_address_matches_2_hpd_buildings,422279|984319
stabili-e2fb60e4-5730-57dd-acdd-7cc91244b0c1,queens-2024-p66-r55,ambiguous,manual_review,"204-08–204-12 35th Avenue, Queens, NY 11361",4061490001,,,"204-03 35 Avenue, Queens, NY 11361",source_bbl_found_in_official_nyc_data|parcel_has_multiple_unresolved_hpd_buildings|primary_address_matches_2_hpd_buildings,422278|810384|811080|931112|931404|931405|931407|931408|931409|931411|931415|931602|931660|931665
stabili-341e4d7a-2731-5fb5-8146-645afb006372,queens-2024-p66-r56,ambiguous,manual_review,"205-06–205-14 35th Avenue, Queens, NY 11361",4061500001,,,"205-02 35 Avenue, Queens, NY 11361",source_bbl_found_in_official_nyc_data|parcel_has_multiple_unresolved_hpd_buildings|primary_address_matches_3_hpd_buildings,422281|811079|811081|812056|930668|931682|931684|931687|931691|931692|931693|931743|931745|931747|931748|931749|931750|931751|931752|946445
stabili-3153f850-a95b-5e8b-ba35-e10813785737,queens-2024-p67-r1,ambiguous,manual_review,"204-03–204-11 36th Avenue, Queens, NY 11361",4061490001,,,"204-03 35 Avenue, Queens, NY 11361",source_bbl_found_in_official_nyc_data|parcel_has_multiple_unresolved_hpd_buildings|primary_address_matches_3_hpd_buildings,422278|810384|811080|931112|931404|931405|931407|931408|931409|931411|931415|931602|931660|931665
stabili-ce5992f1-4d08-55aa-b007-6d00c943c0bb,queens-2024-p67-r13,ambiguous,manual_review,"211-01–211-11 42nd Avenue, Queens, NY 11361",4062270338,,,"211-01 42 Avenue, Queens, NY 11361",source_bbl_found_in_official_nyc_data|parcel_has_multiple_unresolved_hpd_buildings|primary_address_matches_3_hpd_buildings,429875|935606|935607
stabili-89a70e11-d924-51a3-b3a1-06c26e69af79,queens-2024-p67-r32,ambiguous,manual_review,"215-28–215-46 47th Avenue, Queens, NY 11361",4073480001,,,"215-28 47 Avenue, Queens, NY 11361",source_bbl_found_in_official_nyc_data|parcel_has_multiple_unresolved_hpd_buildings|primary_address_matches_2_hpd_buildings,436519|945665|946033|984779|984780|984781|984782|984783
stabili-a88bfaf4-40f9-5398-adbe-02c04f78c0e7,queens-2024-p67-r38,ambiguous,manual_review,"42-41–42-45 Corporal Kennedy Street, Queens, NY 11361",4062770002,,,"42-11 Corporal Kennedy St, Queens, NY 11361",source_bbl_found_in_official_nyc_data|parcel_has_multiple_unresolved_hpd_buildings,647094|810402|810407|811362
stabili-e50cc5f0-0e72-5561-95f7-38f46010705e,queens-2024-p67-r56,ambiguous,manual_review,"73-11–73-23 210th Street, Queens, NY 11364",4077320002,,,"73-50 Bell Boulevard, Queens, NY 11364",source_bbl_found_in_official_nyc_data|parcel_has_multiple_unresolved_hpd_buildings|primary_address_matches_2_hpd_buildings,470048|810633|810634|810652|811099|811281|905517|934149|938402|938405|938408|938421
stabili-83d8b78e-4cd2-589f-a24d-a1cc2c94f386,queens-2024-p68-r1,ambiguous,manual_review,"73-45–73-55 210th Street, Queens, NY 11364",4077320150,,,"210-11 75 Avenue, Queens, NY 11364",source_bbl_found_in_official_nyc_data|parcel_has_multiple_unresolved_hpd_buildings|primary_address_matches_2_hpd_buildings,472167|810650|811100|938432|938476|938510
stabili-fbe9712d-fb4b-5369-9db9-2bca2fa12220,queens-2024-p68-r2,ambiguous,manual_review,"75-25–75-35 210th Street, Queens, NY 11364",4077480400,,,"75-05 210 Street, Queens, NY 11364",source_bbl_found_in_official_nyc_data|parcel_has_multiple_unresolved_hpd_buildings|primary_address_matches_2_hpd_buildings,472168|811101|811102|938522|938562|938573
stabili-64424c23-f3a9-5161-8b68-7babc09e8e19,queens-2024-p68-r3,ambiguous,manual_review,"69-04–69-36 215th Street, Queens, NY 11364",4076360007,,,"69-11 213 Street, Queens, NY 11364",source_bbl_found_in_official_nyc_data|parcel_has_multiple_unresolved_hpd_buildings|primary_address_matches_2_hpd_buildings,601879|915052|915060|915094|915096|915131|915517|915527|915537|915543|915844
stabili-03db8ebb-3e99-5f85-8cd2-e8c0cbcd2015,queens-2024-p68-r4,ambiguous,manual_review,"73-11–73-37 217th Street, Queens, NY 11364",4077390003,,,"73-69 217 Street, Queens, NY 11364",source_bbl_found_in_official_nyc_data|parcel_has_multiple_unresolved_hpd_buildings|primary_address_matches_3_hpd_buildings,470051|909167|921543|921546|921564|921568|921570|921582|921642|921645|921698|921700|921738|921827|921828|921846|921855|922140|922148
stabili-8090d140-af97-5345-9f93-82dd7e6e519a,queens-2024-p68-r6,ambiguous,manual_review,"73-55–73-69 217th Street, Queens, NY 11364",4077390003,,,"73-69 217 Street, Queens, NY 11364",source_bbl_found_in_official_nyc_data|parcel_has_multiple_unresolved_hpd_buildings|primary_address_matches_2_hpd_buildings,470051|909167|921543|921546|921564|921568|921570|921582|921642|921645|921698|921700|921738|921827|921828|921846|921855|922140|922148
stabili-c65599ad-46fc-5109-8e2b-e9a1392ec1ed,queens-2024-p68-r7,ambiguous,manual_review,"75-05–75-41 217th Street, Queens, NY 11364",4077540003,,,"217-02 75 Avenue, Queens, NY 11364",source_bbl_found_in_official_nyc_data|parcel_has_multiple_unresolved_hpd_buildings|primary_address_matches_7_hpd_buildings,472170|860198|867542|882966|882969|895241|920684|920787|920789|920864|920870|920876|920885|920891|920917|920944|921022|921054|921100|921123
stabili-ea984d43-978f-53dc-978e-7a620f21d0cd,queens-2024-p68-r8,ambiguous,manual_review,"75-09 217th Street, Queens, NY 11364",4077540003,,,"217-02 75 Avenue, Queens, NY 11364",source_bbl_found_in_official_nyc_data|parcel_has_multiple_unresolved_hpd_buildings,472170|860198|867542|882966|882969|895241|920684|920787|920789|920864|920870|920876|920885|920891|920917|920944|921022|921054|921100|921123
stabili-ea701417-3f81-5c8b-9878-cbc976df79d2,queens-2024-p68-r10,ambiguous,manual_review,"75-21 217th Street, Queens, NY 11364",4077540003,,,"217-02 75 Avenue, Queens, NY 11364",source_bbl_found_in_official_nyc_data|parcel_has_multiple_unresolved_hpd_buildings,472170|860198|867542|882966|882969|895241|920684|920787|920789|920864|920870|920876|920885|920891|920917|920944|921022|921054|921100|921123
stabili-0d540471-1dc5-5396-8843-b1d07649badc,queens-2024-p68-r14,ambiguous,manual_review,"74-01–74-85 220th Street, Queens, NY 11364",4077420003,,,"73-36 Springfield Blvd, Queens, NY 11364",source_bbl_found_in_official_nyc_data|parcel_has_multiple_unresolved_hpd_buildings|primary_address_matches_4_hpd_buildings,696264|920292|920293|920311|920321|920338|920360|920362|920387|920469|920609|920612|920623|920630|920635|920645|920658|920764|920770|920773
stabili-97fd3cd6-e15b-58dd-ad1a-b413c193bf3a,queens-2024-p68-r15,ambiguous,manual_review,"74-16 220th Street, Queens, NY 11364",4077550003,,,"219-02 74 Avenue, Queens, NY 11364",source_bbl_found_in_official_nyc_data|parcel_has_multiple_unresolved_hpd_buildings,470908|867974|921178|921179|921213|921238|921240|921345|921349|921352|921368|921527|921529|921535
stabili-da3edd0d-0225-5b76-961f-fd2abc67531c,queens-2024-p68-r16,ambiguous,manual_review,"74-37 220th Street, Queens, NY 11364",4077420003,,,"73-36 Springfield Blvd, Queens, NY 11364",source_bbl_found_in_official_nyc_data|parcel_has_multiple_unresolved_hpd_buildings,696264|920292|920293|920311|920321|920338|920360|920362|920387|920469|920609|920612|920623|920630|920635|920645|920658|920764|920770|920773
stabili-761cd73f-1681-5585-b818-198f545fd970,queens-2024-p68-r17,ambiguous,manual_review,"74-44 220th Street, Queens, NY 11364",4077550003,,,"219-02 74 Avenue, Queens, NY 11364",source_bbl_found_in_official_nyc_data|parcel_has_multiple_unresolved_hpd_buildings,470908|867974|921178|921179|921213|921238|921240|921345|921349|921352|921368|921527|921529|921535
stabili-76a46dc9-a7e5-5820-afed-3213eaebbb3f,queens-2024-p68-r18,ambiguous,manual_review,"74-49 220th Street, Queens, NY 11364",4077420003,,,"73-36 Springfield Blvd, Queens, NY 11364",source_bbl_found_in_official_nyc_data|parcel_has_multiple_unresolved_hpd_buildings,696264|920292|920293|920311|920321|920338|920360|920362|920387|920469|920609|920612|920623|920630|920635|920645|920658|920764|920770|920773
stabili-106870c2-fcc0-5a03-aa80-288b539bdab0,queens-2024-p68-r19,ambiguous,manual_review,"74-75 220th Street, Queens, NY 11364",4077420003,,,"73-36 Springfield Blvd, Queens, NY 11364",source_bbl_found_in_official_nyc_data|parcel_has_multiple_unresolved_hpd_buildings,696264|920292|920293|920311|920321|920338|920360|920362|920387|920469|920609|920612|920623|920630|920635|920645|920658|920764|920770|920773
stabili-bd1e72ac-b3e1-558d-a6f5-b01481254899,queens-2024-p68-r20,ambiguous,manual_review,"74-76 220th Street, Queens, NY 11364",4077550003,,,"219-02 74 Avenue, Queens, NY 11364",source_bbl_found_in_official_nyc_data|parcel_has_multiple_unresolved_hpd_buildings,470908|867974|921178|921179|921213|921238|921240|921345|921349|921352|921368|921527|921529|921535
stabili-d70ae837-629c-54de-af85-434bdaab81b0,queens-2024-p68-r21,ambiguous,manual_review,"61-19 223rd Place, Queens, NY 11364",4076580002,,,"223-01 65 Avenue, Queens, NY 11364",source_bbl_found_in_official_nyc_data|parcel_has_multiple_unresolved_hpd_buildings,456765|918348|918349|918351|918497|918501|918507|918508|918512|918522|918532|918541|918550|918560|918575|918580|918704|918710|918715|918726
stabili-6f79602e-be80-5e6e-b0ae-6fd56d364299,queens-2024-p68-r23,ambiguous,manual_review,"61-21 223rd Place, Queens, NY 11364",4076580002,,,"223-01 65 Avenue, Queens, NY 11364",source_bbl_found_in_official_nyc_data|parcel_has_multiple_unresolved_hpd_buildings,456765|918348|918349|918351|918497|918501|918507|918508|918512|918522|918532|918541|918550|918560|918575|918580|918704|918710|918715|918726
stabili-bf9c6ef8-f425-520d-a5a9-69d0ecf6c102,queens-2024-p68-r24,ambiguous,manual_review,"61-22 223rd Place, Queens, NY 11364",4076440002,,,"61-53 Springfield Blvd, Queens, NY 11364",source_bbl_found_in_official_nyc_data|parcel_has_multiple_unresolved_hpd_buildings,696244|918190|918200|918233|918235|918237|918246|918248|918251|918253|918256|918261|918263|918308|918309|918311|918312|918315|918317|918321
stabili-a39a807c-db41-5a0a-8b24-2a4ebd9021c9,queens-2024-p68-r25,ambiguous,manual_review,"61-23 223rd Place, Queens, NY 11364",4076580002,,,"223-01 65 Avenue, Queens, NY 11364",source_bbl_found_in_official_nyc_data|parcel_has_multiple_unresolved_hpd_buildings,456765|918348|918349|918351|918497|918501|918507|918508|918512|918522|918532|918541|918550|918560|918575|918580|918704|918710|918715|918726
stabili-c7f9083a-2d58-558e-b95d-34a170e671bb,queens-2024-p68-r27,ambiguous,manual_review,"61-25 223rd Place, Queens, NY 11364",4076580002,,,"223-01 65 Avenue, Queens, NY 11364",source_bbl_found_in_official_nyc_data|parcel_has_multiple_unresolved_hpd_buildings,456765|918348|918349|918351|918497|918501|918507|918508|918512|918522|918532|918541|918550|918560|918575|918580|918704|918710|918715|918726
stabili-c81f1e5c-319b-53e8-94a7-e1c6e2227d70,queens-2024-p68-r28,ambiguous,manual_review,"61-26B 223rd Place, Queens, NY 11364",4076440002,,,"61-53 Springfield Blvd, Queens, NY 11364",source_bbl_found_in_official_nyc_data|parcel_has_multiple_unresolved_hpd_buildings,696244|918190|918200|918233|918235|918237|918246|918248|918251|918253|918256|918261|918263|918308|918309|918311|918312|918315|918317|918321
stabili-81c5cadd-9017-5237-887a-e9b373f18fb9,queens-2024-p68-r31,ambiguous,manual_review,"61-29B 223rd Place, Queens, NY 11364",4076580002,,,"223-01 65 Avenue, Queens, NY 11364",source_bbl_found_in_official_nyc_data|parcel_has_multiple_unresolved_hpd_buildings,456765|918348|918349|918351|918497|918501|918507|918508|918512|918522|918532|918541|918550|918560|918575|918580|918704|918710|918715|918726
stabili-37494707-dde7-5eac-b00b-6f584b8a00a5,queens-2024-p68-r32,ambiguous,manual_review,"61-30A 223rd Place, Queens, NY 11364",4076440002,,,"61-53 Springfield Blvd, Queens, NY 11364",source_bbl_found_in_official_nyc_data|parcel_has_multiple_unresolved_hpd_buildings,696244|918190|918200|918233|918235|918237|918246|918248|918251|918253|918256|918261|918263|918308|918309|918311|918312|918315|918317|918321
stabili-1baefb60-c244-5090-8bb2-b1fd46856482,queens-2024-p68-r33,ambiguous,manual_review,"61-31B 223rd Place, Queens, NY 11364",4076580002,,,"223-01 65 Avenue, Queens, NY 11364",source_bbl_found_in_official_nyc_data|parcel_has_multiple_unresolved_hpd_buildings,456765|918348|918349|918351|918497|918501|918507|918508|918512|918522|918532|918541|918550|918560|918575|918580|918704|918710|918715|918726
stabili-0db106b6-bbfd-5a61-87c1-caa6ef303a2f,queens-2024-p68-r35,ambiguous,manual_review,"61-33A 223rd Place, Queens, NY 11364",4076580002,,,"223-01 65 Avenue, Queens, NY 11364",source_bbl_found_in_official_nyc_data|parcel_has_multiple_unresolved_hpd_buildings,456765|918348|918349|918351|918497|918501|918507|918508|918512|918522|918532|918541|918550|918560|918575|918580|918704|918710|918715|918726
stabili-37be5d49-631e-527a-a6c1-b2059e88f635,queens-2024-p68-r37,ambiguous,manual_review,"61-35 223rd Place, Queens, NY 11364",4076580002,,,"223-01 65 Avenue, Queens, NY 11364",source_bbl_found_in_official_nyc_data|parcel_has_multiple_unresolved_hpd_buildings,456765|918348|918349|918351|918497|918501|918507|918508|918512|918522|918532|918541|918550|918560|918575|918580|918704|918710|918715|918726
stabili-63924c84-52f2-50ef-b922-b565a56ec7ed,queens-2024-p68-r39,ambiguous,manual_review,"61-37 223rd Place, Queens, NY 11364",4076580002,,,"223-01 65 Avenue, Queens, NY 11364",source_bbl_found_in_official_nyc_data|parcel_has_multiple_unresolved_hpd_buildings,456765|918348|918349|918351|918497|918501|918507|918508|918512|918522|918532|918541|918550|918560|918575|918580|918704|918710|918715|918726
stabili-1e9ed7ee-1bd1-520e-a5a8-d3b930d0d0d9,queens-2024-p68-r40,ambiguous,manual_review,"61-38 223rd Place, Queens, NY 11364",4076440002,,,"61-53 Springfield Blvd, Queens, NY 11364",source_bbl_found_in_official_nyc_data|parcel_has_multiple_unresolved_hpd_buildings,696244|918190|918200|918233|918235|918237|918246|918248|918251|918253|918256|918261|918263|918308|918309|918311|918312|918315|918317|918321
stabili-a82f7058-1d9d-5c70-9da7-967930ae0f10,queens-2024-p68-r41,ambiguous,manual_review,"61-39A 223rd Place, Queens, NY 11364",4076580002,,,"223-01 65 Avenue, Queens, NY 11364",source_bbl_found_in_official_nyc_data|parcel_has_multiple_unresolved_hpd_buildings,456765|918348|918349|918351|918497|918501|918507|918508|918512|918522|918532|918541|918550|918560|918575|918580|918704|918710|918715|918726
stabili-b9d026be-fcbe-5b61-b6ad-f2cab8ecff15,queens-2024-p68-r43,ambiguous,manual_review,"61-41B 223rd Place, Queens, NY 11364",4076580002,,,"223-01 65 Avenue, Queens, NY 11364",source_bbl_found_in_official_nyc_data|parcel_has_multiple_unresolved_hpd_buildings,456765|918348|918349|918351|918497|918501|918507|918508|918512|918522|918532|918541|918550|918560|918575|918580|918704|918710|918715|918726
stabili-47fc6e05-e7ac-58c6-9944-5d29ba15fa5a,queens-2024-p68-r44,ambiguous,manual_review,"61-42 223rd Place, Queens, NY 11364",4076440002,,,"61-53 Springfield Blvd, Queens, NY 11364",source_bbl_found_in_official_nyc_data|parcel_has_multiple_unresolved_hpd_buildings,696244|918190|918200|918233|918235|918237|918246|918248|918251|918253|918256|918261|918263|918308|918309|918311|918312|918315|918317|918321
stabili-36e017c7-c436-5737-9b11-ef351810f95d,queens-2024-p68-r45,ambiguous,manual_review,"61-43B 223rd Place, Queens, NY 11364",4076580002,,,"223-01 65 Avenue, Queens, NY 11364",source_bbl_found_in_official_nyc_data|parcel_has_multiple_unresolved_hpd_buildings,456765|918348|918349|918351|918497|918501|918507|918508|918512|918522|918532|918541|918550|918560|918575|918580|918704|918710|918715|918726
stabili-cd5f470d-6fce-56f5-a134-9221ac6f0a70,queens-2024-p68-r46,ambiguous,manual_review,"61-44 223rd Place, Queens, NY 11364",4076440002,,,"61-53 Springfield Blvd, Queens, NY 11364",source_bbl_found_in_official_nyc_data|parcel_has_multiple_unresolved_hpd_buildings,696244|918190|918200|918233|918235|918237|918246|918248|918251|918253|918256|918261|918263|918308|918309|918311|918312|918315|918317|918321
stabili-afb49193-cb4e-511f-8963-5ab8a7090a51,queens-2024-p68-r47,ambiguous,manual_review,"61-45A 223rd Place, Queens, NY 11364",4076580002,,,"223-01 65 Avenue, Queens, NY 11364",source_bbl_found_in_official_nyc_data|parcel_has_multiple_unresolved_hpd_buildings,456765|918348|918349|918351|918497|918501|918507|918508|918512|918522|918532|918541|918550|918560|918575|918580|918704|918710|918715|918726
stabili-edd37d82-77fe-5bb4-b7a0-447561e491e9,queens-2024-p68-r51,ambiguous,manual_review,"61-49B 223rd Place, Queens, NY 11364",4076580002,,,"223-01 65 Avenue, Queens, NY 11364",source_bbl_found_in_official_nyc_data|parcel_has_multiple_unresolved_hpd_buildings,456765|918348|918349|918351|918497|918501|918507|918508|918512|918522|918532|918541|918550|918560|918575|918580|918704|918710|918715|918726
stabili-66dcc72a-01cd-570e-bf25-ff6302a71bd7,queens-2024-p68-r52,ambiguous,manual_review,"61-50B 223rd Place, Queens, NY 11364",4076440002,,,"61-53 Springfield Blvd, Queens, NY 11364",source_bbl_found_in_official_nyc_data|parcel_has_multiple_unresolved_hpd_buildings,696244|918190|918200|918233|918235|918237|918246|918248|918251|918253|918256|918261|918263|918308|918309|918311|918312|918315|918317|918321
stabili-d4cbf85c-12a5-5a7b-b20e-f33881c66a87,queens-2024-p68-r53,ambiguous,manual_review,"61-51B 223rd Place, Queens, NY 11364",4076580002,,,"223-01 65 Avenue, Queens, NY 11364",source_bbl_found_in_official_nyc_data|parcel_has_multiple_unresolved_hpd_buildings,456765|918348|918349|918351|918497|918501|918507|918508|918512|918522|918532|918541|918550|918560|918575|918580|918704|918710|918715|918726
stabili-189eea19-07b4-5975-b4d6-07430a373034,queens-2024-p68-r55,ambiguous,manual_review,"61-53A 223rd Place, Queens, NY 11364",4076580002,,,"223-01 65 Avenue, Queens, NY 11364",source_bbl_found_in_official_nyc_data|parcel_has_multiple_unresolved_hpd_buildings,456765|918348|918349|918351|918497|918501|918507|918508|918512|918522|918532|918541|918550|918560|918575|918580|918704|918710|918715|918726
stabili-c3d38b7f-4c1f-546a-9fc9-fbf6f09d63b3,queens-2024-p68-r56,ambiguous,manual_review,"61-54A 223rd Place, Queens, NY 11364",4076440002,,,"61-53 Springfield Blvd, Queens, NY 11364",source_bbl_found_in_official_nyc_data|parcel_has_multiple_unresolved_hpd_buildings,696244|918190|918200|918233|918235|918237|918246|918248|918251|918253|918256|918261|918263|918308|918309|918311|918312|918315|918317|918321
stabili-2568f2db-c56e-5e6a-a15d-b7bee10a3654,queens-2024-p69-r3,ambiguous,manual_review,"61-57B 223rd Place, Queens, NY 11364",4076580002,,,"223-01 65 Avenue, Queens, NY 11364",source_bbl_found_in_official_nyc_data|parcel_has_multiple_unresolved_hpd_buildings,456765|918348|918349|918351|918497|918501|918507|918508|918512|918522|918532|918541|918550|918560|918575|918580|918704|918710|918715|918726
stabili-d17954b1-e98f-5e91-b180-9b75ddffbc39,queens-2024-p69-r6,ambiguous,manual_review,"61-60 223rd Place, Queens, NY 11364",4076440002,,,"61-53 Springfield Blvd, Queens, NY 11364",source_bbl_found_in_official_nyc_data|parcel_has_multiple_unresolved_hpd_buildings,696244|918190|918200|918233|918235|918237|918246|918248|918251|918253|918256|918261|918263|918308|918309|918311|918312|918315|918317|918321
stabili-0e41384d-e841-5bc6-8130-d4d7aa182342,queens-2024-p69-r7,ambiguous,manual_review,"61-61A 223rd Place, Queens, NY 11364",4076580002,,,"223-01 65 Avenue, Queens, NY 11364",source_bbl_found_in_official_nyc_data|parcel_has_multiple_unresolved_hpd_buildings,456765|918348|918349|918351|918497|918501|918507|918508|918512|918522|918532|918541|918550|918560|918575|918580|918704|918710|918715|918726
stabili-d624b217-59e1-5cb5-a551-390f8d99fd41,queens-2024-p69-r8,ambiguous,manual_review,"61-62 223rd Place, Queens, NY 11364",4076440002,,,"61-53 Springfield Blvd, Queens, NY 11364",source_bbl_found_in_official_nyc_data|parcel_has_multiple_unresolved_hpd_buildings,696244|918190|918200|918233|918235|918237|918246|918248|918251|918253|918256|918261|918263|918308|918309|918311|918312|918315|918317|918321
stabili-589c53ab-ac92-5d60-b9ca-18a0d1c47f3b,queens-2024-p69-r9,ambiguous,manual_review,"61-63A 223rd Place, Queens, NY 11364",4076580002,,,"223-01 65 Avenue, Queens, NY 11364",source_bbl_found_in_official_nyc_data|parcel_has_multiple_unresolved_hpd_buildings,456765|918348|918349|918351|918497|918501|918507|918508|918512|918522|918532|918541|918550|918560|918575|918580|918704|918710|918715|918726
stabili-150eeb43-b1f4-5846-9f66-39a1f6d9590e,queens-2024-p69-r10,ambiguous,manual_review,"61-64 223rd Place, Queens, NY 11364",4076440002,,,"61-53 Springfield Blvd, Queens, NY 11364",source_bbl_found_in_official_nyc_data|parcel_has_multiple_unresolved_hpd_buildings,696244|918190|918200|918233|918235|918237|918246|918248|918251|918253|918256|918261|918263|918308|918309|918311|918312|918315|918317|918321
stabili-25a4e583-7d72-5aff-93a4-d2ebb69ea759,queens-2024-p69-r11,ambiguous,manual_review,"61-65B 223rd Place, Queens, NY 11364",4076580002,,,"223-01 65 Avenue, Queens, NY 11364",source_bbl_found_in_official_nyc_data|parcel_has_multiple_unresolved_hpd_buildings,456765|918348|918349|918351|918497|918501|918507|918508|918512|918522|918532|918541|918550|918560|918575|918580|918704|918710|918715|918726
stabili-aaec5cba-c924-5217-ac78-bb617301bedf,queens-2024-p69-r12,ambiguous,manual_review,"61-66 223rd Place, Queens, NY 11364",4076440002,,,"61-53 Springfield Blvd, Queens, NY 11364",source_bbl_found_in_official_nyc_data|parcel_has_multiple_unresolved_hpd_buildings,696244|918190|918200|918233|918235|918237|918246|918248|918251|918253|918256|918261|918263|918308|918309|918311|918312|918315|918317|918321
stabili-c180c81d-5940-5971-8bbc-602736ff6f06,queens-2024-p69-r13,ambiguous,manual_review,"61-67B 223rd Place, Queens, NY 11364",4076580002,,,"223-01 65 Avenue, Queens, NY 11364",source_bbl_found_in_official_nyc_data|parcel_has_multiple_unresolved_hpd_buildings,456765|918348|918349|918351|918497|918501|918507|918508|918512|918522|918532|918541|918550|918560|918575|918580|918704|918710|918715|918726
stabili-9380502f-4920-5067-8aa3-46c6eb48c687,queens-2024-p69-r14,ambiguous,manual_review,"61-68 223rd Place, Queens, NY 11364",4076440002,,,"61-53 Springfield Blvd, Queens, NY 11364",source_bbl_found_in_official_nyc_data|parcel_has_multiple_unresolved_hpd_buildings,696244|918190|918200|918233|918235|918237|918246|918248|918251|918253|918256|918261|918263|918308|918309|918311|918312|918315|918317|918321
stabili-600c5d6d-28be-5b3f-b217-ef302998cdd6,queens-2024-p69-r15,ambiguous,manual_review,"61-69A 223rd Place, Queens, NY 11364",4076580002,,,"223-01 65 Avenue, Queens, NY 11364",source_bbl_found_in_official_nyc_data|parcel_has_multiple_unresolved_hpd_buildings,456765|918348|918349|918351|918497|918501|918507|918508|918512|918522|918532|918541|918550|918560|918575|918580|918704|918710|918715|918726
stabili-924a8864-c0aa-58fc-90b8-a81dda283349,queens-2024-p69-r18,ambiguous,manual_review,"61-74B 223rd Place, Queens, NY 11364",4076440002,,,"61-53 Springfield Blvd, Queens, NY 11364",source_bbl_found_in_official_nyc_data|parcel_has_multiple_unresolved_hpd_buildings,696244|918190|918200|918233|918235|918237|918246|918248|918251|918253|918256|918261|918263|918308|918309|918311|918312|918315|918317|918321
stabili-37656c86-d501-592a-96ee-c29a62f47ecb,queens-2024-p69-r20,ambiguous,manual_review,"61-78A 223rd Place, Queens, NY 11364",4076440002,,,"61-53 Springfield Blvd, Queens, NY 11364",source_bbl_found_in_official_nyc_data|parcel_has_multiple_unresolved_hpd_buildings,696244|918190|918200|918233|918235|918237|918246|918248|918251|918253|918256|918261|918263|918308|918309|918311|918312|918315|918317|918321
stabili-46c838b2-8600-573b-9a23-3ff3a744a646,queens-2024-p69-r21,ambiguous,manual_review,"64-01 223rd Place, Queens, NY 11364",4076580002,,,"223-01 65 Avenue, Queens, NY 11364",source_bbl_found_in_official_nyc_data|parcel_has_multiple_unresolved_hpd_buildings,456765|918348|918349|918351|918497|918501|918507|918508|918512|918522|918532|918541|918550|918560|918575|918580|918704|918710|918715|918726
stabili-cf730b85-f36a-5b36-9f23-0f8215ce2083,queens-2024-p69-r22,ambiguous,manual_review,"64-03 223rd Place, Queens, NY 11364",4076580002,,,"223-01 65 Avenue, Queens, NY 11364",source_bbl_found_in_official_nyc_data|parcel_has_multiple_unresolved_hpd_buildings,456765|918348|918349|918351|918497|918501|918507|918508|918512|918522|918532|918541|918550|918560|918575|918580|918704|918710|918715|918726
stabili-75a7008b-60bf-54b4-9eb1-53c25a80bbff,queens-2024-p69-r26,ambiguous,manual_review,"64-11 223rd Place, Queens, NY 11364",4076580002,,,"223-01 65 Avenue, Queens, NY 11364",source_bbl_found_in_official_nyc_data|parcel_has_multiple_unresolved_hpd_buildings,456765|918348|918349|918351|918497|918501|918507|918508|918512|918522|918532|918541|918550|918560|918575|918580|918704|918710|918715|918726
stabili-3a069ac9-22db-5f67-95d7-0e4067e59f84,queens-2024-p69-r28,ambiguous,manual_review,"64-15B 223rd Place, Queens, NY 11364",4076580002,,,"223-01 65 Avenue, Queens, NY 11364",source_bbl_found_in_official_nyc_data|parcel_has_multiple_unresolved_hpd_buildings,456765|918348|918349|918351|918497|918501|918507|918508|918512|918522|918532|918541|918550|918560|918575|918580|918704|918710|918715|918726
stabili-177c761c-851b-57fc-8f0a-48d505575663,queens-2024-p69-r31,ambiguous,manual_review,"64-21 223rd Place, Queens, NY 11364",4076580002,,,"223-01 65 Avenue, Queens, NY 11364",source_bbl_found_in_official_nyc_data|parcel_has_multiple_unresolved_hpd_buildings,456765|918348|918349|918351|918497|918501|918507|918508|918512|918522|918532|918541|918550|918560|918575|918580|918704|918710|918715|918726
stabili-d20987e9-5f85-55d8-a6d0-610fa40482ce,queens-2024-p69-r32,ambiguous,manual_review,"64-23 223rd Place, Queens, NY 11364",4076580002,,,"223-01 65 Avenue, Queens, NY 11364",source_bbl_found_in_official_nyc_data|parcel_has_multiple_unresolved_hpd_buildings,456765|918348|918349|918351|918497|918501|918507|918508|918512|918522|918532|918541|918550|918560|918575|918580|918704|918710|918715|918726
stabili-419cfcaf-c782-5f27-b21f-b74d7609756f,queens-2024-p69-r34,ambiguous,manual_review,"64-27 223rd Place, Queens, NY 11364",4076580002,,,"223-01 65 Avenue, Queens, NY 11364",source_bbl_found_in_official_nyc_data|parcel_has_multiple_unresolved_hpd_buildings,456765|918348|918349|918351|918497|918501|918507|918508|918512|918522|918532|918541|918550|918560|918575|918580|918704|918710|918715|918726
stabili-96667faf-9635-5901-8640-d99b7d764a1b,queens-2024-p69-r35,ambiguous,manual_review,"64-29 223rd Place, Queens, NY 11364",4076580002,,,"223-01 65 Avenue, Queens, NY 11364",source_bbl_found_in_official_nyc_data|parcel_has_multiple_unresolved_hpd_buildings,456765|918348|918349|918351|918497|918501|918507|918508|918512|918522|918532|918541|918550|918560|918575|918580|918704|918710|918715|918726
stabili-eb3f5331-6fea-53a8-998e-e2d3557ef5e3,queens-2024-p69-r36,ambiguous,manual_review,"64-31 223rd Place, Queens, NY 11364",4076580002,,,"223-01 65 Avenue, Queens, NY 11364",source_bbl_found_in_official_nyc_data|parcel_has_multiple_unresolved_hpd_buildings,456765|918348|918349|918351|918497|918501|918507|918508|918512|918522|918532|918541|918550|918560|918575|918580|918704|918710|918715|918726
stabili-b83edf57-43fd-5e21-abdf-f6b1a73d7a74,queens-2024-p69-r38,ambiguous,manual_review,"64-35 223rd Place, Queens, NY 11364",4076580002,,,"223-01 65 Avenue, Queens, NY 11364",source_bbl_found_in_official_nyc_data|parcel_has_multiple_unresolved_hpd_buildings,456765|918348|918349|918351|918497|918501|918507|918508|918512|918522|918532|918541|918550|918560|918575|918580|918704|918710|918715|918726
stabili-c1325420-86bc-5617-a71c-78244e74fcf0,queens-2024-p69-r40,ambiguous,manual_review,"64-39B 223rd Place, Queens, NY 11364",4076580002,,,"223-01 65 Avenue, Queens, NY 11364",source_bbl_found_in_official_nyc_data|parcel_has_multiple_unresolved_hpd_buildings,456765|918348|918349|918351|918497|918501|918507|918508|918512|918522|918532|918541|918550|918560|918575|918580|918704|918710|918715|918726
stabili-c1cf14ec-3ec1-5438-aa6e-c13f0cca9694,queens-2024-p69-r42,ambiguous,manual_review,"64-43A 223rd Place, Queens, NY 11364",4076580002,,,"223-01 65 Avenue, Queens, NY 11364",source_bbl_found_in_official_nyc_data|parcel_has_multiple_unresolved_hpd_buildings,456765|918348|918349|918351|918497|918501|918507|918508|918512|918522|918532|918541|918550|918560|918575|918580|918704|918710|918715|918726
stabili-08132034-9bb2-54a2-a444-dff8ba7dfad2,queens-2024-p69-r43,ambiguous,manual_review,"64-45 223rd Place, Queens, NY 11364",4076580002,,,"223-01 65 Avenue, Queens, NY 11364",source_bbl_found_in_official_nyc_data|parcel_has_multiple_unresolved_hpd_buildings,456765|918348|918349|918351|918497|918501|918507|918508|918512|918522|918532|918541|918550|918560|918575|918580|918704|918710|918715|918726
stabili-dd63148b-2480-5053-8730-f496efa66554,queens-2024-p69-r44,ambiguous,manual_review,"64-46A–64-72B 223rd Place, Queens, NY 11364",4076560002,,,"221-08 64 Avenue, Queens, NY 11364",source_bbl_found_in_official_nyc_data|parcel_has_multiple_unresolved_hpd_buildings|primary_address_matches_3_hpd_buildings,455217|884496|924182|924189|924309|924330|924350
stabili-77649f3f-7087-5cb1-8015-fa2ed3ae2abe,queens-2024-p69-r45,ambiguous,manual_review,"64-47 223rd Place, Queens, NY 11364",4076580002,,,"223-01 65 Avenue, Queens, NY 11364",source_bbl_found_in_official_nyc_data|parcel_has_multiple_unresolved_hpd_buildings,456765|918348|918349|918351|918497|918501|918507|918508|918512|918522|918532|918541|918550|918560|918575|918580|918704|918710|918715|918726
stabili-fcd7f595-e8dd-5813-9237-0484939c97e7,queens-2024-p69-r47,ambiguous,manual_review,"64-51 223rd Place, Queens, NY 11364",4076580002,,,"223-01 65 Avenue, Queens, NY 11364",source_bbl_found_in_official_nyc_data|parcel_has_multiple_unresolved_hpd_buildings,456765|918348|918349|918351|918497|918501|918507|918508|918512|918522|918532|918541|918550|918560|918575|918580|918704|918710|918715|918726
stabili-8ffb760e-2856-5d40-8a3c-b0c0e98e8963,queens-2024-p69-r48,ambiguous,manual_review,"64-53 223rd Place, Queens, NY 11364",4076580002,,,"223-01 65 Avenue, Queens, NY 11364",source_bbl_found_in_official_nyc_data|parcel_has_multiple_unresolved_hpd_buildings,456765|918348|918349|918351|918497|918501|918507|918508|918512|918522|918532|918541|918550|918560|918575|918580|918704|918710|918715|918726
stabili-170513f4-2007-5288-838d-1b25365a00d8,queens-2024-p69-r51,ambiguous,manual_review,"64-59 223rd Place, Queens, NY 11364",4076580002,,,"223-01 65 Avenue, Queens, NY 11364",source_bbl_found_in_official_nyc_data|parcel_has_multiple_unresolved_hpd_buildings,456765|918348|918349|918351|918497|918501|918507|918508|918512|918522|918532|918541|918550|918560|918575|918580|918704|918710|918715|918726
stabili-0f59348d-4251-58f5-ace0-17f9454b47be,queens-2024-p69-r52,ambiguous,manual_review,"64-61 223rd Place, Queens, NY 11364",4076580002,,,"223-01 65 Avenue, Queens, NY 11364",source_bbl_found_in_official_nyc_data|parcel_has_multiple_unresolved_hpd_buildings,456765|918348|918349|918351|918497|918501|918507|918508|918512|918522|918532|918541|918550|918560|918575|918580|918704|918710|918715|918726
stabili-06919e79-2e94-557e-9aea-48d8f2c856d9,queens-2024-p69-r56,ambiguous,manual_review,"64-69 223rd Place, Queens, NY 11364",4076580002,,,"223-01 65 Avenue, Queens, NY 11364",source_bbl_found_in_official_nyc_data|parcel_has_multiple_unresolved_hpd_buildings,456765|918348|918349|918351|918497|918501|918507|918508|918512|918522|918532|918541|918550|918560|918575|918580|918704|918710|918715|918726
stabili-c72767ee-7a13-5058-be59-83058e869db4,queens-2024-p70-r2,ambiguous,manual_review,"61-01–61-57 224th Street, Queens, NY 11364",4076480002,,,"224-02 Horace Harding Expwy, Queens, NY 11364",source_bbl_found_in_official_nyc_data|parcel_has_multiple_unresolved_hpd_buildings|primary_address_matches_7_hpd_buildings,665622|868422|874548|914624|917419|917466|917476|917487|917527|917547|917562|917577|917581|917992|917999|918013|918020|918028|918054|918056
stabili-e1b123c0-a73a-5566-be28-a1a2adab2262,queens-2024-p70-r4,ambiguous,manual_review,"61-04B 224th Street, Queens, NY 11364",4076440002,,,"61-53 Springfield Blvd, Queens, NY 11364",source_bbl_found_in_official_nyc_data|parcel_has_multiple_unresolved_hpd_buildings,696244|918190|918200|918233|918235|918237|918246|918248|918251|918253|918256|918261|918263|918308|918309|918311|918312|918315|918317|918321
stabili-3ae6a6b6-bd52-5286-99e7-29db0a082147,queens-2024-p70-r6,ambiguous,manual_review,"61-08A 224th Street, Queens, NY 11364",4076440002,,,"61-53 Springfield Blvd, Queens, NY 11364",source_bbl_found_in_official_nyc_data|parcel_has_multiple_unresolved_hpd_buildings,696244|918190|918200|918233|918235|918237|918246|918248|918251|918253|918256|918261|918263|918308|918309|918311|918312|918315|918317|918321
stabili-d30fb381-9db9-53a6-bcc1-e05bba6adead,queens-2024-p70-r7,ambiguous,manual_review,"61-10A 224th Street, Queens, NY 11364",4076440002,,,"61-53 Springfield Blvd, Queens, NY 11364",source_bbl_found_in_official_nyc_data|parcel_has_multiple_unresolved_hpd_buildings,696244|918190|918200|918233|918235|918237|918246|918248|918251|918253|918256|918261|918263|918308|918309|918311|918312|918315|918317|918321
stabili-f79e0e2f-bad8-56f9-9458-1c9a5c462eb9,queens-2024-p70-r8,ambiguous,manual_review,"61-12B 224th Street, Queens, NY 11364",4076440002,,,"61-53 Springfield Blvd, Queens, NY 11364",source_bbl_found_in_official_nyc_data|parcel_has_multiple_unresolved_hpd_buildings,696244|918190|918200|918233|918235|918237|918246|918248|918251|918253|918256|918261|918263|918308|918309|918311|918312|918315|918317|918321
stabili-d03bce82-b045-53b9-894a-cfdb3e6b7f5a,queens-2024-p70-r10,ambiguous,manual_review,"61-16A 224th Street, Queens, NY 11364",4076440002,,,"61-53 Springfield Blvd, Queens, NY 11364",source_bbl_found_in_official_nyc_data|parcel_has_multiple_unresolved_hpd_buildings,696244|918190|918200|918233|918235|918237|918246|918248|918251|918253|918256|918261|918263|918308|918309|918311|918312|918315|918317|918321
stabili-1071fe7a-004c-5d5c-ba7e-0602df096fe6,queens-2024-p70-r11,ambiguous,manual_review,"61-22A 224th Street, Queens, NY 11364",4076580002,,,"223-01 65 Avenue, Queens, NY 11364",source_bbl_found_in_official_nyc_data|parcel_has_multiple_unresolved_hpd_buildings,456765|918348|918349|918351|918497|918501|918507|918508|918512|918522|918532|918541|918550|918560|918575|918580|918704|918710|918715|918726
stabili-367d9ad9-82ce-5e10-836e-4583a1d37e6d,queens-2024-p70-r12,ambiguous,manual_review,"61-24 224th Street, Queens, NY 11364",4076580002,,,"223-01 65 Avenue, Queens, NY 11364",source_bbl_found_in_official_nyc_data|parcel_has_multiple_unresolved_hpd_buildings,456765|918348|918349|918351|918497|918501|918507|918508|918512|918522|918532|918541|918550|918560|918575|918580|918704|918710|918715|918726
stabili-8d421106-5078-53c5-bd6a-e1ee8ad8b16c,queens-2024-p70-r13,ambiguous,manual_review,"61-26B 224th Street, Queens, NY 11364",4076580002,,,"223-01 65 Avenue, Queens, NY 11364",source_bbl_found_in_official_nyc_data|parcel_has_multiple_unresolved_hpd_buildings,456765|918348|918349|918351|918497|918501|918507|918508|918512|918522|918532|918541|918550|918560|918575|918580|918704|918710|918715|918726
stabili-898cac64-49c5-5ceb-a728-4ed3a4756d2b,queens-2024-p70-r14,ambiguous,manual_review,"61-28A 224th Street, Queens, NY 11364",4076580002,,,"223-01 65 Avenue, Queens, NY 11364",source_bbl_found_in_official_nyc_data|parcel_has_multiple_unresolved_hpd_buildings,456765|918348|918349|918351|918497|918501|918507|918508|918512|918522|918532|918541|918550|918560|918575|918580|918704|918710|918715|918726
stabili-44d22f42-e5ae-5c9e-9387-96be61b4046a,queens-2024-p70-r16,ambiguous,manual_review,"61-34 224th Street, Queens, NY 11364",4076580002,,,"223-01 65 Avenue, Queens, NY 11364",source_bbl_found_in_official_nyc_data|parcel_has_multiple_unresolved_hpd_buildings,456765|918348|918349|918351|918497|918501|918507|918508|918512|918522|918532|918541|918550|918560|918575|918580|918704|918710|918715|918726
stabili-b740de3a-73e6-5af4-a8a6-d94e5b4d6dc9,queens-2024-p70-r17,ambiguous,manual_review,"61-36 224th Street, Queens, NY 11364",4076580002,,,"223-01 65 Avenue, Queens, NY 11364",source_bbl_found_in_official_nyc_data|parcel_has_multiple_unresolved_hpd_buildings,456765|918348|918349|918351|918497|918501|918507|918508|918512|918522|918532|918541|918550|918560|918575|918580|918704|918710|918715|918726
stabili-8e7733cf-f83d-575e-a07e-4291f53d6301,queens-2024-p70-r18,ambiguous,manual_review,"61-38 224th Street, Queens, NY 11364",4076580002,,,"223-01 65 Avenue, Queens, NY 11364",source_bbl_found_in_official_nyc_data|parcel_has_multiple_unresolved_hpd_buildings,456765|918348|918349|918351|918497|918501|918507|918508|918512|918522|918532|918541|918550|918560|918575|918580|918704|918710|918715|918726
stabili-ee968584-0036-5bb4-bbed-06ceb51aeebd,queens-2024-p70-r20,ambiguous,manual_review,"61-42 224th Street, Queens, NY 11364",4076580002,,,"223-01 65 Avenue, Queens, NY 11364",source_bbl_found_in_official_nyc_data|parcel_has_multiple_unresolved_hpd_buildings,456765|918348|918349|918351|918497|918501|918507|918508|918512|918522|918532|918541|918550|918560|918575|918580|918704|918710|918715|918726
stabili-a7bf02f9-1cfa-5b55-b817-aae2b4793704,queens-2024-p70-r21,ambiguous,manual_review,"61-46A 224th Street, Queens, NY 11364",4076580002,,,"223-01 65 Avenue, Queens, NY 11364",source_bbl_found_in_official_nyc_data|parcel_has_multiple_unresolved_hpd_buildings,456765|918348|918349|918351|918497|918501|918507|918508|918512|918522|918532|918541|918550|918560|918575|918580|918704|918710|918715|918726
stabili-98d49908-2cd2-52c3-a305-9aa0da43c47c,queens-2024-p70-r22,ambiguous,manual_review,"61-48 224th Street, Queens, NY 11364",4076580002,,,"223-01 65 Avenue, Queens, NY 11364",source_bbl_found_in_official_nyc_data|parcel_has_multiple_unresolved_hpd_buildings,456765|918348|918349|918351|918497|918501|918507|918508|918512|918522|918532|918541|918550|918560|918575|918580|918704|918710|918715|918726
stabili-e596a6f4-1bd4-56d2-adc4-0fc628a8e996,queens-2024-p70-r24,ambiguous,manual_review,"61-52A 224th Street, Queens, NY 11364",4076580002,,,"223-01 65 Avenue, Queens, NY 11364",source_bbl_found_in_official_nyc_data|parcel_has_multiple_unresolved_hpd_buildings,456765|918348|918349|918351|918497|918501|918507|918508|918512|918522|918532|918541|918550|918560|918575|918580|918704|918710|918715|918726
stabili-d7758454-edfc-597f-b7f1-e20d3c812940,queens-2024-p70-r25,ambiguous,manual_review,"64-02 224th Street, Queens, NY 11364",4076580002,,,"223-01 65 Avenue, Queens, NY 11364",source_bbl_found_in_official_nyc_data|parcel_has_multiple_unresolved_hpd_buildings,456765|918348|918349|918351|918497|918501|918507|918508|918512|918522|918532|918541|918550|918560|918575|918580|918704|918710|918715|918726
stabili-e3ef3bb6-720c-5695-9590-4d807c56eabf,queens-2024-p70-r27,ambiguous,manual_review,"64-04B 224th Street, Queens, NY 11364",4076580002,,,"223-01 65 Avenue, Queens, NY 11364",source_bbl_found_in_official_nyc_data|parcel_has_multiple_unresolved_hpd_buildings,456765|918348|918349|918351|918497|918501|918507|918508|918512|918522|918532|918541|918550|918560|918575|918580|918704|918710|918715|918726
stabili-448f09e0-4089-5847-810c-e275b20d4ba2,queens-2024-p70-r28,ambiguous,manual_review,"64-05B 224th Street, Queens, NY 11364",4076600002,,,"224-65 64 Avenue, Queens, NY 11364",source_bbl_found_in_official_nyc_data|parcel_has_multiple_unresolved_hpd_buildings,455218|859112|863867|919761|919772|919774|919847|919850|919851|919858|919870|919873|919882|919885|919901|919998|920032|920039|920044|920045
stabili-42d76b5e-7ff9-5b74-8ed7-29ea008a5f0b,queens-2024-p70-r30,ambiguous,manual_review,"64-08A 224th Street, Queens, NY 11364",4076580002,,,"223-01 65 Avenue, Queens, NY 11364",source_bbl_found_in_official_nyc_data|parcel_has_multiple_unresolved_hpd_buildings,456765|918348|918349|918351|918497|918501|918507|918508|918512|918522|918532|918541|918550|918560|918575|918580|918704|918710|918715|918726
stabili-66f4f461-5fe5-571a-a673-b4092732fc5c,queens-2024-p70-r32,ambiguous,manual_review,"64-10 224th Street, Queens, NY 11364",4076580002,,,"223-01 65 Avenue, Queens, NY 11364",source_bbl_found_in_official_nyc_data|parcel_has_multiple_unresolved_hpd_buildings,456765|918348|918349|918351|918497|918501|918507|918508|918512|918522|918532|918541|918550|918560|918575|918580|918704|918710|918715|918726
stabili-baca654a-83f8-5b8d-a5f8-3bbc934049bc,queens-2024-p70-r34,ambiguous,manual_review,"64-12 224th Street, Queens, NY 11364",4076580002,,,"223-01 65 Avenue, Queens, NY 11364",source_bbl_found_in_official_nyc_data|parcel_has_multiple_unresolved_hpd_buildings,456765|918348|918349|918351|918497|918501|918507|918508|918512|918522|918532|918541|918550|918560|918575|918580|918704|918710|918715|918726
stabili-d826545b-db28-565a-a20a-e2c9f065a8cc,queens-2024-p70-r35,ambiguous,manual_review,"64-14 224th Street, Queens, NY 11364",4076580002,,,"223-01 65 Avenue, Queens, NY 11364",source_bbl_found_in_official_nyc_data|parcel_has_multiple_unresolved_hpd_buildings,456765|918348|918349|918351|918497|918501|918507|918508|918512|918522|918532|918541|918550|918560|918575|918580|918704|918710|918715|918726
stabili-3a51eee9-100f-5277-b9ef-376c9c3f09dc,queens-2024-p70-r36,ambiguous,manual_review,"64-15 224th Street, Queens, NY 11364",4076600002,,,"224-65 64 Avenue, Queens, NY 11364",source_bbl_found_in_official_nyc_data|parcel_has_multiple_unresolved_hpd_buildings,455218|859112|863867|919761|919772|919774|919847|919850|919851|919858|919870|919873|919882|919885|919901|919998|920032|920039|920044|920045
stabili-d4beaa82-92a7-5d27-ac11-feb691f99433,queens-2024-p70-r37,ambiguous,manual_review,"64-16 224th Street, Queens, NY 11364",4076580002,,,"223-01 65 Avenue, Queens, NY 11364",source_bbl_found_in_official_nyc_data|parcel_has_multiple_unresolved_hpd_buildings,456765|918348|918349|918351|918497|918501|918507|918508|918512|918522|918532|918541|918550|918560|918575|918580|918704|918710|918715|918726
stabili-8d76f9ed-5798-54c6-9cfa-ac40127a2804,queens-2024-p70-r38,ambiguous,manual_review,"64-17 224th Street, Queens, NY 11364",4076600002,,,"224-65 64 Avenue, Queens, NY 11364",source_bbl_found_in_official_nyc_data|parcel_has_multiple_unresolved_hpd_buildings,455218|859112|863867|919761|919772|919774|919847|919850|919851|919858|919870|919873|919882|919885|919901|919998|920032|920039|920044|920045
stabili-038ec5ba-b00d-5375-a012-16b0ab6efbfe,queens-2024-p70-r40,ambiguous,manual_review,"64-19A 224th Street, Queens, NY 11364",4076600002,,,"224-65 64 Avenue, Queens, NY 11364",source_bbl_found_in_official_nyc_data|parcel_has_multiple_unresolved_hpd_buildings,455218|859112|863867|919761|919772|919774|919847|919850|919851|919858|919870|919873|919882|919885|919901|919998|920032|920039|920044|920045
stabili-e06b1169-dc11-509e-aca5-2bb409d8f691,queens-2024-p70-r41,ambiguous,manual_review,"64-20B 224th Street, Queens, NY 11364",4076580002,,,"223-01 65 Avenue, Queens, NY 11364",source_bbl_found_in_official_nyc_data|parcel_has_multiple_unresolved_hpd_buildings,456765|918348|918349|918351|918497|918501|918507|918508|918512|918522|918532|918541|918550|918560|918575|918580|918704|918710|918715|918726
stabili-b0dd5626-2915-5092-a8f9-08cd904503e3,queens-2024-p70-r42,ambiguous,manual_review,"64-21B 224th Street, Queens, NY 11364",4076600002,,,"224-65 64 Avenue, Queens, NY 11364",source_bbl_found_in_official_nyc_data|parcel_has_multiple_unresolved_hpd_buildings,455218|859112|863867|919761|919772|919774|919847|919850|919851|919858|919870|919873|919882|919885|919901|919998|920032|920039|920044|920045
stabili-ab918c33-7049-52d2-bbe6-a81612e13a43,queens-2024-p70-r44,ambiguous,manual_review,"64-23B 224th Street, Queens, NY 11364",4076600002,,,"224-65 64 Avenue, Queens, NY 11364",source_bbl_found_in_official_nyc_data|parcel_has_multiple_unresolved_hpd_buildings,455218|859112|863867|919761|919772|919774|919847|919850|919851|919858|919870|919873|919882|919885|919901|919998|920032|920039|920044|920045
stabili-64f06f26-45c6-5ba2-b0ab-eaad99fa8a6c,queens-2024-p70-r46,ambiguous,manual_review,"64-25A 224th Street, Queens, NY 11364",4076600002,,,"224-65 64 Avenue, Queens, NY 11364",source_bbl_found_in_official_nyc_data|parcel_has_multiple_unresolved_hpd_buildings,455218|859112|863867|919761|919772|919774|919847|919850|919851|919858|919870|919873|919882|919885|919901|919998|920032|920039|920044|920045
stabili-a8d33d72-b3f1-52b4-9868-12069bd61cdc,queens-2024-p70-r47,ambiguous,manual_review,"64-26 224th Street, Queens, NY 11364",4076580002,,,"223-01 65 Avenue, Queens, NY 11364",source_bbl_found_in_official_nyc_data|parcel_has_multiple_unresolved_hpd_buildings,456765|918348|918349|918351|918497|918501|918507|918508|918512|918522|918532|918541|918550|918560|918575|918580|918704|918710|918715|918726
stabili-7e88964c-a16f-5eb0-bfe5-fdf5b424867c,queens-2024-p70-r48,ambiguous,manual_review,"64-27 224th Street, Queens, NY 11364",4076600002,,,"224-65 64 Avenue, Queens, NY 11364",source_bbl_found_in_official_nyc_data|parcel_has_multiple_unresolved_hpd_buildings,455218|859112|863867|919761|919772|919774|919847|919850|919851|919858|919870|919873|919882|919885|919901|919998|920032|920039|920044|920045
stabili-f467c472-c9bb-55e1-9f2a-61a90b8b07f1,queens-2024-p70-r51,ambiguous,manual_review,"64-30 224th Street, Queens, NY 11364",4076580002,,,"223-01 65 Avenue, Queens, NY 11364",source_bbl_found_in_official_nyc_data|parcel_has_multiple_unresolved_hpd_buildings,456765|918348|918349|918351|918497|918501|918507|918508|918512|918522|918532|918541|918550|918560|918575|918580|918704|918710|918715|918726
stabili-78f93a30-fcbf-5413-93c1-d307b05e922c,queens-2024-p70-r52,ambiguous,manual_review,"64-32 224th Street, Queens, NY 11364",4076580002,,,"223-01 65 Avenue, Queens, NY 11364",source_bbl_found_in_official_nyc_data|parcel_has_multiple_unresolved_hpd_buildings,456765|918348|918349|918351|918497|918501|918507|918508|918512|918522|918532|918541|918550|918560|918575|918580|918704|918710|918715|918726
stabili-c876dada-6f9e-5758-8841-9997165785d3,queens-2024-p70-r53,ambiguous,manual_review,"64-33A 224th Street, Queens, NY 11364",4076600002,,,"224-65 64 Avenue, Queens, NY 11364",source_bbl_found_in_official_nyc_data|parcel_has_multiple_unresolved_hpd_buildings,455218|859112|863867|919761|919772|919774|919847|919850|919851|919858|919870|919873|919882|919885|919901|919998|920032|920039|920044|920045
stabili-b22b36c2-5b99-59c9-a4f3-57940ab27b4d,queens-2024-p70-r55,ambiguous,manual_review,"64-35B 224th Street, Queens, NY 11364",4076600002,,,"224-65 64 Avenue, Queens, NY 11364",source_bbl_found_in_official_nyc_data|parcel_has_multiple_unresolved_hpd_buildings,455218|859112|863867|919761|919772|919774|919847|919850|919851|919858|919870|919873|919882|919885|919901|919998|920032|920039|920044|920045
stabili-1ca82f03-a234-55c0-aeec-80cb38dd9410,queens-2024-p70-r56,ambiguous,manual_review,"64-36 224th Street, Queens, NY 11364",4076580002,,,"223-01 65 Avenue, Queens, NY 11364",source_bbl_found_in_official_nyc_data|parcel_has_multiple_unresolved_hpd_buildings,456765|918348|918349|918351|918497|918501|918507|918508|918512|918522|918532|918541|918550|918560|918575|918580|918704|918710|918715|918726
stabili-2ddd99a5-6547-5636-bb3e-5c046b9539be,queens-2024-p71-r1,ambiguous,manual_review,"64-37B 224th Street, Queens, NY 11364",4076600002,,,"224-65 64 Avenue, Queens, NY 11364",source_bbl_found_in_official_nyc_data|parcel_has_multiple_unresolved_hpd_buildings,455218|859112|863867|919761|919772|919774|919847|919850|919851|919858|919870|919873|919882|919885|919901|919998|920032|920039|920044|920045
stabili-fa2eef77-69d8-5ef9-885d-2db466d69220,queens-2024-p71-r2,ambiguous,manual_review,"64-38 224th Street, Queens, NY 11364",4076580002,,,"223-01 65 Avenue, Queens, NY 11364",source_bbl_found_in_official_nyc_data|parcel_has_multiple_unresolved_hpd_buildings,456765|918348|918349|918351|918497|918501|918507|918508|918512|918522|918532|918541|918550|918560|918575|918580|918704|918710|918715|918726
stabili-9a8dfb97-d883-51f4-be01-2dd9e23a322b,queens-2024-p71-r3,ambiguous,manual_review,"64-39 224th Street, Queens, NY 11364",4076600002,,,"224-65 64 Avenue, Queens, NY 11364",source_bbl_found_in_official_nyc_data|parcel_has_multiple_unresolved_hpd_buildings,455218|859112|863867|919761|919772|919774|919847|919850|919851|919858|919870|919873|919882|919885|919901|919998|920032|920039|920044|920045
stabili-8a16ec57-176d-5b08-82f2-9927169f89e7,queens-2024-p71-r4,ambiguous,manual_review,"64-40 224th Street, Queens, NY 11364",4076580002,,,"223-01 65 Avenue, Queens, NY 11364",source_bbl_found_in_official_nyc_data|parcel_has_multiple_unresolved_hpd_buildings,456765|918348|918349|918351|918497|918501|918507|918508|918512|918522|918532|918541|918550|918560|918575|918580|918704|918710|918715|918726
stabili-aed7e34c-db57-5473-8bf1-2fd5255095da,queens-2024-p71-r8,ambiguous,manual_review,"65-07 224th Street, Queens, NY 11364",4076600002,,,"224-65 64 Avenue, Queens, NY 11364",source_bbl_found_in_official_nyc_data|parcel_has_multiple_unresolved_hpd_buildings,455218|859112|863867|919761|919772|919774|919847|919850|919851|919858|919870|919873|919882|919885|919901|919998|920032|920039|920044|920045
stabili-da8a452a-7b3a-5c0f-b465-90bc663b640d,queens-2024-p71-r9,ambiguous,manual_review,"65-09 224th Street, Queens, NY 11364",4076600002,,,"224-65 64 Avenue, Queens, NY 11364",source_bbl_found_in_official_nyc_data|parcel_has_multiple_unresolved_hpd_buildings,455218|859112|863867|919761|919772|919774|919847|919850|919851|919858|919870|919873|919882|919885|919901|919998|920032|920039|920044|920045
stabili-3b547b17-59ae-5c01-8451-637ee10f9929,queens-2024-p71-r10,ambiguous,manual_review,"65-11 224th Street, Queens, NY 11364",4076600002,,,"224-65 64 Avenue, Queens, NY 11364",source_bbl_found_in_official_nyc_data|parcel_has_multiple_unresolved_hpd_buildings,455218|859112|863867|919761|919772|919774|919847|919850|919851|919858|919870|919873|919882|919885|919901|919998|920032|920039|920044|920045
stabili-05de62f3-f485-5c15-915b-b5c444135d2c,queens-2024-p71-r13,ambiguous,manual_review,"65-19 224th Street, Queens, NY 11364",4076600002,,,"224-65 64 Avenue, Queens, NY 11364",source_bbl_found_in_official_nyc_data|parcel_has_multiple_unresolved_hpd_buildings,455218|859112|863867|919761|919772|919774|919847|919850|919851|919858|919870|919873|919882|919885|919901|919998|920032|920039|920044|920045
stabili-414fc9ae-52ff-567c-b928-8a96a334e1a6,queens-2024-p71-r15,ambiguous,manual_review,"65-23 224th Street, Queens, NY 11364",4076600002,,,"224-65 64 Avenue, Queens, NY 11364",source_bbl_found_in_official_nyc_data|parcel_has_multiple_unresolved_hpd_buildings,455218|859112|863867|919761|919772|919774|919847|919850|919851|919858|919870|919873|919882|919885|919901|919998|920032|920039|920044|920045
stabili-2c6d15d2-1dd7-5565-b3f6-ec522653dcfb,queens-2024-p71-r16,ambiguous,manual_review,"65-25 224th Street, Queens, NY 11364",4076600002,,,"224-65 64 Avenue, Queens, NY 11364",source_bbl_found_in_official_nyc_data|parcel_has_multiple_unresolved_hpd_buildings,455218|859112|863867|919761|919772|919774|919847|919850|919851|919858|919870|919873|919882|919885|919901|919998|920032|920039|920044|920045
stabili-6a28f1f0-87f5-5183-80bb-f7596317b2f1,queens-2024-p71-r17,ambiguous,manual_review,"65-27A 224th Street, Queens, NY 11364",4076600002,,,"224-65 64 Avenue, Queens, NY 11364",source_bbl_found_in_official_nyc_data|parcel_has_multiple_unresolved_hpd_buildings,455218|859112|863867|919761|919772|919774|919847|919850|919851|919858|919870|919873|919882|919885|919901|919998|920032|920039|920044|920045
stabili-d7b06c5f-485a-5c79-b695-60f00ff39a6b,queens-2024-p71-r18,ambiguous,manual_review,"65-29B 224th Street, Queens, NY 11364",4076600002,,,"224-65 64 Avenue, Queens, NY 11364",source_bbl_found_in_official_nyc_data|parcel_has_multiple_unresolved_hpd_buildings,455218|859112|863867|919761|919772|919774|919847|919850|919851|919858|919870|919873|919882|919885|919901|919998|920032|920039|920044|920045
stabili-89215045-5583-53ef-8922-a3bd21037b6e,queens-2024-p71-r22,ambiguous,manual_review,"65-37 224th Street, Queens, NY 11364",4076600002,,,"224-65 64 Avenue, Queens, NY 11364",source_bbl_found_in_official_nyc_data|parcel_has_multiple_unresolved_hpd_buildings,455218|859112|863867|919761|919772|919774|919847|919850|919851|919858|919870|919873|919882|919885|919901|919998|920032|920039|920044|920045
stabili-3c83c3b6-a2f9-5821-98fa-ce4b9430320a,queens-2024-p71-r24,ambiguous,manual_review,"65-41B 224th Street, Queens, NY 11364",4076600002,,,"224-65 64 Avenue, Queens, NY 11364",source_bbl_found_in_official_nyc_data|parcel_has_multiple_unresolved_hpd_buildings,455218|859112|863867|919761|919772|919774|919847|919850|919851|919858|919870|919873|919882|919885|919901|919998|920032|920039|920044|920045
stabili-b77f3ff6-a731-5d7d-9167-6e232e2453c6,queens-2024-p71-r26,ambiguous,manual_review,"65-45A 224th Street, Queens, NY 11364",4076600002,,,"224-65 64 Avenue, Queens, NY 11364",source_bbl_found_in_official_nyc_data|parcel_has_multiple_unresolved_hpd_buildings,455218|859112|863867|919761|919772|919774|919847|919850|919851|919858|919870|919873|919882|919885|919901|919998|920032|920039|920044|920045
stabili-e0ab3a43-e986-5f49-9fba-bb0120c32608,queens-2024-p71-r27,ambiguous,manual_review,"65-47 224th Street, Queens, NY 11364",4076600002,,,"224-65 64 Avenue, Queens, NY 11364",source_bbl_found_in_official_nyc_data|parcel_has_multiple_unresolved_hpd_buildings,455218|859112|863867|919761|919772|919774|919847|919850|919851|919858|919870|919873|919882|919885|919901|919998|920032|920039|920044|920045
stabili-46dd0c73-d72c-5093-b68b-d0a8a93a5f61,queens-2024-p71-r28,ambiguous,manual_review,"65-49 224th Street, Queens, NY 11364",4076600002,,,"224-65 64 Avenue, Queens, NY 11364",source_bbl_found_in_official_nyc_data|parcel_has_multiple_unresolved_hpd_buildings,455218|859112|863867|919761|919772|919774|919847|919850|919851|919858|919870|919873|919882|919885|919901|919998|920032|920039|920044|920045
stabili-a05cd7f8-1f75-52e7-8f63-030a1e09ecec,queens-2024-p71-r29,ambiguous,manual_review,"65-51A 224th Street, Queens, NY 11364",4076600002,,,"224-65 64 Avenue, Queens, NY 11364",source_bbl_found_in_official_nyc_data|parcel_has_multiple_unresolved_hpd_buildings,455218|859112|863867|919761|919772|919774|919847|919850|919851|919858|919870|919873|919882|919885|919901|919998|920032|920039|920044|920045
stabili-50f088b0-a9c2-5f7e-b72a-51a81207203b,queens-2024-p71-r30,ambiguous,manual_review,"65-53B 224th Street, Queens, NY 11364",4076600002,,,"224-65 64 Avenue, Queens, NY 11364",source_bbl_found_in_official_nyc_data|parcel_has_multiple_unresolved_hpd_buildings,455218|859112|863867|919761|919772|919774|919847|919850|919851|919858|919870|919873|919882|919885|919901|919998|920032|920039|920044|920045
stabili-b39fa71d-8f9c-548a-93e6-d080f4f1b170,queens-2024-p71-r31,ambiguous,manual_review,"65-55B 224th Street, Queens, NY 11364",4076600002,,,"224-65 64 Avenue, Queens, NY 11364",source_bbl_found_in_official_nyc_data|parcel_has_multiple_unresolved_hpd_buildings,455218|859112|863867|919761|919772|919774|919847|919850|919851|919858|919870|919873|919882|919885|919901|919998|920032|920039|920044|920045
stabili-7bacc309-1978-543a-92c6-601ef6b61817,queens-2024-p71-r32,ambiguous,manual_review,"65-57A 224th Street, Queens, NY 11364",4076600002,,,"224-65 64 Avenue, Queens, NY 11364",source_bbl_found_in_official_nyc_data|parcel_has_multiple_unresolved_hpd_buildings,455218|859112|863867|919761|919772|919774|919847|919850|919851|919858|919870|919873|919882|919885|919901|919998|920032|920039|920044|920045
stabili-ec2812a2-0391-5ad0-9796-a2916cbbf3d2,queens-2024-p71-r37,ambiguous,manual_review,"67-09 224th Street, Queens, NY 11364",4076720002,,,"224-01 69 Avenue, Queens, NY 11364",source_bbl_found_in_official_nyc_data|parcel_has_multiple_unresolved_hpd_buildings,462692|812777|913963|917608|917611|917643|917645|917661|917696|917733|917800|917802|917821|917823|917826|917841|917879|917881|917900|917902
stabili-df5e5fe8-9ccc-5477-85a8-58feaf8508c6,queens-2024-p71-r39,ambiguous,manual_review,"67-13A 224th Street, Queens, NY 11364",4076720002,,,"224-01 69 Avenue, Queens, NY 11364",source_bbl_found_in_official_nyc_data|parcel_has_multiple_unresolved_hpd_buildings,462692|812777|913963|917608|917611|917643|917645|917661|917696|917733|917800|917802|917821|917823|917826|917841|917879|917881|917900|917902
stabili-c8643c57-aa25-5733-9128-7a68548f0223,queens-2024-p71-r40,ambiguous,manual_review,"67-15B 224th Street, Queens, NY 11364",4076720002,,,"224-01 69 Avenue, Queens, NY 11364",source_bbl_found_in_official_nyc_data|parcel_has_multiple_unresolved_hpd_buildings,462692|812777|913963|917608|917611|917643|917645|917661|917696|917733|917800|917802|917821|917823|917826|917841|917879|917881|917900|917902
stabili-3ad337a9-e708-5bcc-9d4e-aa5e9c81252d,queens-2024-p71-r41,ambiguous,manual_review,"67-17B 224th Street, Queens, NY 11364",4076720002,,,"224-01 69 Avenue, Queens, NY 11364",source_bbl_found_in_official_nyc_data|parcel_has_multiple_unresolved_hpd_buildings,462692|812777|913963|917608|917611|917643|917645|917661|917696|917733|917800|917802|917821|917823|917826|917841|917879|917881|917900|917902
stabili-cee356a9-db32-5a1e-a0d9-ce30ac6f1841,queens-2024-p71-r42,ambiguous,manual_review,"67-19A 224th Street, Queens, NY 11364",4076720002,,,"224-01 69 Avenue, Queens, NY 11364",source_bbl_found_in_official_nyc_data|parcel_has_multiple_unresolved_hpd_buildings,462692|812777|913963|917608|917611|917643|917645|917661|917696|917733|917800|917802|917821|917823|917826|917841|917879|917881|917900|917902
stabili-d3897480-b292-5798-90a9-07cbc92ad60b,queens-2024-p71-r43,ambiguous,manual_review,"67-21A–67-21B 224th Street, Queens, NY 11364",4076720002,,,"224-01 69 Avenue, Queens, NY 11364",source_bbl_found_in_official_nyc_data|parcel_has_multiple_unresolved_hpd_buildings,462692|812777|913963|917608|917611|917643|917645|917661|917696|917733|917800|917802|917821|917823|917826|917841|917879|917881|917900|917902
stabili-c5702b65-5527-5d8f-937e-10bf1a6d387a,queens-2024-p71-r44,ambiguous,manual_review,"67-23A–67-23B 224th Street, Queens, NY 11364",4076720002,,,"224-01 69 Avenue, Queens, NY 11364",source_bbl_found_in_official_nyc_data|parcel_has_multiple_unresolved_hpd_buildings,462692|812777|913963|917608|917611|917643|917645|917661|917696|917733|917800|917802|917821|917823|917826|917841|917879|917881|917900|917902
stabili-1b1b22b3-d42a-59fd-b6e8-78cef8584cbc,queens-2024-p71-r45,ambiguous,manual_review,"67-25A 224th Street, Queens, NY 11364",4076720002,,,"224-01 69 Avenue, Queens, NY 11364",source_bbl_found_in_official_nyc_data|parcel_has_multiple_unresolved_hpd_buildings,462692|812777|913963|917608|917611|917643|917645|917661|917696|917733|917800|917802|917821|917823|917826|917841|917879|917881|917900|917902
stabili-c0098c4c-a614-5880-8402-42502ea9a7ec,queens-2024-p71-r46,ambiguous,manual_review,"67-27B 224th Street, Queens, NY 11364",4076720002,,,"224-01 69 Avenue, Queens, NY 11364",source_bbl_found_in_official_nyc_data|parcel_has_multiple_unresolved_hpd_buildings,462692|812777|913963|917608|917611|917643|917645|917661|917696|917733|917800|917802|917821|917823|917826|917841|917879|917881|917900|917902
stabili-4c9b2e8f-6f58-57ca-8e2e-985f90191a22,queens-2024-p71-r47,ambiguous,manual_review,"67-29B 224th Street, Queens, NY 11364",4076720002,,,"224-01 69 Avenue, Queens, NY 11364",source_bbl_found_in_official_nyc_data|parcel_has_multiple_unresolved_hpd_buildings,462692|812777|913963|917608|917611|917643|917645|917661|917696|917733|917800|917802|917821|917823|917826|917841|917879|917881|917900|917902
stabili-5791193f-a4bc-549b-b10c-59ab70bc65b5,queens-2024-p71-r48,ambiguous,manual_review,"67-31A 224th Street, Queens, NY 11364",4076720002,,,"224-01 69 Avenue, Queens, NY 11364",source_bbl_found_in_official_nyc_data|parcel_has_multiple_unresolved_hpd_buildings,462692|812777|913963|917608|917611|917643|917645|917661|917696|917733|917800|917802|917821|917823|917826|917841|917879|917881|917900|917902
stabili-e6d46ec2-08ea-5252-bbe3-e22feb69ff51,queens-2024-p71-r50,ambiguous,manual_review,"67-35B 224th Street, Queens, NY 11364",4076720002,,,"224-01 69 Avenue, Queens, NY 11364",source_bbl_found_in_official_nyc_data|parcel_has_multiple_unresolved_hpd_buildings,462692|812777|913963|917608|917611|917643|917645|917661|917696|917733|917800|917802|917821|917823|917826|917841|917879|917881|917900|917902
stabili-5979cf43-c93e-5b14-8836-ab2c3f65eba5,queens-2024-p71-r51,ambiguous,manual_review,"67-37B 224th Street, Queens, NY 11364",4076720002,,,"224-01 69 Avenue, Queens, NY 11364",source_bbl_found_in_official_nyc_data|parcel_has_multiple_unresolved_hpd_buildings,462692|812777|913963|917608|917611|917643|917645|917661|917696|917733|917800|917802|917821|917823|917826|917841|917879|917881|917900|917902
stabili-fa4989bc-255c-5d09-9836-a5b9204e9b2b,queens-2024-p71-r52,ambiguous,manual_review,"67-39A 224th Street, Queens, NY 11364",4076720002,,,"224-01 69 Avenue, Queens, NY 11364",source_bbl_found_in_official_nyc_data|parcel_has_multiple_unresolved_hpd_buildings,462692|812777|913963|917608|917611|917643|917645|917661|917696|917733|917800|917802|917821|917823|917826|917841|917879|917881|917900|917902
stabili-3e5d90d5-eaf9-5eee-8245-1e82cb45f122,queens-2024-p71-r53,ambiguous,manual_review,"67-41A–67-41B 224th Street, Queens, NY 11364",4076720002,,,"224-01 69 Avenue, Queens, NY 11364",source_bbl_found_in_official_nyc_data|parcel_has_multiple_unresolved_hpd_buildings,462692|812777|913963|917608|917611|917643|917645|917661|917696|917733|917800|917802|917821|917823|917826|917841|917879|917881|917900|917902
stabili-2226c9e1-8ab9-5e64-be31-3ca0eaae1938,queens-2024-p71-r54,ambiguous,manual_review,"67-43A–67-43B 224th Street, Queens, NY 11364",4076720002,,,"224-01 69 Avenue, Queens, NY 11364",source_bbl_found_in_official_nyc_data|parcel_has_multiple_unresolved_hpd_buildings,462692|812777|913963|917608|917611|917643|917645|917661|917696|917733|917800|917802|917821|917823|917826|917841|917879|917881|917900|917902
stabili-2ef88c35-5f15-597c-bd1f-f93302b17e83,queens-2024-p71-r55,ambiguous,manual_review,"67-45A–67-45B 224th Street, Queens, NY 11364",4076720002,,,"224-01 69 Avenue, Queens, NY 11364",source_bbl_found_in_official_nyc_data|parcel_has_multiple_unresolved_hpd_buildings,462692|812777|913963|917608|917611|917643|917645|917661|917696|917733|917800|917802|917821|917823|917826|917841|917879|917881|917900|917902
stabili-913ca604-28bf-5853-a020-11fa46cdd75f,queens-2024-p72-r1,ambiguous,manual_review,"67-49A–67-49B 224th Street, Queens, NY 11364",4076720002,,,"224-01 69 Avenue, Queens, NY 11364",source_bbl_found_in_official_nyc_data|parcel_has_multiple_unresolved_hpd_buildings,462692|812777|913963|917608|917611|917643|917645|917661|917696|917733|917800|917802|917821|917823|917826|917841|917879|917881|917900|917902
stabili-15ed6fb5-f5c9-514f-ab1e-d1bffdbb993f,queens-2024-p72-r2,ambiguous,manual_review,"67-51A–67-51B 224th Street, Queens, NY 11364",4076720002,,,"224-01 69 Avenue, Queens, NY 11364",source_bbl_found_in_official_nyc_data|parcel_has_multiple_unresolved_hpd_buildings,462692|812777|913963|917608|917611|917643|917645|917661|917696|917733|917800|917802|917821|917823|917826|917841|917879|917881|917900|917902
stabili-30a0b09e-3511-5770-8d05-3165faecc9a9,queens-2024-p72-r3,ambiguous,manual_review,"67-53A–67-53B 224th Street, Queens, NY 11364",4076720002,,,"224-01 69 Avenue, Queens, NY 11364",source_bbl_found_in_official_nyc_data|parcel_has_multiple_unresolved_hpd_buildings,462692|812777|913963|917608|917611|917643|917645|917661|917696|917733|917800|917802|917821|917823|917826|917841|917879|917881|917900|917902
stabili-1732d3c7-d52f-5da5-a6ab-7a018b004f33,queens-2024-p72-r4,ambiguous,manual_review,"67-55A–67-55B 224th Street, Queens, NY 11364",4076720002,,,"224-01 69 Avenue, Queens, NY 11364",source_bbl_found_in_official_nyc_data|parcel_has_multiple_unresolved_hpd_buildings,462692|812777|913963|917608|917611|917643|917645|917661|917696|917733|917800|917802|917821|917823|917826|917841|917879|917881|917900|917902
stabili-7729c86a-eea0-58b4-a8e0-4bccde67a510,queens-2024-p72-r5,ambiguous,manual_review,"67-57A–67-57B 224th Street, Queens, NY 11364",4076720002,,,"224-01 69 Avenue, Queens, NY 11364",source_bbl_found_in_official_nyc_data|parcel_has_multiple_unresolved_hpd_buildings,462692|812777|913963|917608|917611|917643|917645|917661|917696|917733|917800|917802|917821|917823|917826|917841|917879|917881|917900|917902
stabili-bab63b7f-268c-520d-8d24-ba49967d31d4,queens-2024-p72-r6,ambiguous,manual_review,"67-59A–67-59B 224th Street, Queens, NY 11364",4076720002,,,"224-01 69 Avenue, Queens, NY 11364",source_bbl_found_in_official_nyc_data|parcel_has_multiple_unresolved_hpd_buildings,462692|812777|913963|917608|917611|917643|917645|917661|917696|917733|917800|917802|917821|917823|917826|917841|917879|917881|917900|917902
stabili-35ab5efe-d6e2-5d1c-8a40-31236c42e490,queens-2024-p72-r7,ambiguous,manual_review,"67-61A 224th Street, Queens, NY 11364",4076720002,,,"224-01 69 Avenue, Queens, NY 11364",source_bbl_found_in_official_nyc_data|parcel_has_multiple_unresolved_hpd_buildings,462692|812777|913963|917608|917611|917643|917645|917661|917696|917733|917800|917802|917821|917823|917826|917841|917879|917881|917900|917902
stabili-2cef145b-2144-5f75-ad4c-69d69687d903,queens-2024-p72-r8,ambiguous,manual_review,"67-63B 224th Street, Queens, NY 11364",4076720002,,,"224-01 69 Avenue, Queens, NY 11364",source_bbl_found_in_official_nyc_data|parcel_has_multiple_unresolved_hpd_buildings,462692|812777|913963|917608|917611|917643|917645|917661|917696|917733|917800|917802|917821|917823|917826|917841|917879|917881|917900|917902
stabili-daf6af98-f1a9-574a-ac89-c3ebcecca7d7,queens-2024-p72-r9,ambiguous,manual_review,"67-65B 224th Street, Queens, NY 11364",4076720002,,,"224-01 69 Avenue, Queens, NY 11364",source_bbl_found_in_official_nyc_data|parcel_has_multiple_unresolved_hpd_buildings,462692|812777|913963|917608|917611|917643|917645|917661|917696|917733|917800|917802|917821|917823|917826|917841|917879|917881|917900|917902
stabili-5e8b1491-36c5-54e4-b8ac-ca7fcfc2f43c,queens-2024-p72-r10,ambiguous,manual_review,"67-67A 224th Street, Queens, NY 11364",4076720002,,,"224-01 69 Avenue, Queens, NY 11364",source_bbl_found_in_official_nyc_data|parcel_has_multiple_unresolved_hpd_buildings,462692|812777|913963|917608|917611|917643|917645|917661|917696|917733|917800|917802|917821|917823|917826|917841|917879|917881|917900|917902
stabili-b46d6643-b313-5bc3-a79f-453aadbbb434,queens-2024-p72-r11,ambiguous,manual_review,"67-69A 224th Street, Queens, NY 11364",4076720002,,,"224-01 69 Avenue, Queens, NY 11364",source_bbl_found_in_official_nyc_data|parcel_has_multiple_unresolved_hpd_buildings,462692|812777|913963|917608|917611|917643|917645|917661|917696|917733|917800|917802|917821|917823|917826|917841|917879|917881|917900|917902
stabili-8065f389-2152-59e3-aa8e-fc70ec2e7b18,queens-2024-p72-r12,ambiguous,manual_review,"67-71B 224th Street, Queens, NY 11364",4076720002,,,"224-01 69 Avenue, Queens, NY 11364",source_bbl_found_in_official_nyc_data|parcel_has_multiple_unresolved_hpd_buildings,462692|812777|913963|917608|917611|917643|917645|917661|917696|917733|917800|917802|917821|917823|917826|917841|917879|917881|917900|917902
stabili-53c78901-460c-5fc7-bb4a-500031a85aa1,queens-2024-p72-r14,ambiguous,manual_review,"67-75A 224th Street, Queens, NY 11364",4076720002,,,"224-01 69 Avenue, Queens, NY 11364",source_bbl_found_in_official_nyc_data|parcel_has_multiple_unresolved_hpd_buildings,462692|812777|913963|917608|917611|917643|917645|917661|917696|917733|917800|917802|917821|917823|917826|917841|917879|917881|917900|917902
stabili-f45a7a29-3825-5513-b731-284152cdab38,queens-2024-p72-r15,ambiguous,manual_review,"67-77A–67-77B 224th Street, Queens, NY 11364",4076720002,,,"224-01 69 Avenue, Queens, NY 11364",source_bbl_found_in_official_nyc_data|parcel_has_multiple_unresolved_hpd_buildings,462692|812777|913963|917608|917611|917643|917645|917661|917696|917733|917800|917802|917821|917823|917826|917841|917879|917881|917900|917902
stabili-a12f04f0-77fd-50d7-817c-bb3cc320e93c,queens-2024-p72-r16,ambiguous,manual_review,"67-79A–67-79B 224th Street, Queens, NY 11364",4076720002,,,"224-01 69 Avenue, Queens, NY 11364",source_bbl_found_in_official_nyc_data|parcel_has_multiple_unresolved_hpd_buildings,462692|812777|913963|917608|917611|917643|917645|917661|917696|917733|917800|917802|917821|917823|917826|917841|917879|917881|917900|917902
stabili-4e1b5835-6f73-538e-9c52-f801493bb491,queens-2024-p72-r18,ambiguous,manual_review,"67-83B 224th Street, Queens, NY 11364",4076720002,,,"224-01 69 Avenue, Queens, NY 11364",source_bbl_found_in_official_nyc_data|parcel_has_multiple_unresolved_hpd_buildings,462692|812777|913963|917608|917611|917643|917645|917661|917696|917733|917800|917802|917821|917823|917826|917841|917879|917881|917900|917902
stabili-3c3699b3-1972-54f7-9276-253680f1f535,queens-2024-p72-r20,ambiguous,manual_review,"67-87A 224th Street, Queens, NY 11364",4076720002,,,"224-01 69 Avenue, Queens, NY 11364",source_bbl_found_in_official_nyc_data|parcel_has_multiple_unresolved_hpd_buildings,462692|812777|913963|917608|917611|917643|917645|917661|917696|917733|917800|917802|917821|917823|917826|917841|917879|917881|917900|917902
stabili-2e84b1ef-b0f9-5fcd-ba2e-b1497ed5f74a,queens-2024-p72-r21,ambiguous,manual_review,"67-89A–67-89B 224th Street, Queens, NY 11364",4076720002,,,"224-01 69 Avenue, Queens, NY 11364",source_bbl_found_in_official_nyc_data|parcel_has_multiple_unresolved_hpd_buildings,462692|812777|913963|917608|917611|917643|917645|917661|917696|917733|917800|917802|917821|917823|917826|917841|917879|917881|917900|917902
stabili-5754c1b2-c4e0-58b9-a135-98f9ada6603e,queens-2024-p72-r22,ambiguous,manual_review,"67-91A–67-91B 224th Street, Queens, NY 11364",4076720002,,,"224-01 69 Avenue, Queens, NY 11364",source_bbl_found_in_official_nyc_data|parcel_has_multiple_unresolved_hpd_buildings,462692|812777|913963|917608|917611|917643|917645|917661|917696|917733|917800|917802|917821|917823|917826|917841|917879|917881|917900|917902
stabili-a6778cb3-007f-5035-9dd1-10e2296b2efa,queens-2024-p72-r23,ambiguous,manual_review,"67-93A–67-93B 224th Street, Queens, NY 11364",4076720002,,,"224-01 69 Avenue, Queens, NY 11364",source_bbl_found_in_official_nyc_data|parcel_has_multiple_unresolved_hpd_buildings,462692|812777|913963|917608|917611|917643|917645|917661|917696|917733|917800|917802|917821|917823|917826|917841|917879|917881|917900|917902
stabili-162e4f9c-bb02-5410-99b3-694f85761880,queens-2024-p72-r24,ambiguous,manual_review,"67-95A–67-95B 224th Street, Queens, NY 11364",4076720002,,,"224-01 69 Avenue, Queens, NY 11364",source_bbl_found_in_official_nyc_data|parcel_has_multiple_unresolved_hpd_buildings,462692|812777|913963|917608|917611|917643|917645|917661|917696|917733|917800|917802|917821|917823|917826|917841|917879|917881|917900|917902
stabili-651ad2c2-6ae4-5a4f-9d76-7dc74a053bc7,queens-2024-p72-r25,ambiguous,manual_review,"67-97A–67-97B 224th Street, Queens, NY 11364",4076720002,,,"224-01 69 Avenue, Queens, NY 11364",source_bbl_found_in_official_nyc_data|parcel_has_multiple_unresolved_hpd_buildings,462692|812777|913963|917608|917611|917643|917645|917661|917696|917733|917800|917802|917821|917823|917826|917841|917879|917881|917900|917902
stabili-e51504f8-22eb-5604-b6fd-f369ff666332,queens-2024-p72-r26,ambiguous,manual_review,"67-99A–67-99B 224th Street, Queens, NY 11364",4076720002,,,"224-01 69 Avenue, Queens, NY 11364",source_bbl_found_in_official_nyc_data|parcel_has_multiple_unresolved_hpd_buildings,462692|812777|913963|917608|917611|917643|917645|917661|917696|917733|917800|917802|917821|917823|917826|917841|917879|917881|917900|917902
stabili-a040496a-38f0-5877-a6d2-cfe51455f559,queens-2024-p72-r27,ambiguous,manual_review,"68-01A–68-01B 224th Street, Queens, NY 11364",4076720002,,,"224-01 69 Avenue, Queens, NY 11364",source_bbl_found_in_official_nyc_data|parcel_has_multiple_unresolved_hpd_buildings,462692|812777|913963|917608|917611|917643|917645|917661|917696|917733|917800|917802|917821|917823|917826|917841|917879|917881|917900|917902
stabili-2ccbedbd-d4a5-5f5c-8310-f7a60b647b51,queens-2024-p72-r28,ambiguous,manual_review,"68-03A–68-03B 224th Street, Queens, NY 11364",4076720002,,,"224-01 69 Avenue, Queens, NY 11364",source_bbl_found_in_official_nyc_data|parcel_has_multiple_unresolved_hpd_buildings,462692|812777|913963|917608|917611|917643|917645|917661|917696|917733|917800|917802|917821|917823|917826|917841|917879|917881|917900|917902
stabili-6fd0f54d-b3ca-5279-b658-fdb81b2b98a0,queens-2024-p72-r30,ambiguous,manual_review,"68-07B 224th Street, Queens, NY 11364",4076720002,,,"224-01 69 Avenue, Queens, NY 11364",source_bbl_found_in_official_nyc_data|parcel_has_multiple_unresolved_hpd_buildings,462692|812777|913963|917608|917611|917643|917645|917661|917696|917733|917800|917802|917821|917823|917826|917841|917879|917881|917900|917902
stabili-f05a28ab-377d-57d2-bc81-6e4a45076b86,queens-2024-p72-r32,ambiguous,manual_review,"68-11A 224th Street, Queens, NY 11364",4076720002,,,"224-01 69 Avenue, Queens, NY 11364",source_bbl_found_in_official_nyc_data|parcel_has_multiple_unresolved_hpd_buildings,462692|812777|913963|917608|917611|917643|917645|917661|917696|917733|917800|917802|917821|917823|917826|917841|917879|917881|917900|917902
stabili-38ca107e-c4bd-5e9c-840b-aec3304a6865,queens-2024-p72-r33,ambiguous,manual_review,"68-15A–68-15B 224th Street, Queens, NY 11364",4076720002,,,"224-01 69 Avenue, Queens, NY 11364",source_bbl_found_in_official_nyc_data|parcel_has_multiple_unresolved_hpd_buildings,462692|812777|913963|917608|917611|917643|917645|917661|917696|917733|917800|917802|917821|917823|917826|917841|917879|917881|917900|917902
stabili-93588414-e809-5018-bea1-8c99f4b0c2b0,queens-2024-p72-r34,ambiguous,manual_review,"68-17A–68-17B 224th Street, Queens, NY 11364",4076720002,,,"224-01 69 Avenue, Queens, NY 11364",source_bbl_found_in_official_nyc_data|parcel_has_multiple_unresolved_hpd_buildings,462692|812777|913963|917608|917611|917643|917645|917661|917696|917733|917800|917802|917821|917823|917826|917841|917879|917881|917900|917902
stabili-25348ca7-f08b-5c43-93ae-260418468dda,queens-2024-p72-r35,ambiguous,manual_review,"68-21A–68-21B 224th Street, Queens, NY 11364",4076720002,,,"224-01 69 Avenue, Queens, NY 11364",source_bbl_found_in_official_nyc_data|parcel_has_multiple_unresolved_hpd_buildings,462692|812777|913963|917608|917611|917643|917645|917661|917696|917733|917800|917802|917821|917823|917826|917841|917879|917881|917900|917902
stabili-329cf61a-590a-53bd-ae7d-931c19b3da64,queens-2024-p72-r36,ambiguous,manual_review,"68-23A–68-23B 224th Street, Queens, NY 11364",4076720002,,,"224-01 69 Avenue, Queens, NY 11364",source_bbl_found_in_official_nyc_data|parcel_has_multiple_unresolved_hpd_buildings,462692|812777|913963|917608|917611|917643|917645|917661|917696|917733|917800|917802|917821|917823|917826|917841|917879|917881|917900|917902
stabili-d29855b2-8836-5115-a0b9-ef9fa71d9a40,queens-2024-p72-r38,ambiguous,manual_review,"78-16 226th Street, Queens, NY 11364",4078420033,,,"224-06 Springfield Blvd, Queens, NY 11364",source_bbl_found_in_official_nyc_data|parcel_has_multiple_unresolved_hpd_buildings,612842|858706|916049|916055|916056|916057|916060|916071|916080|916081|916087|916090|916117|916118|916124|916128|916129|916135|916143|916161
stabili-20224928-3d31-5b6c-b73b-a4357077e596,queens-2024-p72-r39,ambiguous,manual_review,"78-32 226th Street, Queens, NY 11364",4078420033,,,"224-06 Springfield Blvd, Queens, NY 11364",source_bbl_found_in_official_nyc_data|parcel_has_multiple_unresolved_hpd_buildings,612842|858706|916049|916055|916056|916057|916060|916071|916080|916081|916087|916090|916117|916118|916124|916128|916129|916135|916143|916161
stabili-9abf1da2-1091-5495-bc05-39cbff85d89e,queens-2024-p72-r40,ambiguous,manual_review,"78-41 226th Street, Queens, NY 11364",4078440002,,,"78-14 Cloverdale Boulevard, Queens, NY 11364",source_bbl_found_in_official_nyc_data|parcel_has_multiple_unresolved_hpd_buildings,671226|819197|866018|916889|916972|916973|916977|916983|917007|917033|917035|917040|917284|917406|917417|935075
stabili-04f2417b-066c-5af5-ace4-092751254c81,queens-2024-p72-r44,ambiguous,manual_review,"221-07 64th Avenue, Queens, NY 11364",4076440002,,,"61-53 Springfield Blvd, Queens, NY 11364",source_bbl_found_in_official_nyc_data|parcel_has_multiple_unresolved_hpd_buildings,696244|918190|918200|918233|918235|918237|918246|918248|918251|918253|918256|918261|918263|918308|918309|918311|918312|918315|918317|918321
stabili-23ac50cc-57dd-5f82-92bb-1713092738f7,queens-2024-p72-r45,ambiguous,manual_review,"221-09 64th Avenue, Queens, NY 11364",4076440002,,,"61-53 Springfield Blvd, Queens, NY 11364",source_bbl_found_in_official_nyc_data|parcel_has_multiple_unresolved_hpd_buildings,696244|918190|918200|918233|918235|918237|918246|918248|918251|918253|918256|918261|918263|918308|918309|918311|918312|918315|918317|918321
stabili-b4cfeec7-744e-5c8d-8b9d-6b03d0d67f00,queens-2024-p72-r46,ambiguous,manual_review,"221-11A 64th Avenue, Queens, NY 11364",4076440002,,,"61-53 Springfield Blvd, Queens, NY 11364",source_bbl_found_in_official_nyc_data|parcel_has_multiple_unresolved_hpd_buildings,696244|918190|918200|918233|918235|918237|918246|918248|918251|918253|918256|918261|918263|918308|918309|918311|918312|918315|918317|918321
stabili-5ac6c8a9-6496-51e4-a7ee-ba403272ca08,queens-2024-p72-r47,ambiguous,manual_review,"221-13 64th Avenue, Queens, NY 11364",4076440002,,,"61-53 Springfield Blvd, Queens, NY 11364",source_bbl_found_in_official_nyc_data|parcel_has_multiple_unresolved_hpd_buildings,696244|918190|918200|918233|918235|918237|918246|918248|918251|918253|918256|918261|918263|918308|918309|918311|918312|918315|918317|918321
stabili-7f3482d0-1266-5644-a484-d489c234c291,queens-2024-p72-r49,ambiguous,manual_review,"221-17A 64th Avenue, Queens, NY 11364",4076440002,,,"61-53 Springfield Blvd, Queens, NY 11364",source_bbl_found_in_official_nyc_data|parcel_has_multiple_unresolved_hpd_buildings,696244|918190|918200|918233|918235|918237|918246|918248|918251|918253|918256|918261|918263|918308|918309|918311|918312|918315|918317|918321
stabili-0b810e41-a729-5b83-8bc0-2aac4c1cf79a,queens-2024-p72-r50,ambiguous,manual_review,"221-19 64th Avenue, Queens, NY 11364",4076440002,,,"61-53 Springfield Blvd, Queens, NY 11364",source_bbl_found_in_official_nyc_data|parcel_has_multiple_unresolved_hpd_buildings,696244|918190|918200|918233|918235|918237|918246|918248|918251|918253|918256|918261|918263|918308|918309|918311|918312|918315|918317|918321
stabili-1a1d983b-9fcd-51f2-8288-2126c6ed1944,queens-2024-p72-r51,ambiguous,manual_review,"221-21B 64th Avenue, Queens, NY 11364",4076440002,,,"61-53 Springfield Blvd, Queens, NY 11364",source_bbl_found_in_official_nyc_data|parcel_has_multiple_unresolved_hpd_buildings,696244|918190|918200|918233|918235|918237|918246|918248|918251|918253|918256|918261|918263|918308|918309|918311|918312|918315|918317|918321
stabili-0794149f-ae47-5c36-89f0-3f9ade1079d7,queens-2024-p72-r52,ambiguous,manual_review,"221-23B 64th Avenue, Queens, NY 11364",4076440002,,,"61-53 Springfield Blvd, Queens, NY 11364",source_bbl_found_in_official_nyc_data|parcel_has_multiple_unresolved_hpd_buildings,696244|918190|918200|918233|918235|918237|918246|918248|918251|918253|918256|918261|918263|918308|918309|918311|918312|918315|918317|918321
stabili-c269f640-7e42-5ca4-ac95-97f9e52b01d4,queens-2024-p72-r53,ambiguous,manual_review,"221-25A 64th Avenue, Queens, NY 11364",4076440002,,,"61-53 Springfield Blvd, Queens, NY 11364",source_bbl_found_in_official_nyc_data|parcel_has_multiple_unresolved_hpd_buildings,696244|918190|918200|918233|918235|918237|918246|918248|918251|918253|918256|918261|918263|918308|918309|918311|918312|918315|918317|918321
stabili-cd182667-0617-5d1b-93af-a5b7e339e235,queens-2024-p72-r54,ambiguous,manual_review,"221-27 64th Avenue, Queens, NY 11364",4076440002,,,"61-53 Springfield Blvd, Queens, NY 11364",source_bbl_found_in_official_nyc_data|parcel_has_multiple_unresolved_hpd_buildings,696244|918190|918200|918233|918235|918237|918246|918248|918251|918253|918256|918261|918263|918308|918309|918311|918312|918315|918317|918321
stabili-fe7c5a37-27ff-5a5a-a6f8-6b9197c7b12d,queens-2024-p72-r55,ambiguous,manual_review,"221-29 64th Avenue, Queens, NY 11364",4076440002,,,"61-53 Springfield Blvd, Queens, NY 11364",source_bbl_found_in_official_nyc_data|parcel_has_multiple_unresolved_hpd_buildings,696244|918190|918200|918233|918235|918237|918246|918248|918251|918253|918256|918261|918263|918308|918309|918311|918312|918315|918317|918321
stabili-845aa22d-c37e-5fc1-aa0a-d198798d2b95,queens-2024-p72-r56,ambiguous,manual_review,"224-01–224-65 64th Avenue, Queens, NY 11364",4076480002,,,"224-02 Horace Harding Expwy, Queens, NY 11364",source_bbl_found_in_official_nyc_data|parcel_has_multiple_unresolved_hpd_buildings|primary_address_matches_10_hpd_buildings,665622|868422|874548|914624|917419|917466|917476|917487|917527|917547|917562|917577|917581|917992|917999|918013|918020|918028|918054|918056
stabili-e012ff61-625d-519d-9eac-f0bdb1897700,queens-2024-p73-r2,ambiguous,manual_review,"224-04B 64th Avenue, Queens, NY 11364",4076600002,,,"224-65 64 Avenue, Queens, NY 11364",source_bbl_found_in_official_nyc_data|parcel_has_multiple_unresolved_hpd_buildings,455218|859112|863867|919761|919772|919774|919847|919850|919851|919858|919870|919873|919882|919885|919901|919998|920032|920039|920044|920045
stabili-29506612-1607-5793-895c-9232ee8e56e0,queens-2024-p73-r3,ambiguous,manual_review,"224-06B 64th Avenue, Queens, NY 11364",4076600002,,,"224-65 64 Avenue, Queens, NY 11364",source_bbl_found_in_official_nyc_data|parcel_has_multiple_unresolved_hpd_buildings,455218|859112|863867|919761|919772|919774|919847|919850|919851|919858|919870|919873|919882|919885|919901|919998|920032|920039|920044|920045
stabili-2919e960-4664-5620-a076-c01f34acd299,queens-2024-p73-r4,ambiguous,manual_review,"224-08A 64th Avenue, Queens, NY 11364",4076600002,,,"224-65 64 Avenue, Queens, NY 11364",source_bbl_found_in_official_nyc_data|parcel_has_multiple_unresolved_hpd_buildings,455218|859112|863867|919761|919772|919774|919847|919850|919851|919858|919870|919873|919882|919885|919901|919998|920032|920039|920044|920045
stabili-198d9202-403e-50e7-a5d1-d7a6437fc28c,queens-2024-p73-r6,ambiguous,manual_review,"224-12 64th Avenue, Queens, NY 11364",4076600002,,,"224-65 64 Avenue, Queens, NY 11364",source_bbl_found_in_official_nyc_data|parcel_has_multiple_unresolved_hpd_buildings,455218|859112|863867|919761|919772|919774|919847|919850|919851|919858|919870|919873|919882|919885|919901|919998|920032|920039|920044|920045
stabili-f0dd7099-9978-5bc6-8418-401a45d1d0b4,queens-2024-p73-r7,ambiguous,manual_review,"224-14 64th Avenue, Queens, NY 11364",4076600002,,,"224-65 64 Avenue, Queens, NY 11364",source_bbl_found_in_official_nyc_data|parcel_has_multiple_unresolved_hpd_buildings,455218|859112|863867|919761|919772|919774|919847|919850|919851|919858|919870|919873|919882|919885|919901|919998|920032|920039|920044|920045
stabili-c1aa0d5d-7add-5d94-8542-d8a5474c9696,queens-2024-p73-r8,ambiguous,manual_review,"224-16 64th Avenue, Queens, NY 11364",4076600002,,,"224-65 64 Avenue, Queens, NY 11364",source_bbl_found_in_official_nyc_data|parcel_has_multiple_unresolved_hpd_buildings,455218|859112|863867|919761|919772|919774|919847|919850|919851|919858|919870|919873|919882|919885|919901|919998|920032|920039|920044|920045
stabili-603594a4-64d0-52f5-9c8a-57666bc5d347,queens-2024-p73-r10,ambiguous,manual_review,"224-20 64th Avenue, Queens, NY 11364",4076600002,,,"224-65 64 Avenue, Queens, NY 11364",source_bbl_found_in_official_nyc_data|parcel_has_multiple_unresolved_hpd_buildings,455218|859112|863867|919761|919772|919774|919847|919850|919851|919858|919870|919873|919882|919885|919901|919998|920032|920039|920044|920045
stabili-27023508-6d97-5d17-967c-c3b2dac6797e,queens-2024-p73-r11,ambiguous,manual_review,"224-22 64th Avenue, Queens, NY 11364",4076600002,,,"224-65 64 Avenue, Queens, NY 11364",source_bbl_found_in_official_nyc_data|parcel_has_multiple_unresolved_hpd_buildings,455218|859112|863867|919761|919772|919774|919847|919850|919851|919858|919870|919873|919882|919885|919901|919998|920032|920039|920044|920045
stabili-0ddbcbc9-e8ab-5074-98c3-2e5d10bb95f7,queens-2024-p73-r12,ambiguous,manual_review,"224-24 64th Avenue, Queens, NY 11364",4076600002,,,"224-65 64 Avenue, Queens, NY 11364",source_bbl_found_in_official_nyc_data|parcel_has_multiple_unresolved_hpd_buildings,455218|859112|863867|919761|919772|919774|919847|919850|919851|919858|919870|919873|919882|919885|919901|919998|920032|920039|920044|920045
stabili-c1616061-437a-5098-8220-fc27db1cd19f,queens-2024-p73-r13,ambiguous,manual_review,"224-26 64th Avenue, Queens, NY 11364",4076600002,,,"224-65 64 Avenue, Queens, NY 11364",source_bbl_found_in_official_nyc_data|parcel_has_multiple_unresolved_hpd_buildings,455218|859112|863867|919761|919772|919774|919847|919850|919851|919858|919870|919873|919882|919885|919901|919998|920032|920039|920044|920045
stabili-0fcfdc59-3825-54de-a47e-bdcb3e5d37d3,queens-2024-p73-r14,ambiguous,manual_review,"224-28 64th Avenue, Queens, NY 11364",4076600002,,,"224-65 64 Avenue, Queens, NY 11364",source_bbl_found_in_official_nyc_data|parcel_has_multiple_unresolved_hpd_buildings,455218|859112|863867|919761|919772|919774|919847|919850|919851|919858|919870|919873|919882|919885|919901|919998|920032|920039|920044|920045
stabili-7c5014e1-b0c5-532f-8fcf-371343b59d40,queens-2024-p73-r16,ambiguous,manual_review,"224-32 64th Avenue, Queens, NY 11364",4076600002,,,"224-65 64 Avenue, Queens, NY 11364",source_bbl_found_in_official_nyc_data|parcel_has_multiple_unresolved_hpd_buildings,455218|859112|863867|919761|919772|919774|919847|919850|919851|919858|919870|919873|919882|919885|919901|919998|920032|920039|920044|920045
stabili-bed9fcfb-16b1-58ca-b9e2-1d2e9d27c692,queens-2024-p73-r18,ambiguous,manual_review,"224-36 64th Avenue, Queens, NY 11364",4076600002,,,"224-65 64 Avenue, Queens, NY 11364",source_bbl_found_in_official_nyc_data|parcel_has_multiple_unresolved_hpd_buildings,455218|859112|863867|919761|919772|919774|919847|919850|919851|919858|919870|919873|919882|919885|919901|919998|920032|920039|920044|920045
stabili-a4fcec42-5f6f-562f-94aa-cfc8f2fa5480,queens-2024-p73-r19,ambiguous,manual_review,"224-38 64th Avenue, Queens, NY 11364",4076600002,,,"224-65 64 Avenue, Queens, NY 11364",source_bbl_found_in_official_nyc_data|parcel_has_multiple_unresolved_hpd_buildings,455218|859112|863867|919761|919772|919774|919847|919850|919851|919858|919870|919873|919882|919885|919901|919998|920032|920039|920044|920045
stabili-4c020a12-5bf7-5cbc-a641-2fa1b46d53bc,queens-2024-p73-r20,ambiguous,manual_review,"224-40 64th Avenue, Queens, NY 11364",4076600002,,,"224-65 64 Avenue, Queens, NY 11364",source_bbl_found_in_official_nyc_data|parcel_has_multiple_unresolved_hpd_buildings,455218|859112|863867|919761|919772|919774|919847|919850|919851|919858|919870|919873|919882|919885|919901|919998|920032|920039|920044|920045
stabili-0eb88d24-3b25-547e-ae42-93c2cc8859db,queens-2024-p73-r21,ambiguous,manual_review,"224-42 64th Avenue, Queens, NY 11364",4076600002,,,"224-65 64 Avenue, Queens, NY 11364",source_bbl_found_in_official_nyc_data|parcel_has_multiple_unresolved_hpd_buildings,455218|859112|863867|919761|919772|919774|919847|919850|919851|919858|919870|919873|919882|919885|919901|919998|920032|920039|920044|920045
stabili-ca656911-867f-5afa-86fd-2e8aaec64a6b,queens-2024-p73-r22,ambiguous,manual_review,"224-44 64th Avenue, Queens, NY 11364",4076600002,,,"224-65 64 Avenue, Queens, NY 11364",source_bbl_found_in_official_nyc_data|parcel_has_multiple_unresolved_hpd_buildings,455218|859112|863867|919761|919772|919774|919847|919850|919851|919858|919870|919873|919882|919885|919901|919998|920032|920039|920044|920045
stabili-eda36c97-3e03-5430-be57-3eb5b0b2c97a,queens-2024-p73-r24,ambiguous,manual_review,"224-48 64th Avenue, Queens, NY 11364",4076600002,,,"224-65 64 Avenue, Queens, NY 11364",source_bbl_found_in_official_nyc_data|parcel_has_multiple_unresolved_hpd_buildings,455218|859112|863867|919761|919772|919774|919847|919850|919851|919858|919870|919873|919882|919885|919901|919998|920032|920039|920044|920045
stabili-789903a7-9975-5227-999e-316216235cd6,queens-2024-p73-r25,ambiguous,manual_review,"224-50 64th Avenue, Queens, NY 11364",4076600002,,,"224-65 64 Avenue, Queens, NY 11364",source_bbl_found_in_official_nyc_data|parcel_has_multiple_unresolved_hpd_buildings,455218|859112|863867|919761|919772|919774|919847|919850|919851|919858|919870|919873|919882|919885|919901|919998|920032|920039|920044|920045
stabili-82afb785-0f8f-5d34-bc69-25b1bd41d15f,queens-2024-p73-r26,ambiguous,manual_review,"224-52 64th Avenue, Queens, NY 11364",4076600002,,,"224-65 64 Avenue, Queens, NY 11364",source_bbl_found_in_official_nyc_data|parcel_has_multiple_unresolved_hpd_buildings,455218|859112|863867|919761|919772|919774|919847|919850|919851|919858|919870|919873|919882|919885|919901|919998|920032|920039|920044|920045
stabili-b13f842f-d240-590f-b415-0469388d37b6,queens-2024-p73-r28,ambiguous,manual_review,"224-56 64th Avenue, Queens, NY 11364",4076600002,,,"224-65 64 Avenue, Queens, NY 11364",source_bbl_found_in_official_nyc_data|parcel_has_multiple_unresolved_hpd_buildings,455218|859112|863867|919761|919772|919774|919847|919850|919851|919858|919870|919873|919882|919885|919901|919998|920032|920039|920044|920045
stabili-0a78ccda-05fb-52ca-b511-5a190b9cd4b9,queens-2024-p73-r29,ambiguous,manual_review,"224-58A 64th Avenue, Queens, NY 11364",4076600002,,,"224-65 64 Avenue, Queens, NY 11364",source_bbl_found_in_official_nyc_data|parcel_has_multiple_unresolved_hpd_buildings,455218|859112|863867|919761|919772|919774|919847|919850|919851|919858|919870|919873|919882|919885|919901|919998|920032|920039|920044|920045
stabili-6eee82f1-ca1e-57ea-97ef-37c245f9e9e9,queens-2024-p73-r30,ambiguous,manual_review,"224-60B 64th Avenue, Queens, NY 11364",4076600002,,,"224-65 64 Avenue, Queens, NY 11364",source_bbl_found_in_official_nyc_data|parcel_has_multiple_unresolved_hpd_buildings,455218|859112|863867|919761|919772|919774|919847|919850|919851|919858|919870|919873|919882|919885|919901|919998|920032|920039|920044|920045
stabili-2b6638d9-3e44-51a9-b54a-60ad0b4a1fa6,queens-2024-p73-r31,ambiguous,manual_review,"224-62B 64th Avenue, Queens, NY 11364",4076600002,,,"224-65 64 Avenue, Queens, NY 11364",source_bbl_found_in_official_nyc_data|parcel_has_multiple_unresolved_hpd_buildings,455218|859112|863867|919761|919772|919774|919847|919850|919851|919858|919870|919873|919882|919885|919901|919998|920032|920039|920044|920045
stabili-f9f4c5c5-a38a-5f80-9690-aaa9c7e2d5e1,queens-2024-p73-r32,ambiguous,manual_review,"224-64A 64th Avenue, Queens, NY 11364",4076600002,,,"224-65 64 Avenue, Queens, NY 11364",source_bbl_found_in_official_nyc_data|parcel_has_multiple_unresolved_hpd_buildings,455218|859112|863867|919761|919772|919774|919847|919850|919851|919858|919870|919873|919882|919885|919901|919998|920032|920039|920044|920045
stabili-83d01d98-db4b-58b9-a9d5-8e5b0b63c483,queens-2024-p73-r34,ambiguous,manual_review,"223-03–223-05 65th Avenue, Queens, NY 11364",4076580002,,,"223-01 65 Avenue, Queens, NY 11364",source_bbl_found_in_official_nyc_data|parcel_has_multiple_unresolved_hpd_buildings|primary_address_matches_2_hpd_buildings,456765|918348|918349|918351|918497|918501|918507|918508|918512|918522|918532|918541|918550|918560|918575|918580|918704|918710|918715|918726
stabili-68173ef2-88b5-52a2-a255-4a423868db02,queens-2024-p73-r35,ambiguous,manual_review,"223-07A 65th Avenue, Queens, NY 11364",4076580002,,,"223-01 65 Avenue, Queens, NY 11364",source_bbl_found_in_official_nyc_data|parcel_has_multiple_unresolved_hpd_buildings,456765|918348|918349|918351|918497|918501|918507|918508|918512|918522|918532|918541|918550|918560|918575|918580|918704|918710|918715|918726
stabili-fca1be58-624d-596e-90d5-e05a127a28ad,queens-2024-p73-r37,ambiguous,manual_review,"223-11B 65th Avenue, Queens, NY 11364",4076580002,,,"223-01 65 Avenue, Queens, NY 11364",source_bbl_found_in_official_nyc_data|parcel_has_multiple_unresolved_hpd_buildings,456765|918348|918349|918351|918497|918501|918507|918508|918512|918522|918532|918541|918550|918560|918575|918580|918704|918710|918715|918726
stabili-5e67d0c4-37a5-58c4-a8d2-59cc7564ede4,queens-2024-p73-r38,ambiguous,manual_review,"223-13B 65th Avenue, Queens, NY 11364",4076580002,,,"223-01 65 Avenue, Queens, NY 11364",source_bbl_found_in_official_nyc_data|parcel_has_multiple_unresolved_hpd_buildings,456765|918348|918349|918351|918497|918501|918507|918508|918512|918522|918532|918541|918550|918560|918575|918580|918704|918710|918715|918726
stabili-323662e2-3c12-50e3-b95e-bb7343518004,queens-2024-p73-r39,ambiguous,manual_review,"223-15A 65th Avenue, Queens, NY 11364",4076580002,,,"223-01 65 Avenue, Queens, NY 11364",source_bbl_found_in_official_nyc_data|parcel_has_multiple_unresolved_hpd_buildings,456765|918348|918349|918351|918497|918501|918507|918508|918512|918522|918532|918541|918550|918560|918575|918580|918704|918710|918715|918726
stabili-0ced8090-292d-5bdd-a884-cca1d610c4c1,queens-2024-p73-r40,ambiguous,manual_review,"223-17A 65th Avenue, Queens, NY 11364",4076580002,,,"223-01 65 Avenue, Queens, NY 11364",source_bbl_found_in_official_nyc_data|parcel_has_multiple_unresolved_hpd_buildings,456765|918348|918349|918351|918497|918501|918507|918508|918512|918522|918532|918541|918550|918560|918575|918580|918704|918710|918715|918726
stabili-8d1381a8-dd93-5daa-bcb2-bf39667c6c5b,queens-2024-p73-r41,ambiguous,manual_review,"223-19 65th Avenue, Queens, NY 11364",4076580002,,,"223-01 65 Avenue, Queens, NY 11364",source_bbl_found_in_official_nyc_data|parcel_has_multiple_unresolved_hpd_buildings,456765|918348|918349|918351|918497|918501|918507|918508|918512|918522|918532|918541|918550|918560|918575|918580|918704|918710|918715|918726
stabili-0d545c0a-8f35-53c3-98f1-7f5deda961d6,queens-2024-p73-r42,ambiguous,manual_review,"223-21B 65th Avenue, Queens, NY 11364",4076580002,,,"223-01 65 Avenue, Queens, NY 11364",source_bbl_found_in_official_nyc_data|parcel_has_multiple_unresolved_hpd_buildings,456765|918348|918349|918351|918497|918501|918507|918508|918512|918522|918532|918541|918550|918560|918575|918580|918704|918710|918715|918726
stabili-2703a79b-bfce-531b-8a9c-abc10510b7e7,queens-2024-p73-r43,ambiguous,manual_review,"223-23A 65th Avenue, Queens, NY 11364",4076580002,,,"223-01 65 Avenue, Queens, NY 11364",source_bbl_found_in_official_nyc_data|parcel_has_multiple_unresolved_hpd_buildings,456765|918348|918349|918351|918497|918501|918507|918508|918512|918522|918532|918541|918550|918560|918575|918580|918704|918710|918715|918726
stabili-039a5e57-1181-578c-9dbf-dcca3597d526,queens-2024-p73-r44,ambiguous,manual_review,"223-25 65th Avenue, Queens, NY 11364",4076580002,,,"223-01 65 Avenue, Queens, NY 11364",source_bbl_found_in_official_nyc_data|parcel_has_multiple_unresolved_hpd_buildings,456765|918348|918349|918351|918497|918501|918507|918508|918512|918522|918532|918541|918550|918560|918575|918580|918704|918710|918715|918726
stabili-2d65a1cc-230b-5074-81c0-4c6cd13b8287,queens-2024-p73-r45,ambiguous,manual_review,"223-27 65th Avenue, Queens, NY 11364",4076580002,,,"223-01 65 Avenue, Queens, NY 11364",source_bbl_found_in_official_nyc_data|parcel_has_multiple_unresolved_hpd_buildings,456765|918348|918349|918351|918497|918501|918507|918508|918512|918522|918532|918541|918550|918560|918575|918580|918704|918710|918715|918726
stabili-be872316-2376-5482-a8e3-af4c85c4a0d3,queens-2024-p73-r46,ambiguous,manual_review,"223-29 65th Avenue, Queens, NY 11364",4076580002,,,"223-01 65 Avenue, Queens, NY 11364",source_bbl_found_in_official_nyc_data|parcel_has_multiple_unresolved_hpd_buildings,456765|918348|918349|918351|918497|918501|918507|918508|918512|918522|918532|918541|918550|918560|918575|918580|918704|918710|918715|918726
stabili-504e3d27-532d-542f-b650-3cbb48828aa8,queens-2024-p73-r47,ambiguous,manual_review,"223-31 65th Avenue, Queens, NY 11364",4076580002,,,"223-01 65 Avenue, Queens, NY 11364",source_bbl_found_in_official_nyc_data|parcel_has_multiple_unresolved_hpd_buildings,456765|918348|918349|918351|918497|918501|918507|918508|918512|918522|918532|918541|918550|918560|918575|918580|918704|918710|918715|918726
stabili-259c0de4-f8ae-51cd-b81f-7ab3f6a942e5,queens-2024-p73-r48,ambiguous,manual_review,"223-33 65th Avenue, Queens, NY 11364",4076580002,,,"223-01 65 Avenue, Queens, NY 11364",source_bbl_found_in_official_nyc_data|parcel_has_multiple_unresolved_hpd_buildings,456765|918348|918349|918351|918497|918501|918507|918508|918512|918522|918532|918541|918550|918560|918575|918580|918704|918710|918715|918726
stabili-c721384f-a0ec-5768-ba8d-6d24fd5155c7,queens-2024-p73-r49,ambiguous,manual_review,"223-35 65th Avenue, Queens, NY 11364",4076580002,,,"223-01 65 Avenue, Queens, NY 11364",source_bbl_found_in_official_nyc_data|parcel_has_multiple_unresolved_hpd_buildings,456765|918348|918349|918351|918497|918501|918507|918508|918512|918522|918532|918541|918550|918560|918575|918580|918704|918710|918715|918726
stabili-511af646-f538-5b3c-b913-ff1a73d19736,queens-2024-p73-r50,ambiguous,manual_review,"223-37 65th Avenue, Queens, NY 11364",4076580002,,,"223-01 65 Avenue, Queens, NY 11364",source_bbl_found_in_official_nyc_data|parcel_has_multiple_unresolved_hpd_buildings,456765|918348|918349|918351|918497|918501|918507|918508|918512|918522|918532|918541|918550|918560|918575|918580|918704|918710|918715|918726
stabili-3d63a82d-7c7e-597e-a537-89b7fc502f04,queens-2024-p73-r51,ambiguous,manual_review,"223-39 65th Avenue, Queens, NY 11364",4076580002,,,"223-01 65 Avenue, Queens, NY 11364",source_bbl_found_in_official_nyc_data|parcel_has_multiple_unresolved_hpd_buildings,456765|918348|918349|918351|918497|918501|918507|918508|918512|918522|918532|918541|918550|918560|918575|918580|918704|918710|918715|918726
stabili-9cd106ff-57b8-55ff-91af-272b203b0fe6,queens-2024-p73-r52,ambiguous,manual_review,"223-41A 65th Avenue, Queens, NY 11364",4076580002,,,"223-01 65 Avenue, Queens, NY 11364",source_bbl_found_in_official_nyc_data|parcel_has_multiple_unresolved_hpd_buildings,456765|918348|918349|918351|918497|918501|918507|918508|918512|918522|918532|918541|918550|918560|918575|918580|918704|918710|918715|918726
stabili-5b8f82b6-8e5f-5f49-b2d7-00b999b36c04,queens-2024-p73-r53,ambiguous,manual_review,"223-43B 65th Avenue, Queens, NY 11364",4076580002,,,"223-01 65 Avenue, Queens, NY 11364",source_bbl_found_in_official_nyc_data|parcel_has_multiple_unresolved_hpd_buildings,456765|918348|918349|918351|918497|918501|918507|918508|918512|918522|918532|918541|918550|918560|918575|918580|918704|918710|918715|918726
stabili-bbf74327-4e0b-53b0-9249-fab9bd3dfb90,queens-2024-p73-r55,ambiguous,manual_review,"223-47A 65th Avenue, Queens, NY 11364",4076580002,,,"223-01 65 Avenue, Queens, NY 11364",source_bbl_found_in_official_nyc_data|parcel_has_multiple_unresolved_hpd_buildings,456765|918348|918349|918351|918497|918501|918507|918508|918512|918522|918532|918541|918550|918560|918575|918580|918704|918710|918715|918726
stabili-ed76802d-d42b-55b1-8ab2-def17a22460e,queens-2024-p73-r56,ambiguous,manual_review,"223-49A 65th Avenue, Queens, NY 11364",4076580002,,,"223-01 65 Avenue, Queens, NY 11364",source_bbl_found_in_official_nyc_data|parcel_has_multiple_unresolved_hpd_buildings,456765|918348|918349|918351|918497|918501|918507|918508|918512|918522|918532|918541|918550|918560|918575|918580|918704|918710|918715|918726
stabili-9d2ab2dd-5e03-5e5e-9fab-5c8f0fd1c1de,queens-2024-p74-r1,ambiguous,manual_review,"223-51B 65th Avenue, Queens, NY 11364",4076580002,,,"223-01 65 Avenue, Queens, NY 11364",source_bbl_found_in_official_nyc_data|parcel_has_multiple_unresolved_hpd_buildings,456765|918348|918349|918351|918497|918501|918507|918508|918512|918522|918532|918541|918550|918560|918575|918580|918704|918710|918715|918726
stabili-c0cc60f2-af3c-5c84-9a60-d0c8d5e4a19b,queens-2024-p74-r3,ambiguous,manual_review,"223-55A 65th Avenue, Queens, NY 11364",4076580002,,,"223-01 65 Avenue, Queens, NY 11364",source_bbl_found_in_official_nyc_data|parcel_has_multiple_unresolved_hpd_buildings,456765|918348|918349|918351|918497|918501|918507|918508|918512|918522|918532|918541|918550|918560|918575|918580|918704|918710|918715|918726
stabili-21852481-6506-5983-90b5-999c2383821a,queens-2024-p74-r4,ambiguous,manual_review,"223-57A 65th Avenue, Queens, NY 11364",4076580002,,,"223-01 65 Avenue, Queens, NY 11364",source_bbl_found_in_official_nyc_data|parcel_has_multiple_unresolved_hpd_buildings,456765|918348|918349|918351|918497|918501|918507|918508|918512|918522|918532|918541|918550|918560|918575|918580|918704|918710|918715|918726
stabili-787f369f-673e-545f-bd33-56343047c55d,queens-2024-p74-r5,ambiguous,manual_review,"223-59B 65th Avenue, Queens, NY 11364",4076580002,,,"223-01 65 Avenue, Queens, NY 11364",source_bbl_found_in_official_nyc_data|parcel_has_multiple_unresolved_hpd_buildings,456765|918348|918349|918351|918497|918501|918507|918508|918512|918522|918532|918541|918550|918560|918575|918580|918704|918710|918715|918726
stabili-67b5b79e-4cde-50b9-87ab-15b2020965c5,queens-2024-p74-r6,ambiguous,manual_review,"223-61B 65th Avenue, Queens, NY 11364",4076580002,,,"223-01 65 Avenue, Queens, NY 11364",source_bbl_found_in_official_nyc_data|parcel_has_multiple_unresolved_hpd_buildings,456765|918348|918349|918351|918497|918501|918507|918508|918512|918522|918532|918541|918550|918560|918575|918580|918704|918710|918715|918726
stabili-63111f65-1a7c-5616-ac3f-b9169150cfc2,queens-2024-p74-r7,ambiguous,manual_review,"223-63A 65th Avenue, Queens, NY 11364",4076580002,,,"223-01 65 Avenue, Queens, NY 11364",source_bbl_found_in_official_nyc_data|parcel_has_multiple_unresolved_hpd_buildings,456765|918348|918349|918351|918497|918501|918507|918508|918512|918522|918532|918541|918550|918560|918575|918580|918704|918710|918715|918726
stabili-f367a2c7-2def-5dfd-9d3a-3529e0a7d002,queens-2024-p74-r8,ambiguous,manual_review,"224-01 67th Avenue, Queens, NY 11364",4076600002,,,"224-65 64 Avenue, Queens, NY 11364",source_bbl_found_in_official_nyc_data|parcel_has_multiple_unresolved_hpd_buildings,455218|859112|863867|919761|919772|919774|919847|919850|919851|919858|919870|919873|919882|919885|919901|919998|920032|920039|920044|920045
stabili-c01fa127-86d4-5c29-be5e-9b392a88a40a,queens-2024-p74-r9,ambiguous,manual_review,"224-02 67th Avenue, Queens, NY 11364",4076720002,,,"224-01 69 Avenue, Queens, NY 11364",source_bbl_found_in_official_nyc_data|parcel_has_multiple_unresolved_hpd_buildings,462692|812777|913963|917608|917611|917643|917645|917661|917696|917733|917800|917802|917821|917823|917826|917841|917879|917881|917900|917902
stabili-8126bca2-b541-5133-abcb-13d70f64e15e,queens-2024-p74-r10,ambiguous,manual_review,"224-03B 67th Avenue, Queens, NY 11364",4076600002,,,"224-65 64 Avenue, Queens, NY 11364",source_bbl_found_in_official_nyc_data|parcel_has_multiple_unresolved_hpd_buildings,455218|859112|863867|919761|919772|919774|919847|919850|919851|919858|919870|919873|919882|919885|919901|919998|920032|920039|920044|920045
stabili-8c59e05e-749e-5c66-9862-e539227cce29,queens-2024-p74-r11,ambiguous,manual_review,"224-04 67th Avenue, Queens, NY 11364",4076720002,,,"224-01 69 Avenue, Queens, NY 11364",source_bbl_found_in_official_nyc_data|parcel_has_multiple_unresolved_hpd_buildings,462692|812777|913963|917608|917611|917643|917645|917661|917696|917733|917800|917802|917821|917823|917826|917841|917879|917881|917900|917902
stabili-294b841e-6566-5570-8b8a-8b87930fa807,queens-2024-p74-r12,ambiguous,manual_review,"224-05B 67th Avenue, Queens, NY 11364",4076600002,,,"224-65 64 Avenue, Queens, NY 11364",source_bbl_found_in_official_nyc_data|parcel_has_multiple_unresolved_hpd_buildings,455218|859112|863867|919761|919772|919774|919847|919850|919851|919858|919870|919873|919882|919885|919901|919998|920032|920039|920044|920045
stabili-c599828f-c1a4-5d1c-b93f-8b54506cbeb6,queens-2024-p74-r13,ambiguous,manual_review,"224-07A 67th Avenue, Queens, NY 11364",4076600002,,,"224-65 64 Avenue, Queens, NY 11364",source_bbl_found_in_official_nyc_data|parcel_has_multiple_unresolved_hpd_buildings,455218|859112|863867|919761|919772|919774|919847|919850|919851|919858|919870|919873|919882|919885|919901|919998|920032|920039|920044|920045
stabili-f1959b21-489f-5851-81a6-874665a7f257,queens-2024-p74-r15,ambiguous,manual_review,"224-09 67th Avenue, Queens, NY 11364",4076600002,,,"224-65 64 Avenue, Queens, NY 11364",source_bbl_found_in_official_nyc_data|parcel_has_multiple_unresolved_hpd_buildings,455218|859112|863867|919761|919772|919774|919847|919850|919851|919858|919870|919873|919882|919885|919901|919998|920032|920039|920044|920045
stabili-dd68a547-3d97-5a22-9753-4754181edd93,queens-2024-p74-r18,ambiguous,manual_review,"224-12 67th Avenue, Queens, NY 11364",4076720002,,,"224-01 69 Avenue, Queens, NY 11364",source_bbl_found_in_official_nyc_data|parcel_has_multiple_unresolved_hpd_buildings,462692|812777|913963|917608|917611|917643|917645|917661|917696|917733|917800|917802|917821|917823|917826|917841|917879|917881|917900|917902
stabili-1a94c59a-274a-593d-be65-c8df703a5893,queens-2024-p74-r19,ambiguous,manual_review,"224-14 67th Avenue, Queens, NY 11364",4076720002,,,"224-01 69 Avenue, Queens, NY 11364",source_bbl_found_in_official_nyc_data|parcel_has_multiple_unresolved_hpd_buildings,462692|812777|913963|917608|917611|917643|917645|917661|917696|917733|917800|917802|917821|917823|917826|917841|917879|917881|917900|917902
stabili-628cfef2-bb7e-556b-9b7d-b1b7c3a1ec90,queens-2024-p74-r23,ambiguous,manual_review,"224-18 67th Avenue, Queens, NY 11364",4076720002,,,"224-01 69 Avenue, Queens, NY 11364",source_bbl_found_in_official_nyc_data|parcel_has_multiple_unresolved_hpd_buildings,462692|812777|913963|917608|917611|917643|917645|917661|917696|917733|917800|917802|917821|917823|917826|917841|917879|917881|917900|917902
stabili-4211c6bf-97bf-5665-bc0f-54b7aff100a1,queens-2024-p74-r25,ambiguous,manual_review,"224-20 67th Avenue, Queens, NY 11364",4076720002,,,"224-01 69 Avenue, Queens, NY 11364",source_bbl_found_in_official_nyc_data|parcel_has_multiple_unresolved_hpd_buildings,462692|812777|913963|917608|917611|917643|917645|917661|917696|917733|917800|917802|917821|917823|917826|917841|917879|917881|917900|917902
stabili-70b6164c-8e8f-539a-aace-b57d27f460c4,queens-2024-p74-r26,ambiguous,manual_review,"224-21 67th Avenue, Queens, NY 11364",4076600002,,,"224-65 64 Avenue, Queens, NY 11364",source_bbl_found_in_official_nyc_data|parcel_has_multiple_unresolved_hpd_buildings,455218|859112|863867|919761|919772|919774|919847|919850|919851|919858|919870|919873|919882|919885|919901|919998|920032|920039|920044|920045
stabili-dbdaaa5e-fd86-5999-a9b7-c58e08c27709,queens-2024-p74-r27,ambiguous,manual_review,"224-22 67th Avenue, Queens, NY 11364",4076720002,,,"224-01 69 Avenue, Queens, NY 11364",source_bbl_found_in_official_nyc_data|parcel_has_multiple_unresolved_hpd_buildings,462692|812777|913963|917608|917611|917643|917645|917661|917696|917733|917800|917802|917821|917823|917826|917841|917879|917881|917900|917902
stabili-e3e93af0-c9a1-55d4-8b5b-8cdf9702c7bd,queens-2024-p74-r29,ambiguous,manual_review,"224-24 67th Avenue, Queens, NY 11364",4076720002,,,"224-01 69 Avenue, Queens, NY 11364",source_bbl_found_in_official_nyc_data|parcel_has_multiple_unresolved_hpd_buildings,462692|812777|913963|917608|917611|917643|917645|917661|917696|917733|917800|917802|917821|917823|917826|917841|917879|917881|917900|917902
stabili-e23c616b-32b2-584f-a2f3-54ba338b0a83,queens-2024-p74-r31,ambiguous,manual_review,"224-26 67th Avenue, Queens, NY 11364",4076720002,,,"224-01 69 Avenue, Queens, NY 11364",source_bbl_found_in_official_nyc_data|parcel_has_multiple_unresolved_hpd_buildings,462692|812777|913963|917608|917611|917643|917645|917661|917696|917733|917800|917802|917821|917823|917826|917841|917879|917881|917900|917902
stabili-5e87e245-3447-5a84-b4b6-9d20806f597b,queens-2024-p74-r32,ambiguous,manual_review,"224-27 67th Avenue, Queens, NY 11364",4076600002,,,"224-65 64 Avenue, Queens, NY 11364",source_bbl_found_in_official_nyc_data|parcel_has_multiple_unresolved_hpd_buildings,455218|859112|863867|919761|919772|919774|919847|919850|919851|919858|919870|919873|919882|919885|919901|919998|920032|920039|920044|920045
stabili-c9ffb794-f266-5a1d-bc5f-b5056b546065,queens-2024-p74-r33,ambiguous,manual_review,"224-28 67th Avenue, Queens, NY 11364",4076720002,,,"224-01 69 Avenue, Queens, NY 11364",source_bbl_found_in_official_nyc_data|parcel_has_multiple_unresolved_hpd_buildings,462692|812777|913963|917608|917611|917643|917645|917661|917696|917733|917800|917802|917821|917823|917826|917841|917879|917881|917900|917902
stabili-f8742b72-a4e7-59d2-a525-4172744308d1,queens-2024-p74-r35,ambiguous,manual_review,"224-30 67th Avenue, Queens, NY 11364",4076720002,,,"224-01 69 Avenue, Queens, NY 11364",source_bbl_found_in_official_nyc_data|parcel_has_multiple_unresolved_hpd_buildings,462692|812777|913963|917608|917611|917643|917645|917661|917696|917733|917800|917802|917821|917823|917826|917841|917879|917881|917900|917902
stabili-c5900e33-83e5-51c8-ab75-ecd137d44558,queens-2024-p74-r36,ambiguous,manual_review,"224-31 67th Avenue, Queens, NY 11364",4076600002,,,"224-65 64 Avenue, Queens, NY 11364",source_bbl_found_in_official_nyc_data|parcel_has_multiple_unresolved_hpd_buildings,455218|859112|863867|919761|919772|919774|919847|919850|919851|919858|919870|919873|919882|919885|919901|919998|920032|920039|920044|920045
stabili-616e6320-1343-593e-baa3-3b5ea52c9f8d,queens-2024-p74-r38,ambiguous,manual_review,"224-33 67th Avenue, Queens, NY 11364",4076600002,,,"224-65 64 Avenue, Queens, NY 11364",source_bbl_found_in_official_nyc_data|parcel_has_multiple_unresolved_hpd_buildings,455218|859112|863867|919761|919772|919774|919847|919850|919851|919858|919870|919873|919882|919885|919901|919998|920032|920039|920044|920045
stabili-2c3649a5-0e31-5ba1-8c52-6fd709f6de56,queens-2024-p74-r39,ambiguous,manual_review,"224-34 67th Avenue, Queens, NY 11364",4076720002,,,"224-01 69 Avenue, Queens, NY 11364",source_bbl_found_in_official_nyc_data|parcel_has_multiple_unresolved_hpd_buildings,462692|812777|913963|917608|917611|917643|917645|917661|917696|917733|917800|917802|917821|917823|917826|917841|917879|917881|917900|917902
stabili-9a2cb767-91c0-50c8-bf6f-e597ea42ffd3,queens-2024-p74-r41,ambiguous,manual_review,"224-37 67th Avenue, Queens, NY 11364",4076600002,,,"224-65 64 Avenue, Queens, NY 11364",source_bbl_found_in_official_nyc_data|parcel_has_multiple_unresolved_hpd_buildings,455218|859112|863867|919761|919772|919774|919847|919850|919851|919858|919870|919873|919882|919885|919901|919998|920032|920039|920044|920045
stabili-1cdef939-de87-518a-a348-4e33ff4ad6cf,queens-2024-p74-r42,ambiguous,manual_review,"224-38 67th Avenue, Queens, NY 11364",4076720002,,,"224-01 69 Avenue, Queens, NY 11364",source_bbl_found_in_official_nyc_data|parcel_has_multiple_unresolved_hpd_buildings,462692|812777|913963|917608|917611|917643|917645|917661|917696|917733|917800|917802|917821|917823|917826|917841|917879|917881|917900|917902
stabili-e16f2d6b-a869-557e-bdb3-4982fef5fe9b,queens-2024-p74-r43,ambiguous,manual_review,"224-39 67th Avenue, Queens, NY 11364",4076600002,,,"224-65 64 Avenue, Queens, NY 11364",source_bbl_found_in_official_nyc_data|parcel_has_multiple_unresolved_hpd_buildings,455218|859112|863867|919761|919772|919774|919847|919850|919851|919858|919870|919873|919882|919885|919901|919998|920032|920039|920044|920045
stabili-e1c8b7b9-5b7a-5b39-bd13-761ac5110bd8,queens-2024-p74-r44,ambiguous,manual_review,"224-40 67th Avenue, Queens, NY 11364",4076720002,,,"224-01 69 Avenue, Queens, NY 11364",source_bbl_found_in_official_nyc_data|parcel_has_multiple_unresolved_hpd_buildings,462692|812777|913963|917608|917611|917643|917645|917661|917696|917733|917800|917802|917821|917823|917826|917841|917879|917881|917900|917902
stabili-bf2a8ff4-34ed-53c2-919b-284c7af78e9d,queens-2024-p74-r49,ambiguous,manual_review,"224-49 67th Avenue, Queens, NY 11364",4076600002,,,"224-65 64 Avenue, Queens, NY 11364",source_bbl_found_in_official_nyc_data|parcel_has_multiple_unresolved_hpd_buildings,455218|859112|863867|919761|919772|919774|919847|919850|919851|919858|919870|919873|919882|919885|919901|919998|920032|920039|920044|920045
stabili-9b0dcf3e-bbd3-5d2c-9d8b-fbaf44e3ef10,queens-2024-p74-r50,ambiguous,manual_review,"224-51 67th Avenue, Queens, NY 11364",4076600002,,,"224-65 64 Avenue, Queens, NY 11364",source_bbl_found_in_official_nyc_data|parcel_has_multiple_unresolved_hpd_buildings,455218|859112|863867|919761|919772|919774|919847|919850|919851|919858|919870|919873|919882|919885|919901|919998|920032|920039|920044|920045
stabili-deeaba9d-a266-5a2c-8b89-dd61bd48988a,queens-2024-p74-r51,ambiguous,manual_review,"224-53 67th Avenue, Queens, NY 11364",4076600002,,,"224-65 64 Avenue, Queens, NY 11364",source_bbl_found_in_official_nyc_data|parcel_has_multiple_unresolved_hpd_buildings,455218|859112|863867|919761|919772|919774|919847|919850|919851|919858|919870|919873|919882|919885|919901|919998|920032|920039|920044|920045
stabili-9f1ca423-5062-5e91-be41-06ba628e1474,queens-2024-p74-r55,ambiguous,manual_review,"224-61B 67th Avenue, Queens, NY 11364",4076600002,,,"224-65 64 Avenue, Queens, NY 11364",source_bbl_found_in_official_nyc_data|parcel_has_multiple_unresolved_hpd_buildings,455218|859112|863867|919761|919772|919774|919847|919850|919851|919858|919870|919873|919882|919885|919901|919998|920032|920039|920044|920045
stabili-8c41cf27-665d-5cd0-85fe-ebc340b626ae,queens-2024-p75-r1,ambiguous,manual_review,"224-65A 67th Avenue, Queens, NY 11364",4076600002,,,"224-65 64 Avenue, Queens, NY 11364",source_bbl_found_in_official_nyc_data|parcel_has_multiple_unresolved_hpd_buildings,455218|859112|863867|919761|919772|919774|919847|919850|919851|919858|919870|919873|919882|919885|919901|919998|920032|920039|920044|920045
stabili-2cdb5e1c-9392-5aa5-9fd2-081375cf051c,queens-2024-p75-r2,ambiguous,manual_review,"224-01A–224-01B 69th Avenue, Queens, NY 11364",4076720002,,,"224-01 69 Avenue, Queens, NY 11364",source_bbl_found_in_official_nyc_data|parcel_has_multiple_unresolved_hpd_buildings,462692|812777|913963|917608|917611|917643|917645|917661|917696|917733|917800|917802|917821|917823|917826|917841|917879|917881|917900|917902
stabili-58401aec-c90c-5a3a-9b34-d17baaf5830f,queens-2024-p75-r3,ambiguous,manual_review,"224-03 69th Avenue, Queens, NY 11364",4076720002,,,"224-01 69 Avenue, Queens, NY 11364",source_bbl_found_in_official_nyc_data|parcel_has_multiple_unresolved_hpd_buildings,462692|812777|913963|917608|917611|917643|917645|917661|917696|917733|917800|917802|917821|917823|917826|917841|917879|917881|917900|917902
stabili-643b40e7-33a6-5561-948e-cfabc08d7167,queens-2024-p75-r4,ambiguous,manual_review,"224-15A–224-15B 69th Avenue, Queens, NY 11364",4076720002,,,"224-01 69 Avenue, Queens, NY 11364",source_bbl_found_in_official_nyc_data|parcel_has_multiple_unresolved_hpd_buildings,462692|812777|913963|917608|917611|917643|917645|917661|917696|917733|917800|917802|917821|917823|917826|917841|917879|917881|917900|917902
stabili-29663f44-a4fd-562b-a3b7-14c8e9910c30,queens-2024-p75-r5,ambiguous,manual_review,"224-17A–224-17B 69th Avenue, Queens, NY 11364",4076720002,,,"224-01 69 Avenue, Queens, NY 11364",source_bbl_found_in_official_nyc_data|parcel_has_multiple_unresolved_hpd_buildings,462692|812777|913963|917608|917611|917643|917645|917661|917696|917733|917800|917802|917821|917823|917826|917841|917879|917881|917900|917902
stabili-e96768fb-f8da-5a44-9589-b9107fe10462,queens-2024-p75-r6,ambiguous,manual_review,"225-01A–225-01B 69th Avenue, Queens, NY 11364",4076720002,,,"224-01 69 Avenue, Queens, NY 11364",source_bbl_found_in_official_nyc_data|parcel_has_multiple_unresolved_hpd_buildings,462692|812777|913963|917608|917611|917643|917645|917661|917696|917733|917800|917802|917821|917823|917826|917841|917879|917881|917900|917902
stabili-8fdf3bb7-b4d0-5363-8a7f-a080fa7919e7,queens-2024-p75-r7,ambiguous,manual_review,"225-03A–225-03B 69th Avenue, Queens, NY 11364",4076720002,,,"224-01 69 Avenue, Queens, NY 11364",source_bbl_found_in_official_nyc_data|parcel_has_multiple_unresolved_hpd_buildings,462692|812777|913963|917608|917611|917643|917645|917661|917696|917733|917800|917802|917821|917823|917826|917841|917879|917881|917900|917902
stabili-2436eb62-41f3-5a5a-ba0b-a45144704690,queens-2024-p75-r8,ambiguous,manual_review,"225-05A 69th Avenue, Queens, NY 11364",4076720002,,,"224-01 69 Avenue, Queens, NY 11364",source_bbl_found_in_official_nyc_data|parcel_has_multiple_unresolved_hpd_buildings,462692|812777|913963|917608|917611|917643|917645|917661|917696|917733|917800|917802|917821|917823|917826|917841|917879|917881|917900|917902
stabili-3b457560-0c1c-5812-b731-0babaa9d220b,queens-2024-p75-r9,ambiguous,manual_review,"225-07B 69th Avenue, Queens, NY 11364",4076720002,,,"224-01 69 Avenue, Queens, NY 11364",source_bbl_found_in_official_nyc_data|parcel_has_multiple_unresolved_hpd_buildings,462692|812777|913963|917608|917611|917643|917645|917661|917696|917733|917800|917802|917821|917823|917826|917841|917879|917881|917900|917902
stabili-b44893fd-1f1c-5807-a053-c0994ec192e1,queens-2024-p75-r10,ambiguous,manual_review,"225-09B 69th Avenue, Queens, NY 11364",4076720002,,,"224-01 69 Avenue, Queens, NY 11364",source_bbl_found_in_official_nyc_data|parcel_has_multiple_unresolved_hpd_buildings,462692|812777|913963|917608|917611|917643|917645|917661|917696|917733|917800|917802|917821|917823|917826|917841|917879|917881|917900|917902
stabili-e4d50e1a-37ba-503d-b20e-b9f803b4ecf6,queens-2024-p75-r11,ambiguous,manual_review,"225-11A 69th Avenue, Queens, NY 11364",4076720002,,,"224-01 69 Avenue, Queens, NY 11364",source_bbl_found_in_official_nyc_data|parcel_has_multiple_unresolved_hpd_buildings,462692|812777|913963|917608|917611|917643|917645|917661|917696|917733|917800|917802|917821|917823|917826|917841|917879|917881|917900|917902
stabili-02674367-5bfd-5337-befd-a0f5ad8ba12c,queens-2024-p75-r12,ambiguous,manual_review,"225-15A–225-15B 69th Avenue, Queens, NY 11364",4076720002,,,"224-01 69 Avenue, Queens, NY 11364",source_bbl_found_in_official_nyc_data|parcel_has_multiple_unresolved_hpd_buildings,462692|812777|913963|917608|917611|917643|917645|917661|917696|917733|917800|917802|917821|917823|917826|917841|917879|917881|917900|917902
stabili-e44ec8d7-7678-51eb-8cae-b3f4c8fa2210,queens-2024-p75-r13,ambiguous,manual_review,"225-17A–225-17B 69th Avenue, Queens, NY 11364",4076720002,,,"224-01 69 Avenue, Queens, NY 11364",source_bbl_found_in_official_nyc_data|parcel_has_multiple_unresolved_hpd_buildings,462692|812777|913963|917608|917611|917643|917645|917661|917696|917733|917800|917802|917821|917823|917826|917841|917879|917881|917900|917902
stabili-aa7eb648-4752-5d5a-a743-1a36bfd9801b,queens-2024-p75-r14,ambiguous,manual_review,"225-19A–225-19B 69th Avenue, Queens, NY 11364",4076720002,,,"224-01 69 Avenue, Queens, NY 11364",source_bbl_found_in_official_nyc_data|parcel_has_multiple_unresolved_hpd_buildings,462692|812777|913963|917608|917611|917643|917645|917661|917696|917733|917800|917802|917821|917823|917826|917841|917879|917881|917900|917902
stabili-abe97890-8908-5402-881c-543739c36442,queens-2024-p75-r15,ambiguous,manual_review,"225-21A–225-21B 69th Avenue, Queens, NY 11364",4076720002,,,"224-01 69 Avenue, Queens, NY 11364",source_bbl_found_in_official_nyc_data|parcel_has_multiple_unresolved_hpd_buildings,462692|812777|913963|917608|917611|917643|917645|917661|917696|917733|917800|917802|917821|917823|917826|917841|917879|917881|917900|917902
stabili-8a2ec573-bf53-5946-9603-c6247a60531a,queens-2024-p75-r16,ambiguous,manual_review,"225-23A–225-23B 69th Avenue, Queens, NY 11364",4076720002,,,"224-01 69 Avenue, Queens, NY 11364",source_bbl_found_in_official_nyc_data|parcel_has_multiple_unresolved_hpd_buildings,462692|812777|913963|917608|917611|917643|917645|917661|917696|917733|917800|917802|917821|917823|917826|917841|917879|917881|917900|917902
stabili-22904c45-e3f4-537d-8b57-724168f199f9,queens-2024-p75-r17,ambiguous,manual_review,"225-25A–225-25B 69th Avenue, Queens, NY 11364",4076720002,,,"224-01 69 Avenue, Queens, NY 11364",source_bbl_found_in_official_nyc_data|parcel_has_multiple_unresolved_hpd_buildings,462692|812777|913963|917608|917611|917643|917645|917661|917696|917733|917800|917802|917821|917823|917826|917841|917879|917881|917900|917902
stabili-c7adecc8-ea86-58fa-81fb-3052b65c7451,queens-2024-p75-r18,ambiguous,manual_review,"226-01A–226-01B 69th Avenue, Queens, NY 11364",4076720002,,,"224-01 69 Avenue, Queens, NY 11364",source_bbl_found_in_official_nyc_data|parcel_has_multiple_unresolved_hpd_buildings,462692|812777|913963|917608|917611|917643|917645|917661|917696|917733|917800|917802|917821|917823|917826|917841|917879|917881|917900|917902
stabili-63204ddd-3377-5004-a8a3-b82b601d2f73,queens-2024-p75-r19,ambiguous,manual_review,"226-03A–226-03B 69th Avenue, Queens, NY 11364",4076720002,,,"224-01 69 Avenue, Queens, NY 11364",source_bbl_found_in_official_nyc_data|parcel_has_multiple_unresolved_hpd_buildings,462692|812777|913963|917608|917611|917643|917645|917661|917696|917733|917800|917802|917821|917823|917826|917841|917879|917881|917900|917902
stabili-8b9cafab-471d-5526-ad47-200f8ba21579,queens-2024-p75-r20,ambiguous,manual_review,"226-05A 69th Avenue, Queens, NY 11364",4076720002,,,"224-01 69 Avenue, Queens, NY 11364",source_bbl_found_in_official_nyc_data|parcel_has_multiple_unresolved_hpd_buildings,462692|812777|913963|917608|917611|917643|917645|917661|917696|917733|917800|917802|917821|917823|917826|917841|917879|917881|917900|917902
stabili-3af8b05b-1b16-5397-8124-4ad43482a4a2,queens-2024-p75-r21,ambiguous,manual_review,"226-07B 69th Avenue, Queens, NY 11364",4076720002,,,"224-01 69 Avenue, Queens, NY 11364",source_bbl_found_in_official_nyc_data|parcel_has_multiple_unresolved_hpd_buildings,462692|812777|913963|917608|917611|917643|917645|917661|917696|917733|917800|917802|917821|917823|917826|917841|917879|917881|917900|917902
stabili-299fac4d-6bd3-55ea-897a-fbf6a9e593a3,queens-2024-p75-r23,ambiguous,manual_review,"226-11A 69th Avenue, Queens, NY 11364",4076720002,,,"224-01 69 Avenue, Queens, NY 11364",source_bbl_found_in_official_nyc_data|parcel_has_multiple_unresolved_hpd_buildings,462692|812777|913963|917608|917611|917643|917645|917661|917696|917733|917800|917802|917821|917823|917826|917841|917879|917881|917900|917902
stabili-48a3dc03-e1de-5d98-acf2-ffb2c099b15d,queens-2024-p75-r24,ambiguous,manual_review,"226-15A–226-15B 69th Avenue, Queens, NY 11364",4076720002,,,"224-01 69 Avenue, Queens, NY 11364",source_bbl_found_in_official_nyc_data|parcel_has_multiple_unresolved_hpd_buildings,462692|812777|913963|917608|917611|917643|917645|917661|917696|917733|917800|917802|917821|917823|917826|917841|917879|917881|917900|917902
stabili-251a2209-c0a0-5c91-b376-e0272e780085,queens-2024-p75-r25,ambiguous,manual_review,"226-17A–226-17B 69th Avenue, Queens, NY 11364",4076720002,,,"224-01 69 Avenue, Queens, NY 11364",source_bbl_found_in_official_nyc_data|parcel_has_multiple_unresolved_hpd_buildings,462692|812777|913963|917608|917611|917643|917645|917661|917696|917733|917800|917802|917821|917823|917826|917841|917879|917881|917900|917902
stabili-03c15759-9a1f-5270-a2b0-3f37ab93086c,queens-2024-p75-r26,ambiguous,manual_review,"226-19A–226-19B 69th Avenue, Queens, NY 11364",4076720002,,,"224-01 69 Avenue, Queens, NY 11364",source_bbl_found_in_official_nyc_data|parcel_has_multiple_unresolved_hpd_buildings,462692|812777|913963|917608|917611|917643|917645|917661|917696|917733|917800|917802|917821|917823|917826|917841|917879|917881|917900|917902
stabili-44604b25-ab41-500f-86b7-3a5eb2264da9,queens-2024-p75-r27,ambiguous,manual_review,"226-21A–226-21B 69th Avenue, Queens, NY 11364",4076720002,,,"224-01 69 Avenue, Queens, NY 11364",source_bbl_found_in_official_nyc_data|parcel_has_multiple_unresolved_hpd_buildings,462692|812777|913963|917608|917611|917643|917645|917661|917696|917733|917800|917802|917821|917823|917826|917841|917879|917881|917900|917902
stabili-da679026-a971-53ea-8366-597162058f99,queens-2024-p75-r28,ambiguous,manual_review,"226-23A–226-23B 69th Avenue, Queens, NY 11364",4076720002,,,"224-01 69 Avenue, Queens, NY 11364",source_bbl_found_in_official_nyc_data|parcel_has_multiple_unresolved_hpd_buildings,462692|812777|913963|917608|917611|917643|917645|917661|917696|917733|917800|917802|917821|917823|917826|917841|917879|917881|917900|917902
stabili-8ccc070c-c7f0-52f8-ae57-5d13e5ba59a0,queens-2024-p75-r29,ambiguous,manual_review,"226-25A–226-25B 69th Avenue, Queens, NY 11364",4076720002,,,"224-01 69 Avenue, Queens, NY 11364",source_bbl_found_in_official_nyc_data|parcel_has_multiple_unresolved_hpd_buildings,462692|812777|913963|917608|917611|917643|917645|917661|917696|917733|917800|917802|917821|917823|917826|917841|917879|917881|917900|917902
stabili-75e85f31-987a-5e0c-bbf6-02456e3689d9,queens-2024-p75-r30,ambiguous,manual_review,"212-04–212-12 73rd Avenue, Queens, NY 11364",4077320002,,,"73-50 Bell Boulevard, Queens, NY 11364",source_bbl_found_in_official_nyc_data|parcel_has_multiple_unresolved_hpd_buildings|primary_address_matches_2_hpd_buildings,470048|810633|810634|810652|811099|811281|905517|934149|938402|938405|938408|938421
stabili-7203df53-5a2d-5f0e-afb7-a85aae59a2b1,queens-2024-p75-r31,ambiguous,manual_review,"213-02–213-08 73rd Avenue, Queens, NY 11364",4077320002,,,"73-50 Bell Boulevard, Queens, NY 11364",source_bbl_found_in_official_nyc_data|parcel_has_multiple_unresolved_hpd_buildings|primary_address_matches_2_hpd_buildings,470048|810633|810634|810652|811099|811281|905517|934149|938402|938405|938408|938421
stabili-2dd9024d-dc91-52a5-ad6c-02bdfdf91969,queens-2024-p75-r32,ambiguous,manual_review,"217-02–217-26 73rd Avenue, Queens, NY 11364",4077390003,,,"73-69 217 Street, Queens, NY 11364",source_bbl_found_in_official_nyc_data|parcel_has_multiple_unresolved_hpd_buildings|primary_address_matches_3_hpd_buildings,470051|909167|921543|921546|921564|921568|921570|921582|921642|921645|921698|921700|921738|921827|921828|921846|921855|922140|922148
stabili-2a516a2d-96e7-57a3-a4c7-78d07ab0035e,queens-2024-p75-r33,ambiguous,manual_review,"217-04–217-28 73rd Avenue, Queens, NY 11364",4077390003,,,"73-69 217 Street, Queens, NY 11364",source_bbl_found_in_official_nyc_data|parcel_has_multiple_unresolved_hpd_buildings|primary_address_matches_2_hpd_buildings,470051|909167|921543|921546|921564|921568|921570|921582|921642|921645|921698|921700|921738|921827|921828|921846|921855|922140|922148
stabili-a6b78467-a613-5138-8da5-103d92fc48d2,queens-2024-p75-r34,ambiguous,manual_review,"217-34 73rd Avenue, Queens, NY 11364",4077390003,,,"73-69 217 Street, Queens, NY 11364",source_bbl_found_in_official_nyc_data|parcel_has_multiple_unresolved_hpd_buildings,470051|909167|921543|921546|921564|921568|921570|921582|921642|921645|921698|921700|921738|921827|921828|921846|921855|922140|922148
stabili-c168cc5e-6d8f-52de-a87b-ff7cbe3a4baf,queens-2024-p75-r38,ambiguous,manual_review,"220-22–220-28 73rd Avenue, Queens, NY 11364",4077420003,,,"73-36 Springfield Blvd, Queens, NY 11364",source_bbl_found_in_official_nyc_data|parcel_has_multiple_unresolved_hpd_buildings,696264|920292|920293|920311|920321|920338|920360|920362|920387|920469|920609|920612|920623|920630|920635|920645|920658|920764|920770|920773
stabili-c78bb7a1-9377-577f-8f6e-45446cc13018,queens-2024-p75-r39,ambiguous,manual_review,"220-28 73rd Avenue, Queens, NY 11364",4077420003,,,"73-36 Springfield Blvd, Queens, NY 11364",source_bbl_found_in_official_nyc_data|parcel_has_multiple_unresolved_hpd_buildings,696264|920292|920293|920311|920321|920338|920360|920362|920387|920469|920609|920612|920623|920630|920635|920645|920658|920764|920770|920773
stabili-f20755f4-d980-5028-bd4e-9e951f0e06a1,queens-2024-p75-r40,ambiguous,manual_review,"220-44–220-46 73rd Avenue, Queens, NY 11364",4077420003,,,"73-36 Springfield Blvd, Queens, NY 11364",source_bbl_found_in_official_nyc_data|parcel_has_multiple_unresolved_hpd_buildings,696264|920292|920293|920311|920321|920338|920360|920362|920387|920469|920609|920612|920623|920630|920635|920645|920658|920764|920770|920773
stabili-4f86ba30-c2b6-546c-93ca-8c04e1bc0c10,queens-2024-p75-r42,ambiguous,manual_review,"219-10 74th Avenue, Queens, NY 11364",4077550003,,,"219-02 74 Avenue, Queens, NY 11364",source_bbl_found_in_official_nyc_data|parcel_has_multiple_unresolved_hpd_buildings,470908|867974|921178|921179|921213|921238|921240|921345|921349|921352|921368|921527|921529|921535
stabili-d0394b90-0f64-5dab-9165-a17115727ca9,queens-2024-p75-r43,ambiguous,manual_review,"219-14 74th Avenue, Queens, NY 11364",4077550003,,,"219-02 74 Avenue, Queens, NY 11364",source_bbl_found_in_official_nyc_data|parcel_has_multiple_unresolved_hpd_buildings,470908|867974|921178|921179|921213|921238|921240|921345|921349|921352|921368|921527|921529|921535
stabili-93c36e5d-4703-5802-bd3d-cf6edb1e6e7b,queens-2024-p75-r44,ambiguous,manual_review,"219-22 74th Avenue, Queens, NY 11364",4077550003,,,"219-02 74 Avenue, Queens, NY 11364",source_bbl_found_in_official_nyc_data|parcel_has_multiple_unresolved_hpd_buildings,470908|867974|921178|921179|921213|921238|921240|921345|921349|921352|921368|921527|921529|921535
stabili-4a796ed8-82a1-5b08-ba9c-c997789397d1,queens-2024-p75-r45,ambiguous,manual_review,"219-33 74th Avenue, Queens, NY 11364",4077390003,,,"73-69 217 Street, Queens, NY 11364",source_bbl_found_in_official_nyc_data|parcel_has_multiple_unresolved_hpd_buildings,470051|909167|921543|921546|921564|921568|921570|921582|921642|921645|921698|921700|921738|921827|921828|921846|921855|922140|922148
stabili-6990662c-0380-5756-a885-690505c32627,queens-2024-p75-r46,ambiguous,manual_review,"219-34–219-52 74th Avenue, Queens, NY 11364",4077550003,,,"219-02 74 Avenue, Queens, NY 11364",source_bbl_found_in_official_nyc_data|parcel_has_multiple_unresolved_hpd_buildings|primary_address_matches_2_hpd_buildings,470908|867974|921178|921179|921213|921238|921240|921345|921349|921352|921368|921527|921529|921535
stabili-653484f5-e891-5a5a-a699-ba395037210e,queens-2024-p75-r47,ambiguous,manual_review,"219-73 74th Avenue, Queens, NY 11364",4077390003,,,"73-69 217 Street, Queens, NY 11364",source_bbl_found_in_official_nyc_data|parcel_has_multiple_unresolved_hpd_buildings,470051|909167|921543|921546|921564|921568|921570|921582|921642|921645|921698|921700|921738|921827|921828|921846|921855|922140|922148
stabili-01cf922f-35a6-5375-b0c2-ae00f2258e88,queens-2024-p75-r48,ambiguous,manual_review,"211-02–211-06 75th Avenue, Queens, NY 11364",4077480400,,,"75-05 210 Street, Queens, NY 11364",source_bbl_found_in_official_nyc_data|parcel_has_multiple_unresolved_hpd_buildings|primary_address_matches_2_hpd_buildings,472168|811101|811102|938522|938562|938573
stabili-d908686a-cd42-59ab-a308-a9d3fc00e9ca,queens-2024-p75-r50,ambiguous,manual_review,"212-04–212-08 75th Avenue, Queens, NY 11364",4077480500,,,"213-06 75 Avenue, Queens, NY 11364",source_bbl_found_in_official_nyc_data|parcel_has_multiple_unresolved_hpd_buildings|primary_address_matches_2_hpd_buildings,472169|810651|811283|811284|811285|811286|893603|911481|938380|938392|938574|938578
stabili-25f297f6-d0c5-50b1-bc5f-5f9a632c0996,queens-2024-p75-r51,ambiguous,manual_review,"213-01–213-05 75th Avenue, Queens, NY 11364",4077320002,,,"73-50 Bell Boulevard, Queens, NY 11364",source_bbl_found_in_official_nyc_data|parcel_has_multiple_unresolved_hpd_buildings|primary_address_matches_2_hpd_buildings,470048|810633|810634|810652|811099|811281|905517|934149|938402|938405|938408|938421
stabili-e3719770-f0fc-51d1-a648-27083aceda90,queens-2024-p75-r52,ambiguous,manual_review,"213-02–213-06 75th Avenue, Queens, NY 11364",4077480500,,,"213-06 75 Avenue, Queens, NY 11364",source_bbl_found_in_official_nyc_data|parcel_has_multiple_unresolved_hpd_buildings|primary_address_matches_2_hpd_buildings,472169|810651|811283|811284|811285|811286|893603|911481|938380|938392|938574|938578
stabili-33542f84-3e4b-58f2-b335-7a63474e6738,queens-2024-p75-r53,ambiguous,manual_review,"217-08 75th Avenue, Queens, NY 11364",4077540003,,,"217-02 75 Avenue, Queens, NY 11364",source_bbl_found_in_official_nyc_data|parcel_has_multiple_unresolved_hpd_buildings,472170|860198|867542|882966|882969|895241|920684|920787|920789|920864|920870|920876|920885|920891|920917|920944|921022|921054|921100|921123
stabili-98195011-797d-595f-b075-81e3141238bd,queens-2024-p75-r54,ambiguous,manual_review,"217-14 75th Avenue, Queens, NY 11364",4077540003,,,"217-02 75 Avenue, Queens, NY 11364",source_bbl_found_in_official_nyc_data|parcel_has_multiple_unresolved_hpd_buildings,472170|860198|867542|882966|882969|895241|920684|920787|920789|920864|920870|920876|920885|920891|920917|920944|921022|921054|921100|921123
stabili-6b6a1a4e-6e7e-5ac6-941e-a4dc38c279a4,queens-2024-p75-r55,ambiguous,manual_review,"219-02–219-78 75th Avenue, Queens, NY 11364",4077540003,,,"217-02 75 Avenue, Queens, NY 11364",source_bbl_found_in_official_nyc_data|parcel_has_multiple_unresolved_hpd_buildings|primary_address_matches_10_hpd_buildings,472170|860198|867542|882966|882969|895241|920684|920787|920789|920864|920870|920876|920885|920891|920917|920944|921022|921054|921100|921123
stabili-1f496c33-4b6a-5162-b36d-4c2817abee67,queens-2024-p75-r56,ambiguous,manual_review,"219-24 75th Avenue, Queens, NY 11364",4077540003,,,"217-02 75 Avenue, Queens, NY 11364",source_bbl_found_in_official_nyc_data|parcel_has_multiple_unresolved_hpd_buildings,472170|860198|867542|882966|882969|895241|920684|920787|920789|920864|920870|920876|920885|920891|920917|920944|921022|921054|921100|921123
stabili-c2a778c3-38ff-58e1-9161-82d09d990b93,queens-2024-p76-r1,ambiguous,manual_review,"219-26 75th Avenue, Queens, NY 11364",4077540003,,,"217-02 75 Avenue, Queens, NY 11364",source_bbl_found_in_official_nyc_data|parcel_has_multiple_unresolved_hpd_buildings,472170|860198|867542|882966|882969|895241|920684|920787|920789|920864|920870|920876|920885|920891|920917|920944|921022|921054|921100|921123
stabili-662ba9cd-ccf5-5c81-a133-d0a26e34f680,queens-2024-p76-r3,ambiguous,manual_review,"219-56 75th Avenue, Queens, NY 11364",4077540003,,,"217-02 75 Avenue, Queens, NY 11364",source_bbl_found_in_official_nyc_data|parcel_has_multiple_unresolved_hpd_buildings,472170|860198|867542|882966|882969|895241|920684|920787|920789|920864|920870|920876|920885|920891|920917|920944|921022|921054|921100|921123
stabili-263afa04-7b1e-579b-bdb3-63e18491365e,queens-2024-p76-r5,ambiguous,manual_review,"220-02–220-80 75th Avenue, Queens, NY 11364",4077540003,,,"217-02 75 Avenue, Queens, NY 11364",source_bbl_found_in_official_nyc_data|parcel_has_multiple_unresolved_hpd_buildings|primary_address_matches_12_hpd_buildings,472170|860198|867542|882966|882969|895241|920684|920787|920789|920864|920870|920876|920885|920891|920917|920944|921022|921054|921100|921123
stabili-e03c716d-468a-56b6-8c1c-eb4daccfea6f,queens-2024-p76-r6,ambiguous,manual_review,"220-05 75th Avenue, Queens, NY 11364",4077420003,,,"73-36 Springfield Blvd, Queens, NY 11364",source_bbl_found_in_official_nyc_data|parcel_has_multiple_unresolved_hpd_buildings,696264|920292|920293|920311|920321|920338|920360|920362|920387|920469|920609|920612|920623|920630|920635|920645|920658|920764|920770|920773
stabili-ebdf11fc-d6d5-52b6-ba00-8d647e431770,queens-2024-p76-r7,ambiguous,manual_review,"220-18 75th Avenue, Queens, NY 11364",4077540003,,,"217-02 75 Avenue, Queens, NY 11364",source_bbl_found_in_official_nyc_data|parcel_has_multiple_unresolved_hpd_buildings,472170|860198|867542|882966|882969|895241|920684|920787|920789|920864|920870|920876|920885|920891|920917|920944|921022|921054|921100|921123
stabili-642e47d3-65e3-5508-adb8-46db3e8eb7c8,queens-2024-p76-r8,ambiguous,manual_review,"220-21 75th Avenue, Queens, NY 11364",4077420003,,,"73-36 Springfield Blvd, Queens, NY 11364",source_bbl_found_in_official_nyc_data|parcel_has_multiple_unresolved_hpd_buildings,696264|920292|920293|920311|920321|920338|920360|920362|920387|920469|920609|920612|920623|920630|920635|920645|920658|920764|920770|920773
stabili-9cc5b853-1d1b-5bdf-96cd-7361c41e4d94,queens-2024-p76-r9,ambiguous,manual_review,"220-43 75th Avenue, Queens, NY 11364",4077420003,,,"73-36 Springfield Blvd, Queens, NY 11364",source_bbl_found_in_official_nyc_data|parcel_has_multiple_unresolved_hpd_buildings,696264|920292|920293|920311|920321|920338|920360|920362|920387|920469|920609|920612|920623|920630|920635|920645|920658|920764|920770|920773
stabili-4d2ca6a9-02e8-5737-8e66-c79231435598,queens-2024-p76-r10,ambiguous,manual_review,"220-56 75th Avenue, Queens, NY 11364",4077540003,,,"217-02 75 Avenue, Queens, NY 11364",source_bbl_found_in_official_nyc_data|parcel_has_multiple_unresolved_hpd_buildings,472170|860198|867542|882966|882969|895241|920684|920787|920789|920864|920870|920876|920885|920891|920917|920944|921022|921054|921100|921123
stabili-d157fb85-5d08-5b4e-8b3e-124f62a98da3,queens-2024-p76-r11,ambiguous,manual_review,"220-64 75th Avenue, Queens, NY 11364",4077540003,,,"217-02 75 Avenue, Queens, NY 11364",source_bbl_found_in_official_nyc_data|parcel_has_multiple_unresolved_hpd_buildings,472170|860198|867542|882966|882969|895241|920684|920787|920789|920864|920870|920876|920885|920891|920917|920944|921022|921054|921100|921123
stabili-8f7e889c-f5ed-5892-9e8b-d620d6e09c0d,queens-2024-p76-r13,ambiguous,manual_review,"220-80 75th Avenue, Queens, NY 11364",4077540003,,,"217-02 75 Avenue, Queens, NY 11364",source_bbl_found_in_official_nyc_data|parcel_has_multiple_unresolved_hpd_buildings,472170|860198|867542|882966|882969|895241|920684|920787|920789|920864|920870|920876|920885|920891|920917|920944|921022|921054|921100|921123
stabili-1f2a8ba4-6bfb-505c-b6c1-f4a9ce95eae2,queens-2024-p76-r15,ambiguous,manual_review,"73-50–73-62 Bell Boulevard, Queens, NY 11364",4077320002,,,"73-50 Bell Boulevard, Queens, NY 11364",source_bbl_found_in_official_nyc_data|parcel_has_multiple_unresolved_hpd_buildings|primary_address_matches_2_hpd_buildings,470048|810633|810634|810652|811099|811281|905517|934149|938402|938405|938408|938421
stabili-935e9584-cf66-57bf-aa88-a9250db08762,queens-2024-p76-r16,ambiguous,manual_review,"73-51–73-63 Bell Boulevard, Queens, NY 11364",4077380001,,,"73-11 Bell Boulevard, Queens, NY 11364",source_bbl_found_in_official_nyc_data|parcel_has_multiple_unresolved_hpd_buildings|primary_address_matches_2_hpd_buildings,638074|811282|892997|938379
stabili-a78d18e3-05e5-5b4c-b0f5-e57c72e4fb0d,queens-2024-p76-r17,ambiguous,manual_review,"75-08–75-20 Bell Boulevard, Queens, NY 11364",4077480500,,,"213-06 75 Avenue, Queens, NY 11364",source_bbl_found_in_official_nyc_data|parcel_has_multiple_unresolved_hpd_buildings|primary_address_matches_2_hpd_buildings,472169|810651|811283|811284|811285|811286|893603|911481|938380|938392|938574|938578
stabili-9a6d7536-b751-507b-bf99-82a835a9ba37,queens-2024-p76-r18,ambiguous,manual_review,"75-24–75-26 Bell Boulevard, Queens, NY 11364",4077480500,,,"213-06 75 Avenue, Queens, NY 11364",source_bbl_found_in_official_nyc_data|parcel_has_multiple_unresolved_hpd_buildings|primary_address_matches_2_hpd_buildings,472169|810651|811283|811284|811285|811286|893603|911481|938380|938392|938574|938578
stabili-a7e5de6b-a0c9-5d6b-934a-e2cb865185ea,queens-2024-p76-r19,ambiguous,manual_review,"75-34–75-36 Bell Boulevard, Queens, NY 11364",4077480500,,,"213-06 75 Avenue, Queens, NY 11364",source_bbl_found_in_official_nyc_data|parcel_has_multiple_unresolved_hpd_buildings|primary_address_matches_2_hpd_buildings,472169|810651|811283|811284|811285|811286|893603|911481|938380|938392|938574|938578
stabili-665da90d-c631-56e5-846a-5ecdd0ac643b,queens-2024-p76-r20,ambiguous,manual_review,"75-40–75-50 Bell Boulevard, Queens, NY 11364",4077480500,,,"213-06 75 Avenue, Queens, NY 11364",source_bbl_found_in_official_nyc_data|parcel_has_multiple_unresolved_hpd_buildings|primary_address_matches_2_hpd_buildings,472169|810651|811283|811284|811285|811286|893603|911481|938380|938392|938574|938578
stabili-317163e8-34cf-5809-b7a8-38d3fccd81bc,queens-2024-p76-r21,ambiguous,manual_review,"67-02A–67-02B Cloverdale Boulevard, Queens, NY 11364",4076720002,,,"224-01 69 Avenue, Queens, NY 11364",source_bbl_found_in_official_nyc_data|parcel_has_multiple_unresolved_hpd_buildings,462692|812777|913963|917608|917611|917643|917645|917661|917696|917733|917800|917802|917821|917823|917826|917841|917879|917881|917900|917902
stabili-66a28e31-5bc1-5819-9459-df55da48a077,queens-2024-p76-r22,ambiguous,manual_review,"67-04A–67-04B Cloverdale Boulevard, Queens, NY 11364",4076720002,,,"224-01 69 Avenue, Queens, NY 11364",source_bbl_found_in_official_nyc_data|parcel_has_multiple_unresolved_hpd_buildings,462692|812777|913963|917608|917611|917643|917645|917661|917696|917733|917800|917802|917821|917823|917826|917841|917879|917881|917900|917902
stabili-a67721f6-76c2-5231-8ee2-c197957a6f6d,queens-2024-p76-r23,ambiguous,manual_review,"67-06A Cloverdale Boulevard, Queens, NY 11364",4076720002,,,"224-01 69 Avenue, Queens, NY 11364",source_bbl_found_in_official_nyc_data|parcel_has_multiple_unresolved_hpd_buildings,462692|812777|913963|917608|917611|917643|917645|917661|917696|917733|917800|917802|917821|917823|917826|917841|917879|917881|917900|917902
stabili-293709b5-0f29-5ed0-bffc-5debc57a3331,queens-2024-p76-r24,ambiguous,manual_review,"67-08B Cloverdale Boulevard, Queens, NY 11364",4076720002,,,"224-01 69 Avenue, Queens, NY 11364",source_bbl_found_in_official_nyc_data|parcel_has_multiple_unresolved_hpd_buildings,462692|812777|913963|917608|917611|917643|917645|917661|917696|917733|917800|917802|917821|917823|917826|917841|917879|917881|917900|917902
stabili-0fa73b83-f3f8-5bb1-a230-b171075ced4d,queens-2024-p76-r25,ambiguous,manual_review,"67-10B Cloverdale Boulevard, Queens, NY 11364",4076720002,,,"224-01 69 Avenue, Queens, NY 11364",source_bbl_found_in_official_nyc_data|parcel_has_multiple_unresolved_hpd_buildings,462692|812777|913963|917608|917611|917643|917645|917661|917696|917733|917800|917802|917821|917823|917826|917841|917879|917881|917900|917902
stabili-75b369f2-4121-5dfd-9fde-2ac91674f713,queens-2024-p76-r26,ambiguous,manual_review,"67-12A Cloverdale Boulevard, Queens, NY 11364",4076720002,,,"224-01 69 Avenue, Queens, NY 11364",source_bbl_found_in_official_nyc_data|parcel_has_multiple_unresolved_hpd_buildings,462692|812777|913963|917608|917611|917643|917645|917661|917696|917733|917800|917802|917821|917823|917826|917841|917879|917881|917900|917902
stabili-0e0e3af5-b6cd-5980-9ef0-5ca655a9f67d,queens-2024-p76-r27,ambiguous,manual_review,"67-14A–67-14B Cloverdale Boulevard, Queens, NY 11364",4076720002,,,"224-01 69 Avenue, Queens, NY 11364",source_bbl_found_in_official_nyc_data|parcel_has_multiple_unresolved_hpd_buildings,462692|812777|913963|917608|917611|917643|917645|917661|917696|917733|917800|917802|917821|917823|917826|917841|917879|917881|917900|917902
stabili-c72e1db3-9654-525d-b436-9fceb54fea96,queens-2024-p76-r28,ambiguous,manual_review,"67-16A–67-16B Cloverdale Boulevard, Queens, NY 11364",4076720002,,,"224-01 69 Avenue, Queens, NY 11364",source_bbl_found_in_official_nyc_data|parcel_has_multiple_unresolved_hpd_buildings,462692|812777|913963|917608|917611|917643|917645|917661|917696|917733|917800|917802|917821|917823|917826|917841|917879|917881|917900|917902
stabili-f4cfa4dd-f0d0-5e86-9868-2729852d673c,queens-2024-p76-r30,ambiguous,manual_review,"67-20B Cloverdale Boulevard, Queens, NY 11364",4076720002,,,"224-01 69 Avenue, Queens, NY 11364",source_bbl_found_in_official_nyc_data|parcel_has_multiple_unresolved_hpd_buildings,462692|812777|913963|917608|917611|917643|917645|917661|917696|917733|917800|917802|917821|917823|917826|917841|917879|917881|917900|917902
stabili-fd879c68-5f93-5364-bc69-1253f3bc6d18,queens-2024-p76-r31,ambiguous,manual_review,"67-22B Cloverdale Boulevard, Queens, NY 11364",4076720002,,,"224-01 69 Avenue, Queens, NY 11364",source_bbl_found_in_official_nyc_data|parcel_has_multiple_unresolved_hpd_buildings,462692|812777|913963|917608|917611|917643|917645|917661|917696|917733|917800|917802|917821|917823|917826|917841|917879|917881|917900|917902
stabili-67e772b2-a4ba-54ca-8995-b725e49f3674,queens-2024-p76-r32,ambiguous,manual_review,"67-24A Cloverdale Boulevard, Queens, NY 11364",4076720002,,,"224-01 69 Avenue, Queens, NY 11364",source_bbl_found_in_official_nyc_data|parcel_has_multiple_unresolved_hpd_buildings,462692|812777|913963|917608|917611|917643|917645|917661|917696|917733|917800|917802|917821|917823|917826|917841|917879|917881|917900|917902
stabili-a992a8d2-4fbb-58b0-a18e-439fd57bb4cc,queens-2024-p76-r33,ambiguous,manual_review,"67-26A–67-26B Cloverdale Boulevard, Queens, NY 11364",4076720002,,,"224-01 69 Avenue, Queens, NY 11364",source_bbl_found_in_official_nyc_data|parcel_has_multiple_unresolved_hpd_buildings,462692|812777|913963|917608|917611|917643|917645|917661|917696|917733|917800|917802|917821|917823|917826|917841|917879|917881|917900|917902
stabili-b198d032-bd83-508a-b825-a96d9cc97a29,queens-2024-p76-r34,ambiguous,manual_review,"67-28A–67-28B Cloverdale Boulevard, Queens, NY 11364",4076720002,,,"224-01 69 Avenue, Queens, NY 11364",source_bbl_found_in_official_nyc_data|parcel_has_multiple_unresolved_hpd_buildings,462692|812777|913963|917608|917611|917643|917645|917661|917696|917733|917800|917802|917821|917823|917826|917841|917879|917881|917900|917902
stabili-2c404cc2-c9d5-59e5-a0a5-98a895e93923,queens-2024-p76-r35,ambiguous,manual_review,"68-02A Cloverdale Boulevard, Queens, NY 11364",4076720002,,,"224-01 69 Avenue, Queens, NY 11364",source_bbl_found_in_official_nyc_data|parcel_has_multiple_unresolved_hpd_buildings,462692|812777|913963|917608|917611|917643|917645|917661|917696|917733|917800|917802|917821|917823|917826|917841|917879|917881|917900|917902
stabili-db7acc8c-7fad-5642-bf8f-96c2bbc22b74,queens-2024-p76-r36,ambiguous,manual_review,"68-04B Cloverdale Boulevard, Queens, NY 11364",4076720002,,,"224-01 69 Avenue, Queens, NY 11364",source_bbl_found_in_official_nyc_data|parcel_has_multiple_unresolved_hpd_buildings,462692|812777|913963|917608|917611|917643|917645|917661|917696|917733|917800|917802|917821|917823|917826|917841|917879|917881|917900|917902
stabili-b87f67b9-94e6-5b43-b0cc-74a5d672db85,queens-2024-p76-r37,ambiguous,manual_review,"68-06B Cloverdale Boulevard, Queens, NY 11364",4076720002,,,"224-01 69 Avenue, Queens, NY 11364",source_bbl_found_in_official_nyc_data|parcel_has_multiple_unresolved_hpd_buildings,462692|812777|913963|917608|917611|917643|917645|917661|917696|917733|917800|917802|917821|917823|917826|917841|917879|917881|917900|917902
stabili-f297ddde-f818-5b2f-97df-9c88a0c097c7,queens-2024-p76-r38,ambiguous,manual_review,"68-08A Cloverdale Boulevard, Queens, NY 11364",4076720002,,,"224-01 69 Avenue, Queens, NY 11364",source_bbl_found_in_official_nyc_data|parcel_has_multiple_unresolved_hpd_buildings,462692|812777|913963|917608|917611|917643|917645|917661|917696|917733|917800|917802|917821|917823|917826|917841|917879|917881|917900|917902
stabili-1a3047e0-4e29-5d7c-8408-7871169ce4ae,queens-2024-p76-r40,ambiguous,manual_review,"68-12B Cloverdale Boulevard, Queens, NY 11364",4076720002,,,"224-01 69 Avenue, Queens, NY 11364",source_bbl_found_in_official_nyc_data|parcel_has_multiple_unresolved_hpd_buildings,462692|812777|913963|917608|917611|917643|917645|917661|917696|917733|917800|917802|917821|917823|917826|917841|917879|917881|917900|917902
stabili-f43da2ff-9e20-5b6c-99d6-55e3e30edb05,queens-2024-p76-r42,ambiguous,manual_review,"68-16A Cloverdale Boulevard, Queens, NY 11364",4076720002,,,"224-01 69 Avenue, Queens, NY 11364",source_bbl_found_in_official_nyc_data|parcel_has_multiple_unresolved_hpd_buildings,462692|812777|913963|917608|917611|917643|917645|917661|917696|917733|917800|917802|917821|917823|917826|917841|917879|917881|917900|917902
stabili-8c00b466-ba4b-5ee5-a79b-b4b6f4970497,queens-2024-p76-r43,ambiguous,manual_review,"68-40A–68-40B Cloverdale Boulevard, Queens, NY 11364",4076720002,,,"224-01 69 Avenue, Queens, NY 11364",source_bbl_found_in_official_nyc_data|parcel_has_multiple_unresolved_hpd_buildings,462692|812777|913963|917608|917611|917643|917645|917661|917696|917733|917800|917802|917821|917823|917826|917841|917879|917881|917900|917902
stabili-ce14e0c6-d3a6-5a5e-98a2-cac2b0f1e138,queens-2024-p76-r44,ambiguous,manual_review,"68-42A–68-42B Cloverdale Boulevard, Queens, NY 11364",4076720002,,,"224-01 69 Avenue, Queens, NY 11364",source_bbl_found_in_official_nyc_data|parcel_has_multiple_unresolved_hpd_buildings,462692|812777|913963|917608|917611|917643|917645|917661|917696|917733|917800|917802|917821|917823|917826|917841|917879|917881|917900|917902
stabili-afafc047-1b82-5201-9026-20c3a3ef8e7b,queens-2024-p76-r45,ambiguous,manual_review,"68-44A Cloverdale Boulevard, Queens, NY 11364",4076720002,,,"224-01 69 Avenue, Queens, NY 11364",source_bbl_found_in_official_nyc_data|parcel_has_multiple_unresolved_hpd_buildings,462692|812777|913963|917608|917611|917643|917645|917661|917696|917733|917800|917802|917821|917823|917826|917841|917879|917881|917900|917902
stabili-3b6fbc37-0910-54bc-af18-51c7bf1f6900,queens-2024-p76-r46,ambiguous,manual_review,"68-46B Cloverdale Boulevard, Queens, NY 11364",4076720002,,,"224-01 69 Avenue, Queens, NY 11364",source_bbl_found_in_official_nyc_data|parcel_has_multiple_unresolved_hpd_buildings,462692|812777|913963|917608|917611|917643|917645|917661|917696|917733|917800|917802|917821|917823|917826|917841|917879|917881|917900|917902
stabili-d7fd7eae-a31a-543b-85d1-c30f14033946,queens-2024-p76-r47,ambiguous,manual_review,"68-48B Cloverdale Boulevard, Queens, NY 11364",4076720002,,,"224-01 69 Avenue, Queens, NY 11364",source_bbl_found_in_official_nyc_data|parcel_has_multiple_unresolved_hpd_buildings,462692|812777|913963|917608|917611|917643|917645|917661|917696|917733|917800|917802|917821|917823|917826|917841|917879|917881|917900|917902
stabili-ad66a8f6-87ae-52b7-9e57-298bd2eee1e1,queens-2024-p76-r51,ambiguous,manual_review,"68-56A Cloverdale Boulevard, Queens, NY 11364",4076720002,,,"224-01 69 Avenue, Queens, NY 11364",source_bbl_found_in_official_nyc_data|parcel_has_multiple_unresolved_hpd_buildings,462692|812777|913963|917608|917611|917643|917645|917661|917696|917733|917800|917802|917821|917823|917826|917841|917879|917881|917900|917902
stabili-a4447467-6f53-515e-a0a0-3f5278b77cf0,queens-2024-p76-r52,ambiguous,manual_review,"68-58B Cloverdale Boulevard, Queens, NY 11364",4076720002,,,"224-01 69 Avenue, Queens, NY 11364",source_bbl_found_in_official_nyc_data|parcel_has_multiple_unresolved_hpd_buildings,462692|812777|913963|917608|917611|917643|917645|917661|917696|917733|917800|917802|917821|917823|917826|917841|917879|917881|917900|917902
stabili-955e85ed-fa1d-5c0e-bd07-fb596a92331c,queens-2024-p76-r54,ambiguous,manual_review,"68-62A Cloverdale Boulevard, Queens, NY 11364",4076720002,,,"224-01 69 Avenue, Queens, NY 11364",source_bbl_found_in_official_nyc_data|parcel_has_multiple_unresolved_hpd_buildings,462692|812777|913963|917608|917611|917643|917645|917661|917696|917733|917800|917802|917821|917823|917826|917841|917879|917881|917900|917902
stabili-db25bc32-ed04-5a03-9d9c-7144565a2dd7,queens-2024-p76-r55,ambiguous,manual_review,"68-64A–68-64B Cloverdale Boulevard, Queens, NY 11364",4076720002,,,"224-01 69 Avenue, Queens, NY 11364",source_bbl_found_in_official_nyc_data|parcel_has_multiple_unresolved_hpd_buildings,462692|812777|913963|917608|917611|917643|917645|917661|917696|917733|917800|917802|917821|917823|917826|917841|917879|917881|917900|917902
stabili-3d102d15-14f1-5401-a09b-7526683c5f8c,queens-2024-p76-r56,ambiguous,manual_review,"68-66A–68-66B Cloverdale Boulevard, Queens, NY 11364",4076720002,,,"224-01 69 Avenue, Queens, NY 11364",source_bbl_found_in_official_nyc_data|parcel_has_multiple_unresolved_hpd_buildings,462692|812777|913963|917608|917611|917643|917645|917661|917696|917733|917800|917802|917821|917823|917826|917841|917879|917881|917900|917902
stabili-8d5aabaa-50df-5f80-be0a-1baa6594ebb1,queens-2024-p77-r2,ambiguous,manual_review,"78-34 Cloverdale Boulevard, Queens, NY 11364",4078440002,,,"78-14 Cloverdale Boulevard, Queens, NY 11364",source_bbl_found_in_official_nyc_data|parcel_has_multiple_unresolved_hpd_buildings,671226|819197|866018|916889|916972|916973|916977|916983|917007|917033|917035|917040|917284|917406|917417|935075
stabili-c92f198a-27b3-5335-bb7b-699822c39a91,queens-2024-p77-r4,ambiguous,manual_review,"230-09 Grand Central Parkway, Queens, NY 11364",4078480001,,,"230-07 Grand Central Pkwy, Queens, NY 11364",source_bbl_found_in_official_nyc_data|parcel_has_multiple_unresolved_hpd_buildings,660008|819368|917139|917160|917161
stabili-d74d8c2d-5e9b-5ae8-a752-75a950aa45b4,queens-2024-p77-r5,ambiguous,manual_review,"201-01–201-23 Horace Harding Expressway, Queens, NY 11364",4074520033,,,"201-01 Hor Harding Ep Sr N, Queens, NY 11364",source_bbl_found_in_official_nyc_data|parcel_has_multiple_unresolved_hpd_buildings|primary_address_matches_3_hpd_buildings,665578|920267|922290|922298
stabili-12e2db99-84bc-5234-9e10-29030b767589,queens-2024-p77-r6,ambiguous,manual_review,"221-52 Horace Harding Expressway, Queens, NY 11364",4076440002,,,"61-53 Springfield Blvd, Queens, NY 11364",source_bbl_found_in_official_nyc_data|parcel_has_multiple_unresolved_hpd_buildings,696244|918190|918200|918233|918235|918237|918246|918248|918251|918253|918256|918261|918263|918308|918309|918311|918312|918315|918317|918321
stabili-481d0aea-369b-5277-aa6a-28deff02396a,queens-2024-p77-r7,ambiguous,manual_review,"221-54 Horace Harding Expressway, Queens, NY 11364",4076440002,,,"61-53 Springfield Blvd, Queens, NY 11364",source_bbl_found_in_official_nyc_data|parcel_has_multiple_unresolved_hpd_buildings,696244|918190|918200|918233|918235|918237|918246|918248|918251|918253|918256|918261|918263|918308|918309|918311|918312|918315|918317|918321
stabili-fc509719-0658-5a86-b0ee-4c957f68db72,queens-2024-p77-r8,ambiguous,manual_review,"221-56A Horace Harding Expressway, Queens, NY 11364",4076440002,,,"61-53 Springfield Blvd, Queens, NY 11364",source_bbl_found_in_official_nyc_data|parcel_has_multiple_unresolved_hpd_buildings,696244|918190|918200|918233|918235|918237|918246|918248|918251|918253|918256|918261|918263|918308|918309|918311|918312|918315|918317|918321
stabili-8daeb5d4-878e-5b8f-b149-12811db9d6f5,queens-2024-p77-r9,ambiguous,manual_review,"221-58B Horace Harding Expressway, Queens, NY 11364",4076440002,,,"61-53 Springfield Blvd, Queens, NY 11364",source_bbl_found_in_official_nyc_data|parcel_has_multiple_unresolved_hpd_buildings,696244|918190|918200|918233|918235|918237|918246|918248|918251|918253|918256|918261|918263|918308|918309|918311|918312|918315|918317|918321
stabili-15095498-4638-57cb-8084-eb18fcec88d9,queens-2024-p77-r10,ambiguous,manual_review,"221-60B Horace Harding Expressway, Queens, NY 11364",4076440002,,,"61-53 Springfield Blvd, Queens, NY 11364",source_bbl_found_in_official_nyc_data|parcel_has_multiple_unresolved_hpd_buildings,696244|918190|918200|918233|918235|918237|918246|918248|918251|918253|918256|918261|918263|918308|918309|918311|918312|918315|918317|918321
stabili-123ecd7d-5fa9-5fa9-866f-84b7a56f2675,queens-2024-p77-r11,ambiguous,manual_review,"221-62A Horace Harding Expressway, Queens, NY 11364",4076440002,,,"61-53 Springfield Blvd, Queens, NY 11364",source_bbl_found_in_official_nyc_data|parcel_has_multiple_unresolved_hpd_buildings,696244|918190|918200|918233|918235|918237|918246|918248|918251|918253|918256|918261|918263|918308|918309|918311|918312|918315|918317|918321
stabili-48e659a4-6318-5cfb-81e0-937b6332c15f,queens-2024-p77-r12,ambiguous,manual_review,"221-64 Horace Harding Expressway, Queens, NY 11364",4076440002,,,"61-53 Springfield Blvd, Queens, NY 11364",source_bbl_found_in_official_nyc_data|parcel_has_multiple_unresolved_hpd_buildings,696244|918190|918200|918233|918235|918237|918246|918248|918251|918253|918256|918261|918263|918308|918309|918311|918312|918315|918317|918321
stabili-1a1926cb-cec2-5378-8ea5-6e8170abc7d4,queens-2024-p77-r13,ambiguous,manual_review,"221-66 Horace Harding Expressway, Queens, NY 11364",4076440002,,,"61-53 Springfield Blvd, Queens, NY 11364",source_bbl_found_in_official_nyc_data|parcel_has_multiple_unresolved_hpd_buildings,696244|918190|918200|918233|918235|918237|918246|918248|918251|918253|918256|918261|918263|918308|918309|918311|918312|918315|918317|918321
stabili-2aff291b-2ffe-57d3-a342-2d7d5c72e10d,queens-2024-p77-r14,ambiguous,manual_review,"221-68A Horace Harding Expressway, Queens, NY 11364",4076440002,,,"61-53 Springfield Blvd, Queens, NY 11364",source_bbl_found_in_official_nyc_data|parcel_has_multiple_unresolved_hpd_buildings,696244|918190|918200|918233|918235|918237|918246|918248|918251|918253|918256|918261|918263|918308|918309|918311|918312|918315|918317|918321
stabili-b00f8a9e-30cf-5811-a920-3a00958f01b5,queens-2024-p77-r15,ambiguous,manual_review,"221-70B Horace Harding Expressway, Queens, NY 11364",4076440002,,,"61-53 Springfield Blvd, Queens, NY 11364",source_bbl_found_in_official_nyc_data|parcel_has_multiple_unresolved_hpd_buildings,696244|918190|918200|918233|918235|918237|918246|918248|918251|918253|918256|918261|918263|918308|918309|918311|918312|918315|918317|918321
stabili-9e41ada0-4782-5e89-8045-2564a106c1dc,queens-2024-p77-r16,ambiguous,manual_review,"221-72B Horace Harding Expressway, Queens, NY 11364",4076440002,,,"61-53 Springfield Blvd, Queens, NY 11364",source_bbl_found_in_official_nyc_data|parcel_has_multiple_unresolved_hpd_buildings,696244|918190|918200|918233|918235|918237|918246|918248|918251|918253|918256|918261|918263|918308|918309|918311|918312|918315|918317|918321
stabili-972e8c34-2b97-5faf-9c71-5547e2185d84,queens-2024-p77-r17,ambiguous,manual_review,"221-74A Horace Harding Expressway, Queens, NY 11364",4076440002,,,"61-53 Springfield Blvd, Queens, NY 11364",source_bbl_found_in_official_nyc_data|parcel_has_multiple_unresolved_hpd_buildings,696244|918190|918200|918233|918235|918237|918246|918248|918251|918253|918256|918261|918263|918308|918309|918311|918312|918315|918317|918321
stabili-d87b3436-09c9-503a-ade5-112ee40dec23,queens-2024-p77-r18,ambiguous,manual_review,"221-76 Horace Harding Expressway, Queens, NY 11364",4076440002,,,"61-53 Springfield Blvd, Queens, NY 11364",source_bbl_found_in_official_nyc_data|parcel_has_multiple_unresolved_hpd_buildings,696244|918190|918200|918233|918235|918237|918246|918248|918251|918253|918256|918261|918263|918308|918309|918311|918312|918315|918317|918321
stabili-05a15ab2-2c36-5df2-a264-c4aba4ef958e,queens-2024-p77-r19,ambiguous,manual_review,"221-78 Horace Harding Expressway, Queens, NY 11364",4076440002,,,"61-53 Springfield Blvd, Queens, NY 11364",source_bbl_found_in_official_nyc_data|parcel_has_multiple_unresolved_hpd_buildings,696244|918190|918200|918233|918235|918237|918246|918248|918251|918253|918256|918261|918263|918308|918309|918311|918312|918315|918317|918321
stabili-04f17b86-dc2e-51e0-89fb-0d2d383657da,queens-2024-p77-r21,ambiguous,manual_review,"224-15 Kingsbury Avenue, Queens, NY 11364",4078400002,,,"224-01 Springfield Blvd, Queens, NY 11364",source_bbl_found_in_official_nyc_data|parcel_has_multiple_unresolved_hpd_buildings,671225|916235|916264|916283|916285|916292|916299|916311|916314|916315|916862|916863|916879
stabili-93d78baf-1220-5895-87ed-49b48e4f642e,queens-2024-p77-r23,ambiguous,manual_review,"224-27 Kingsbury Avenue, Queens, NY 11364",4078400002,,,"224-01 Springfield Blvd, Queens, NY 11364",source_bbl_found_in_official_nyc_data|parcel_has_multiple_unresolved_hpd_buildings,671225|916235|916264|916283|916285|916292|916299|916311|916314|916315|916862|916863|916879
stabili-5ce877e8-43c2-57ce-af2a-188dfd6b8a4a,queens-2024-p77-r25,ambiguous,manual_review,"224-55 Kingsbury Avenue, Queens, NY 11364",4078400002,,,"224-01 Springfield Blvd, Queens, NY 11364",source_bbl_found_in_official_nyc_data|parcel_has_multiple_unresolved_hpd_buildings,671225|916235|916264|916283|916285|916292|916299|916311|916314|916315|916862|916863|916879
stabili-b6afec4b-5bbd-58f6-b41e-a984d0a0707a,queens-2024-p77-r26,ambiguous,manual_review,"226-09 Kingsbury Avenue, Queens, NY 11364",4078400002,,,"224-01 Springfield Blvd, Queens, NY 11364",source_bbl_found_in_official_nyc_data|parcel_has_multiple_unresolved_hpd_buildings,671225|916235|916264|916283|916285|916292|916299|916311|916314|916315|916862|916863|916879
stabili-440aaf0d-ce77-5332-8512-6273c39ce1f6,queens-2024-p77-r27,ambiguous,manual_review,"226-19 Kingsbury Avenue, Queens, NY 11364",4078400002,,,"224-01 Springfield Blvd, Queens, NY 11364",source_bbl_found_in_official_nyc_data|parcel_has_multiple_unresolved_hpd_buildings,671225|916235|916264|916283|916285|916292|916299|916311|916314|916315|916862|916863|916879
stabili-09cc16f6-3529-5db5-99e3-93e64ff60aad,queens-2024-p77-r31,ambiguous,manual_review,"229-08 Kingsbury Avenue, Queens, NY 11364",4078470001,,,"229-01 Grand Central Pkwy, Queens, NY 11364",source_bbl_found_in_official_nyc_data|parcel_has_multiple_unresolved_hpd_buildings,660007|917086|917113|917217|917222|917253
stabili-0779ce87-9478-5cc8-9e52-1bb1c4812962,queens-2024-p77-r32,ambiguous,manual_review,"230-06 Kingsbury Avenue, Queens, NY 11364",4078480001,,,"230-07 Grand Central Pkwy, Queens, NY 11364",source_bbl_found_in_official_nyc_data|parcel_has_multiple_unresolved_hpd_buildings,660008|819368|917139|917160|917161
stabili-29493840-e5ae-5e58-8447-20e0625c2506,queens-2024-p77-r36,ambiguous,manual_review,"73-26 Springfield Boulevard, Queens, NY 11364",4077420003,,,"73-36 Springfield Blvd, Queens, NY 11364",source_bbl_found_in_official_nyc_data|parcel_has_multiple_unresolved_hpd_buildings,696264|920292|920293|920311|920321|920338|920360|920362|920387|920469|920609|920612|920623|920630|920635|920645|920658|920764|920770|920773
stabili-d2037516-84d4-5554-8e68-8ffda8585ed5,queens-2024-p77-r37,ambiguous,manual_review,"73-42–73-62 Springfield Boulevard, Queens, NY 11364",4077420003,,,"73-36 Springfield Blvd, Queens, NY 11364",source_bbl_found_in_official_nyc_data|parcel_has_multiple_unresolved_hpd_buildings|primary_address_matches_3_hpd_buildings,696264|920292|920293|920311|920321|920338|920360|920362|920387|920469|920609|920612|920623|920630|920635|920645|920658|920764|920770|920773
stabili-2f1bafa6-8677-56ed-ab88-fd7de0d1047a,queens-2024-p77-r38,ambiguous,manual_review,"73-72 Springfield Boulevard, Queens, NY 11364",4077420003,,,"73-36 Springfield Blvd, Queens, NY 11364",source_bbl_found_in_official_nyc_data|parcel_has_multiple_unresolved_hpd_buildings,696264|920292|920293|920311|920321|920338|920360|920362|920387|920469|920609|920612|920623|920630|920635|920645|920658|920764|920770|920773
stabili-37046b59-ff89-53a7-acbe-a1282bd4ce31,queens-2024-p77-r40,ambiguous,manual_review,"78-07 Springfield Boulevard, Queens, NY 11364",4078420033,,,"224-06 Springfield Blvd, Queens, NY 11364",source_bbl_found_in_official_nyc_data|parcel_has_multiple_unresolved_hpd_buildings,612842|858706|916049|916055|916056|916057|916060|916071|916080|916081|916087|916090|916117|916118|916124|916128|916129|916135|916143|916161
stabili-23cc2dc2-fcf5-5c9e-b3da-da1db40fb69c,queens-2024-p77-r42,ambiguous,manual_review,"78-23 Springfield Boulevard, Queens, NY 11364",4078420033,,,"224-06 Springfield Blvd, Queens, NY 11364",source_bbl_found_in_official_nyc_data|parcel_has_multiple_unresolved_hpd_buildings,612842|858706|916049|916055|916056|916057|916060|916071|916080|916081|916087|916090|916117|916118|916124|916128|916129|916135|916143|916161
stabili-b4ceeedf-3e1a-59b5-9f09-a2c3366a3f8c,queens-2024-p77-r45,ambiguous,manual_review,"226-39 Union Turnpike, Queens, NY 11364",4078440002,,,"78-14 Cloverdale Boulevard, Queens, NY 11364",source_bbl_found_in_official_nyc_data|parcel_has_multiple_unresolved_hpd_buildings,671226|819197|866018|916889|916972|916973|916977|916983|917007|917033|917035|917040|917284|917406|917417|935075
stabili-5c602cf8-3ee0-557e-bec0-7ceee888ef39,queens-2024-p77-r51,ambiguous,manual_review,"71-61 161st Street, Queens, NY 11365",4068000013,,,"71-61 161 Street, Queens, NY 11365",source_bbl_found_in_official_nyc_data|parcel_has_multiple_unresolved_hpd_buildings|primary_address_matches_2_hpd_buildings,567704|933114
stabili-3a281e70-b7e9-5b93-8f5d-09c4f2b79c12,queens-2024-p78-r15,ambiguous,manual_review,"64-10 186th Lane, Queens, NY 11365",4071150002,,,"64-05 186 Lane, Queens, NY 11366",source_bbl_found_in_official_nyc_data|parcel_has_multiple_unresolved_hpd_buildings,470043|811042|811043|811044|811045|811046|811047|811048|811049|811050|811051|811052|811053|811054|811055|811057|811058|811059|811060|864523
stabili-26b9b017-6fe1-5550-b31e-1f571cd176df,queens-2024-p78-r16,ambiguous,manual_review,"64-15 186th Lane, Queens, NY 11365",4071150002,,,"64-05 186 Lane, Queens, NY 11366",source_bbl_found_in_official_nyc_data|parcel_has_multiple_unresolved_hpd_buildings,470043|811042|811043|811044|811045|811046|811047|811048|811049|811050|811051|811052|811053|811054|811055|811057|811058|811059|811060|864523
stabili-b2a80abf-406a-5f7f-9f67-293e5be5caa4,queens-2024-p78-r17,ambiguous,manual_review,"64-19 186th Lane, Queens, NY 11365",4071150002,,,"64-05 186 Lane, Queens, NY 11366",source_bbl_found_in_official_nyc_data|parcel_has_multiple_unresolved_hpd_buildings,470043|811042|811043|811044|811045|811046|811047|811048|811049|811050|811051|811052|811053|811054|811055|811057|811058|811059|811060|864523
stabili-f3e9ca53-b4db-5705-9bea-13106dbf7ceb,queens-2024-p78-r18,ambiguous,manual_review,"64-25 186th Lane, Queens, NY 11365",4071150002,,,"64-05 186 Lane, Queens, NY 11366",source_bbl_found_in_official_nyc_data|parcel_has_multiple_unresolved_hpd_buildings,470043|811042|811043|811044|811045|811046|811047|811048|811049|811050|811051|811052|811053|811054|811055|811057|811058|811059|811060|864523
stabili-851c9167-f5bd-55c8-bfe9-034fa55b7f5c,queens-2024-p78-r19,ambiguous,manual_review,"64-30 186th Lane, Queens, NY 11365",4071150002,,,"64-05 186 Lane, Queens, NY 11366",source_bbl_found_in_official_nyc_data|parcel_has_multiple_unresolved_hpd_buildings,470043|811042|811043|811044|811045|811046|811047|811048|811049|811050|811051|811052|811053|811054|811055|811057|811058|811059|811060|864523
stabili-ff354f9d-5301-5c90-bc86-1863a41fff61,queens-2024-p78-r20,ambiguous,manual_review,"64-35 186th Lane, Queens, NY 11365",4071150002,,,"64-05 186 Lane, Queens, NY 11366",source_bbl_found_in_official_nyc_data|parcel_has_multiple_unresolved_hpd_buildings,470043|811042|811043|811044|811045|811046|811047|811048|811049|811050|811051|811052|811053|811054|811055|811057|811058|811059|811060|864523
stabili-dd30ab6c-136f-578d-8ab9-267c8ba0ac13,queens-2024-p78-r21,ambiguous,manual_review,"64-36 186th Lane, Queens, NY 11365",4071150002,,,"64-05 186 Lane, Queens, NY 11366",source_bbl_found_in_official_nyc_data|parcel_has_multiple_unresolved_hpd_buildings,470043|811042|811043|811044|811045|811046|811047|811048|811049|811050|811051|811052|811053|811054|811055|811057|811058|811059|811060|864523
stabili-8d4023fc-75ae-5550-98f9-b5eb0f790344,queens-2024-p78-r22,ambiguous,manual_review,"64-39 186th Lane, Queens, NY 11365",4071150002,,,"64-05 186 Lane, Queens, NY 11366",source_bbl_found_in_official_nyc_data|parcel_has_multiple_unresolved_hpd_buildings,470043|811042|811043|811044|811045|811046|811047|811048|811049|811050|811051|811052|811053|811054|811055|811057|811058|811059|811060|864523
stabili-177c878c-2060-52a1-868a-5fce0f61ace9,queens-2024-p78-r23,ambiguous,manual_review,"64-51 186th Lane, Queens, NY 11365",4071150002,,,"64-05 186 Lane, Queens, NY 11366",source_bbl_found_in_official_nyc_data|parcel_has_multiple_unresolved_hpd_buildings,470043|811042|811043|811044|811045|811046|811047|811048|811049|811050|811051|811052|811053|811054|811055|811057|811058|811059|811060|864523
stabili-9e386d33-47ad-5849-86dd-6d1d848fbee3,queens-2024-p78-r24,ambiguous,manual_review,"64-52 186th Lane, Queens, NY 11365",4071150002,,,"64-05 186 Lane, Queens, NY 11366",source_bbl_found_in_official_nyc_data|parcel_has_multiple_unresolved_hpd_buildings,470043|811042|811043|811044|811045|811046|811047|811048|811049|811050|811051|811052|811053|811054|811055|811057|811058|811059|811060|864523
stabili-56b37188-f8c9-51f1-8d10-72a8819e65c2,queens-2024-p78-r25,ambiguous,manual_review,"67-02 186th Lane, Queens, NY 11365",4071150002,,,"64-05 186 Lane, Queens, NY 11366",source_bbl_found_in_official_nyc_data|parcel_has_multiple_unresolved_hpd_buildings,470043|811042|811043|811044|811045|811046|811047|811048|811049|811050|811051|811052|811053|811054|811055|811057|811058|811059|811060|864523
stabili-1a8acdf8-27af-5a82-b72d-57f776f4a869,queens-2024-p78-r26,ambiguous,manual_review,"67-05 186th Lane, Queens, NY 11365",4071150002,,,"64-05 186 Lane, Queens, NY 11366",source_bbl_found_in_official_nyc_data|parcel_has_multiple_unresolved_hpd_buildings|primary_address_matches_2_hpd_buildings,470043|811042|811043|811044|811045|811046|811047|811048|811049|811050|811051|811052|811053|811054|811055|811057|811058|811059|811060|864523
stabili-861e63d3-0eb6-532c-b83a-7ccd81f9eb5c,queens-2024-p78-r27,ambiguous,manual_review,"67-06 186th Lane, Queens, NY 11365",4071150002,,,"64-05 186 Lane, Queens, NY 11366",source_bbl_found_in_official_nyc_data|parcel_has_multiple_unresolved_hpd_buildings,470043|811042|811043|811044|811045|811046|811047|811048|811049|811050|811051|811052|811053|811054|811055|811057|811058|811059|811060|864523
stabili-2aa3a978-b612-5d5e-9fb6-a2a28667a243,queens-2024-p78-r28,ambiguous,manual_review,"67-09 186th Lane, Queens, NY 11365",4071150002,,,"64-05 186 Lane, Queens, NY 11366",source_bbl_found_in_official_nyc_data|parcel_has_multiple_unresolved_hpd_buildings,470043|811042|811043|811044|811045|811046|811047|811048|811049|811050|811051|811052|811053|811054|811055|811057|811058|811059|811060|864523
stabili-5c6eca7a-9a3e-5d2a-bc91-155420c5e5f1,queens-2024-p78-r29,ambiguous,manual_review,"67-15 186th Lane, Queens, NY 11365",4071150002,,,"64-05 186 Lane, Queens, NY 11366",source_bbl_found_in_official_nyc_data|parcel_has_multiple_unresolved_hpd_buildings,470043|811042|811043|811044|811045|811046|811047|811048|811049|811050|811051|811052|811053|811054|811055|811057|811058|811059|811060|864523
stabili-092ab098-2eae-5611-a12b-6df8e7f35272,queens-2024-p78-r30,ambiguous,manual_review,"67-20 186th Lane, Queens, NY 11365",4071150002,,,"64-05 186 Lane, Queens, NY 11366",source_bbl_found_in_official_nyc_data|parcel_has_multiple_unresolved_hpd_buildings,470043|811042|811043|811044|811045|811046|811047|811048|811049|811050|811051|811052|811053|811054|811055|811057|811058|811059|811060|864523
stabili-133b9c7f-679d-53c1-b74a-63cd6c1b603b,queens-2024-p78-r31,ambiguous,manual_review,"67-25 186th Lane, Queens, NY 11365",4071150002,,,"64-05 186 Lane, Queens, NY 11366",source_bbl_found_in_official_nyc_data|parcel_has_multiple_unresolved_hpd_buildings,470043|811042|811043|811044|811045|811046|811047|811048|811049|811050|811051|811052|811053|811054|811055|811057|811058|811059|811060|864523
stabili-036bddb5-aca6-5405-9fe6-d60272cff7e8,queens-2024-p78-r32,ambiguous,manual_review,"67-30 186th Lane, Queens, NY 11365",4071150002,,,"64-05 186 Lane, Queens, NY 11366",source_bbl_found_in_official_nyc_data|parcel_has_multiple_unresolved_hpd_buildings,470043|811042|811043|811044|811045|811046|811047|811048|811049|811050|811051|811052|811053|811054|811055|811057|811058|811059|811060|864523
stabili-bfe251c2-77f2-5e5a-9082-3eb20177de91,queens-2024-p78-r33,ambiguous,manual_review,"67-35 186th Lane, Queens, NY 11365",4071150002,,,"64-05 186 Lane, Queens, NY 11366",source_bbl_found_in_official_nyc_data|parcel_has_multiple_unresolved_hpd_buildings,470043|811042|811043|811044|811045|811046|811047|811048|811049|811050|811051|811052|811053|811054|811055|811057|811058|811059|811060|864523
stabili-ae18fa0c-495e-5afe-b635-679250c08be8,queens-2024-p78-r34,ambiguous,manual_review,"67-36 186th Lane, Queens, NY 11365",4071150002,,,"64-05 186 Lane, Queens, NY 11366",source_bbl_found_in_official_nyc_data|parcel_has_multiple_unresolved_hpd_buildings,470043|811042|811043|811044|811045|811046|811047|811048|811049|811050|811051|811052|811053|811054|811055|811057|811058|811059|811060|864523
stabili-99167a45-4266-50d9-a259-7f8c891041b1,queens-2024-p78-r35,ambiguous,manual_review,"67-42 186th Lane, Queens, NY 11365",4071150002,,,"64-05 186 Lane, Queens, NY 11366",source_bbl_found_in_official_nyc_data|parcel_has_multiple_unresolved_hpd_buildings,470043|811042|811043|811044|811045|811046|811047|811048|811049|811050|811051|811052|811053|811054|811055|811057|811058|811059|811060|864523
stabili-e2318d67-59b5-58e3-85e0-1aa98d95b4ee,queens-2024-p78-r36,ambiguous,manual_review,"67-45 186th Lane, Queens, NY 11365",4071150002,,,"64-05 186 Lane, Queens, NY 11366",source_bbl_found_in_official_nyc_data|parcel_has_multiple_unresolved_hpd_buildings,470043|811042|811043|811044|811045|811046|811047|811048|811049|811050|811051|811052|811053|811054|811055|811057|811058|811059|811060|864523
stabili-821ec80a-30cd-591e-a782-0ec7a78e8478,queens-2024-p78-r37,ambiguous,manual_review,"69-01 186th Lane, Queens, NY 11365",4071150002,,,"64-05 186 Lane, Queens, NY 11366",source_bbl_found_in_official_nyc_data|parcel_has_multiple_unresolved_hpd_buildings,470043|811042|811043|811044|811045|811046|811047|811048|811049|811050|811051|811052|811053|811054|811055|811057|811058|811059|811060|864523
stabili-ef03b72a-946b-50fc-8d65-d622049b58fe,queens-2024-p78-r38,ambiguous,manual_review,"69-02 186th Lane, Queens, NY 11365",4071150002,,,"64-05 186 Lane, Queens, NY 11366",source_bbl_found_in_official_nyc_data|parcel_has_multiple_unresolved_hpd_buildings,470043|811042|811043|811044|811045|811046|811047|811048|811049|811050|811051|811052|811053|811054|811055|811057|811058|811059|811060|864523
stabili-20de4e79-b41a-545b-ba9c-e394cd7af43c,queens-2024-p78-r39,ambiguous,manual_review,"69-05 186th Lane, Queens, NY 11365",4071150002,,,"64-05 186 Lane, Queens, NY 11366",source_bbl_found_in_official_nyc_data|parcel_has_multiple_unresolved_hpd_buildings,470043|811042|811043|811044|811045|811046|811047|811048|811049|811050|811051|811052|811053|811054|811055|811057|811058|811059|811060|864523
stabili-fb523e73-e98f-56c7-83bd-341fa0394f8e,queens-2024-p78-r40,ambiguous,manual_review,"69-09 186th Lane, Queens, NY 11365",4071150002,,,"64-05 186 Lane, Queens, NY 11366",source_bbl_found_in_official_nyc_data|parcel_has_multiple_unresolved_hpd_buildings,470043|811042|811043|811044|811045|811046|811047|811048|811049|811050|811051|811052|811053|811054|811055|811057|811058|811059|811060|864523
stabili-ac493591-5573-5956-8acb-68d13c2e1acd,queens-2024-p78-r41,ambiguous,manual_review,"69-20 186th Lane, Queens, NY 11365",4071150002,,,"64-05 186 Lane, Queens, NY 11366",source_bbl_found_in_official_nyc_data|parcel_has_multiple_unresolved_hpd_buildings,470043|811042|811043|811044|811045|811046|811047|811048|811049|811050|811051|811052|811053|811054|811055|811057|811058|811059|811060|864523
stabili-3814fe95-10dc-52dc-822d-508d4b665bcc,queens-2024-p78-r42,ambiguous,manual_review,"69-21 186th Lane, Queens, NY 11365",4071150002,,,"64-05 186 Lane, Queens, NY 11366",source_bbl_found_in_official_nyc_data|parcel_has_multiple_unresolved_hpd_buildings,470043|811042|811043|811044|811045|811046|811047|811048|811049|811050|811051|811052|811053|811054|811055|811057|811058|811059|811060|864523
stabili-e4b6dd48-399a-5fae-a32f-d088473c0013,queens-2024-p78-r43,ambiguous,manual_review,"69-30 186th Lane, Queens, NY 11365",4071150002,,,"64-05 186 Lane, Queens, NY 11366",source_bbl_found_in_official_nyc_data|parcel_has_multiple_unresolved_hpd_buildings,470043|811042|811043|811044|811045|811046|811047|811048|811049|811050|811051|811052|811053|811054|811055|811057|811058|811059|811060|864523
stabili-dd0eed8e-9768-532d-a2c3-001165cda61f,queens-2024-p78-r44,ambiguous,manual_review,"69-34 186th Lane, Queens, NY 11365",4071150002,,,"64-05 186 Lane, Queens, NY 11366",source_bbl_found_in_official_nyc_data|parcel_has_multiple_unresolved_hpd_buildings,470043|811042|811043|811044|811045|811046|811047|811048|811049|811050|811051|811052|811053|811054|811055|811057|811058|811059|811060|864523
stabili-89fcada6-4320-501d-8450-13b31a6690d5,queens-2024-p78-r45,ambiguous,manual_review,"69-35 186th Lane, Queens, NY 11365",4071150002,,,"64-05 186 Lane, Queens, NY 11366",source_bbl_found_in_official_nyc_data|parcel_has_multiple_unresolved_hpd_buildings,470043|811042|811043|811044|811045|811046|811047|811048|811049|811050|811051|811052|811053|811054|811055|811057|811058|811059|811060|864523
stabili-baf637f0-fd41-5612-a904-876be662716f,queens-2024-p78-r47,ambiguous,manual_review,"64-50 188th Street, Queens, NY 11365",4071150002,,,"64-05 186 Lane, Queens, NY 11366",source_bbl_found_in_official_nyc_data|parcel_has_multiple_unresolved_hpd_buildings,470043|811042|811043|811044|811045|811046|811047|811048|811049|811050|811051|811052|811053|811054|811055|811057|811058|811059|811060|864523
stabili-c3d04d2f-dcde-5d16-ac98-fc57899d8c34,queens-2024-p78-r48,ambiguous,manual_review,"67-02 188th Street, Queens, NY 11365",4071150002,,,"64-05 186 Lane, Queens, NY 11366",source_bbl_found_in_official_nyc_data|parcel_has_multiple_unresolved_hpd_buildings,470043|811042|811043|811044|811045|811046|811047|811048|811049|811050|811051|811052|811053|811054|811055|811057|811058|811059|811060|864523
stabili-ba29b16f-6adf-5842-bb29-63cfebd0d9ef,queens-2024-p78-r49,ambiguous,manual_review,"67-50 188th Street, Queens, NY 11365",4071150002,,,"64-05 186 Lane, Queens, NY 11366",source_bbl_found_in_official_nyc_data|parcel_has_multiple_unresolved_hpd_buildings,470043|811042|811043|811044|811045|811046|811047|811048|811049|811050|811051|811052|811053|811054|811055|811057|811058|811059|811060|864523
stabili-3d283829-1606-5d13-85e9-106b80442690,queens-2024-p78-r50,ambiguous,manual_review,"69-10 188th Street, Queens, NY 11365",4071150002,,,"64-05 186 Lane, Queens, NY 11366",source_bbl_found_in_official_nyc_data|parcel_has_multiple_unresolved_hpd_buildings,470043|811042|811043|811044|811045|811046|811047|811048|811049|811050|811051|811052|811053|811054|811055|811057|811058|811059|811060|864523
stabili-ae53a437-5b6f-50c5-bb96-5f010af52a7e,queens-2024-p78-r51,ambiguous,manual_review,"69-11 188th Street, Queens, NY 11365",4071170002,,,"189-15 73 Avenue, Queens, NY 11365",source_bbl_found_in_official_nyc_data|parcel_has_multiple_unresolved_hpd_buildings,470045|810593|810595|810596|810597|810630|810631|810632|811061|812186|812188|812189|812190|812191|812192|812193|812194|812195|870821|940952
stabili-75d5475e-2ed7-5dcf-8876-c8b276946ab9,queens-2024-p78-r52,ambiguous,manual_review,"67-10 190th Lane, Queens, NY 11365",4071170003,,,"188-02 64 Avenue, Queens, NY 11365",source_bbl_found_in_official_nyc_data|parcel_has_multiple_unresolved_hpd_buildings,455155|810483|810484|810522|810594|811062|811063|811066|811067|811068|854669|874817|909235|941013|941016|941017|941038|941041|949060|994607
stabili-2951e649-2d01-535e-a7f5-e3f00707cc26,queens-2024-p78-r53,ambiguous,manual_review,"67-15 190th Lane, Queens, NY 11365",4071170003,,,"188-02 64 Avenue, Queens, NY 11365",source_bbl_found_in_official_nyc_data|parcel_has_multiple_unresolved_hpd_buildings,455155|810483|810484|810522|810594|811062|811063|811066|811067|811068|854669|874817|909235|941013|941016|941017|941038|941041|949060|994607
stabili-6a7585cb-b7f1-59a5-a83b-92fbd33819cf,queens-2024-p78-r54,ambiguous,manual_review,"67-38 190th Lane, Queens, NY 11365",4071170003,,,"188-02 64 Avenue, Queens, NY 11365",source_bbl_found_in_official_nyc_data|parcel_has_multiple_unresolved_hpd_buildings,455155|810483|810484|810522|810594|811062|811063|811066|811067|811068|854669|874817|909235|941013|941016|941017|941038|941041|949060|994607
stabili-33f99816-7b17-5f26-9b9c-f5d3407e042b,queens-2024-p78-r55,ambiguous,manual_review,"67-44 190th Lane, Queens, NY 11365",4071170003,,,"188-02 64 Avenue, Queens, NY 11365",source_bbl_found_in_official_nyc_data|parcel_has_multiple_unresolved_hpd_buildings,455155|810483|810484|810522|810594|811062|811063|811066|811067|811068|854669|874817|909235|941013|941016|941017|941038|941041|949060|994607
stabili-ab8ec94c-145b-5547-be5a-dc4c70b54f45,queens-2024-p78-r56,ambiguous,manual_review,"67-45 190th Lane, Queens, NY 11365",4071170003,,,"188-02 64 Avenue, Queens, NY 11365",source_bbl_found_in_official_nyc_data|parcel_has_multiple_unresolved_hpd_buildings,455155|810483|810484|810522|810594|811062|811063|811066|811067|811068|854669|874817|909235|941013|941016|941017|941038|941041|949060|994607
stabili-87659154-61d9-5228-98b8-0111b0779a9e,queens-2024-p79-r1,ambiguous,manual_review,"64-02 192nd Street, Queens, NY 11365",4071170003,,,"188-02 64 Avenue, Queens, NY 11365",source_bbl_found_in_official_nyc_data|parcel_has_multiple_unresolved_hpd_buildings,455155|810483|810484|810522|810594|811062|811063|811066|811067|811068|854669|874817|909235|941013|941016|941017|941038|941041|949060|994607
stabili-69b4dab9-7aad-5880-9cb9-e144de3816d3,queens-2024-p79-r2,ambiguous,manual_review,"64-15 192nd Street, Queens, NY 11365",4071170003,,,"188-02 64 Avenue, Queens, NY 11365",source_bbl_found_in_official_nyc_data|parcel_has_multiple_unresolved_hpd_buildings,455155|810483|810484|810522|810594|811062|811063|811066|811067|811068|854669|874817|909235|941013|941016|941017|941038|941041|949060|994607
stabili-26a4cd57-77d1-5e64-b27c-27b0a2028297,queens-2024-p79-r3,ambiguous,manual_review,"64-20 192nd Street, Queens, NY 11365",4071170003,,,"188-02 64 Avenue, Queens, NY 11365",source_bbl_found_in_official_nyc_data|parcel_has_multiple_unresolved_hpd_buildings,455155|810483|810484|810522|810594|811062|811063|811066|811067|811068|854669|874817|909235|941013|941016|941017|941038|941041|949060|994607
stabili-aecd33c1-718b-5eb8-adde-010f51f2d3fc,queens-2024-p79-r5,ambiguous,manual_review,"67-15 192nd Street, Queens, NY 11365",4071170008,,,"67-00 192 Street, Queens, NY 11365",source_bbl_found_in_official_nyc_data|parcel_has_multiple_unresolved_hpd_buildings,459502|810543|810598|810599|811069|811070|941021|941026|941027|941028|941039|941047|944541|979134|979135|992368|992380|992381|992382|992396
stabili-74d8369b-8c3d-5b07-91d0-f1948b91e83f,queens-2024-p79-r6,ambiguous,manual_review,"67-49 192nd Street, Queens, NY 11365",4071170008,,,"67-00 192 Street, Queens, NY 11365",source_bbl_found_in_official_nyc_data|parcel_has_multiple_unresolved_hpd_buildings,459502|810543|810598|810599|811069|811070|941021|941026|941027|941028|941039|941047|944541|979134|979135|992368|992380|992381|992382|992396
stabili-b7a2f33a-c838-50cc-aa70-182e02164620,queens-2024-p79-r7,ambiguous,manual_review,"67-50 192nd Street, Queens, NY 11365",4071170003,,,"188-02 64 Avenue, Queens, NY 11365",source_bbl_found_in_official_nyc_data|parcel_has_multiple_unresolved_hpd_buildings,455155|810483|810484|810522|810594|811062|811063|811066|811067|811068|854669|874817|909235|941013|941016|941017|941038|941041|949060|994607
stabili-f113b5bf-7fd2-507f-92b0-d9d26781e0e0,queens-2024-p79-r8,ambiguous,manual_review,"67-20 193rd Lane, Queens, NY 11365",4071170008,,,"67-00 192 Street, Queens, NY 11365",source_bbl_found_in_official_nyc_data|parcel_has_multiple_unresolved_hpd_buildings,459502|810543|810598|810599|811069|811070|941021|941026|941027|941028|941039|941047|944541|979134|979135|992368|992380|992381|992382|992396
stabili-ee1e1eed-a14f-5f90-b56c-6219881443c6,queens-2024-p79-r9,ambiguous,manual_review,"67-21 193rd Lane, Queens, NY 11365",4071170008,,,"67-00 192 Street, Queens, NY 11365",source_bbl_found_in_official_nyc_data|parcel_has_multiple_unresolved_hpd_buildings,459502|810543|810598|810599|811069|811070|941021|941026|941027|941028|941039|941047|944541|979134|979135|992368|992380|992381|992382|992396
stabili-dcf35bf8-2202-57c4-8231-f57bfa7f3d7c,queens-2024-p79-r11,ambiguous,manual_review,"67-55 193rd Lane, Queens, NY 11365",4071170008,,,"67-00 192 Street, Queens, NY 11365",source_bbl_found_in_official_nyc_data|parcel_has_multiple_unresolved_hpd_buildings,459502|810543|810598|810599|811069|811070|941021|941026|941027|941028|941039|941047|944541|979134|979135|992368|992380|992381|992382|992396
stabili-73146197-5233-5fbe-b83d-71b9fe6ef84c,queens-2024-p79-r12,ambiguous,manual_review,"60-01 194th Street, Queens, NY 11365",4071170300,,,"188-00 Peck Avenue, Queens, NY 11365",source_bbl_found_in_official_nyc_data|parcel_has_multiple_unresolved_hpd_buildings,810486|810523|811072|811073|811758|812176|812177|872870|924448|935631|936842|941072|941077|941084|941087|941088|949080|950255|997562|997815
stabili-1c3f2d42-3f05-5de1-a6da-3cc3e9b46023,queens-2024-p79-r13,ambiguous,manual_review,"60-05 194th Street, Queens, NY 11365",4071170300,,,"188-00 Peck Avenue, Queens, NY 11365",source_bbl_found_in_official_nyc_data|parcel_has_multiple_unresolved_hpd_buildings,810486|810523|811072|811073|811758|812176|812177|872870|924448|935631|936842|941072|941077|941084|941087|941088|949080|950255|997562|997815
stabili-20775bec-8e4b-565e-9bc1-694a04907eb5,queens-2024-p79-r14,ambiguous,manual_review,"60-17 194th Street, Queens, NY 11365",4071170300,,,"188-00 Peck Avenue, Queens, NY 11365",source_bbl_found_in_official_nyc_data|parcel_has_multiple_unresolved_hpd_buildings,810486|810523|811072|811073|811758|812176|812177|872870|924448|935631|936842|941072|941077|941084|941087|941088|949080|950255|997562|997815
stabili-1f872008-6027-5a40-9ea4-d5e474b027a9,queens-2024-p79-r15,ambiguous,manual_review,"60-18 194th Street, Queens, NY 11365",4071170300,,,"188-00 Peck Avenue, Queens, NY 11365",source_bbl_found_in_official_nyc_data|parcel_has_multiple_unresolved_hpd_buildings,810486|810523|811072|811073|811758|812176|812177|872870|924448|935631|936842|941072|941077|941084|941087|941088|949080|950255|997562|997815
stabili-e7dc077d-6e4e-56b1-816c-58c997f35f12,queens-2024-p79-r16,ambiguous,manual_review,"60-19 194th Street, Queens, NY 11365",4071170300,,,"188-00 Peck Avenue, Queens, NY 11365",source_bbl_found_in_official_nyc_data|parcel_has_multiple_unresolved_hpd_buildings,810486|810523|811072|811073|811758|812176|812177|872870|924448|935631|936842|941072|941077|941084|941087|941088|949080|950255|997562|997815
stabili-5eca4d8e-096f-54a0-8199-ec991bdd55a7,queens-2024-p79-r17,ambiguous,manual_review,"60-20 194th Street, Queens, NY 11365",4071170300,,,"188-00 Peck Avenue, Queens, NY 11365",source_bbl_found_in_official_nyc_data|parcel_has_multiple_unresolved_hpd_buildings,810486|810523|811072|811073|811758|812176|812177|872870|924448|935631|936842|941072|941077|941084|941087|941088|949080|950255|997562|997815
stabili-4740ce7a-e555-5ed8-abe8-980e3c77e852,queens-2024-p79-r18,ambiguous,manual_review,"64-19 194th Lane, Queens, NY 11365",4071170006,,,"194-05 67 Avenue, Queens, NY 11365",source_bbl_found_in_official_nyc_data|parcel_has_multiple_unresolved_hpd_buildings,459503|810485|810487|810488|810524|810544|810545|810546|810547|812179|812180|812181|917633|941042|941044|941046|941050|941051|941052|941055
stabili-3f6cf9ea-6356-5087-8d29-97f1ce89d02e,queens-2024-p79-r19,ambiguous,manual_review,"64-20 194th Lane, Queens, NY 11365",4071170003,,,"188-02 64 Avenue, Queens, NY 11365",source_bbl_found_in_official_nyc_data|parcel_has_multiple_unresolved_hpd_buildings,455155|810483|810484|810522|810594|811062|811063|811066|811067|811068|854669|874817|909235|941013|941016|941017|941038|941041|949060|994607
stabili-937d4594-e6a9-523b-8f03-40eea63c5f86,queens-2024-p79-r20,ambiguous,manual_review,"67-18 195th Lane, Queens, NY 11365",4071170008,,,"67-00 192 Street, Queens, NY 11365",source_bbl_found_in_official_nyc_data|parcel_has_multiple_unresolved_hpd_buildings,459502|810543|810598|810599|811069|811070|941021|941026|941027|941028|941039|941047|944541|979134|979135|992368|992380|992381|992382|992396
stabili-88c2ccfe-8787-5182-aa39-ebac22d1f744,queens-2024-p79-r21,ambiguous,manual_review,"67-50 195th Lane, Queens, NY 11365",4071170008,,,"67-00 192 Street, Queens, NY 11365",source_bbl_found_in_official_nyc_data|parcel_has_multiple_unresolved_hpd_buildings,459502|810543|810598|810599|811069|811070|941021|941026|941027|941028|941039|941047|944541|979134|979135|992368|992380|992381|992382|992396
stabili-31081815-0201-5131-93aa-92a9edafc3e5,queens-2024-p79-r22,ambiguous,manual_review,"67-06–67-48 197th Street, Queens, NY 11365",4071170401,,,"196-14 69 Avenue, Queens, NY 11365",source_bbl_found_in_official_nyc_data|parcel_has_multiple_unresolved_hpd_buildings,462669|917349|917361|917363|917379|917388|917400|917405|917416|917424|917439|917441|917751|917756
stabili-4d0918e5-29c5-5a58-96cc-0556f1dd5ed8,queens-2024-p79-r23,ambiguous,manual_review,"18203 58th Avenue, Queens, NY 11365",4056697501,,,"5603A Utopia Parkway, Queens, NY 11365",source_bbl_found_in_official_nyc_data|parcel_has_multiple_unresolved_hpd_buildings,582542|582552|701180|701186
stabili-18b9a76d-f71d-5279-8ab9-2cfa0a12637e,queens-2024-p79-r24,ambiguous,manual_review,"183-03 58th Avenue, Queens, NY 11365",4056697501,,,"5603A Utopia Parkway, Queens, NY 11365",source_bbl_found_in_official_nyc_data|parcel_has_multiple_unresolved_hpd_buildings,582542|582552|701180|701186
stabili-4002a504-8c10-5bd0-8ae8-3e484f593369,queens-2024-p79-r25,ambiguous,manual_review,"183-04 58th Avenue, Queens, NY 11365",4056877501,,,"1830A 58 Avenue, Queens, NY 11365",source_bbl_found_in_official_nyc_data|parcel_has_multiple_unresolved_hpd_buildings,446390|582554
stabili-a70451f7-de5c-5150-bf1e-df60e4bd8c52,queens-2024-p79-r30,ambiguous,manual_review,"192-10 64th Avenue, Queens, NY 11365",4071170003,,,"188-02 64 Avenue, Queens, NY 11365",source_bbl_found_in_official_nyc_data|parcel_has_multiple_unresolved_hpd_buildings,455155|810483|810484|810522|810594|811062|811063|811066|811067|811068|854669|874817|909235|941013|941016|941017|941038|941041|949060|994607
stabili-ab205f12-19c1-50b4-8c5d-3a4b62ea5d86,queens-2024-p79-r31,ambiguous,manual_review,"192-15 64th Circle, Queens, NY 11365",4071170300,,,"188-00 Peck Avenue, Queens, NY 11365",source_bbl_found_in_official_nyc_data|parcel_has_multiple_unresolved_hpd_buildings,810486|810523|811072|811073|811758|812176|812177|872870|924448|935631|936842|941072|941077|941084|941087|941088|949080|950255|997562|997815
stabili-4c0a823c-cc0f-5a62-8e94-447073a89def,queens-2024-p79-r32,ambiguous,manual_review,"192-20 64th Circle, Queens, NY 11365",4071170003,,,"188-02 64 Avenue, Queens, NY 11365",source_bbl_found_in_official_nyc_data|parcel_has_multiple_unresolved_hpd_buildings,455155|810483|810484|810522|810594|811062|811063|811066|811067|811068|854669|874817|909235|941013|941016|941017|941038|941041|949060|994607
stabili-c6e76233-83a6-5671-8a5f-c3beab693161,queens-2024-p79-r33,ambiguous,manual_review,"192-24 64th Circle, Queens, NY 11365",4071170003,,,"188-02 64 Avenue, Queens, NY 11365",source_bbl_found_in_official_nyc_data|parcel_has_multiple_unresolved_hpd_buildings,455155|810483|810484|810522|810594|811062|811063|811066|811067|811068|854669|874817|909235|941013|941016|941017|941038|941041|949060|994607
stabili-3fe39ac2-56d2-57ef-897b-9984d14af3cb,queens-2024-p79-r34,ambiguous,manual_review,"194-01 64th Circle, Queens, NY 11365",4071170300,,,"188-00 Peck Avenue, Queens, NY 11365",source_bbl_found_in_official_nyc_data|parcel_has_multiple_unresolved_hpd_buildings,810486|810523|811072|811073|811758|812176|812177|872870|924448|935631|936842|941072|941077|941084|941087|941088|949080|950255|997562|997815
stabili-9acfe272-204d-54fe-9b58-8726b3ddec21,queens-2024-p79-r35,ambiguous,manual_review,"194-02 64th Circle, Queens, NY 11365",4071170006,,,"194-05 67 Avenue, Queens, NY 11365",source_bbl_found_in_official_nyc_data|parcel_has_multiple_unresolved_hpd_buildings,459503|810485|810487|810488|810524|810544|810545|810546|810547|812179|812180|812181|917633|941042|941044|941046|941050|941051|941052|941055
stabili-f3690be5-d681-5097-9a18-7b10690223b7,queens-2024-p79-r36,ambiguous,manual_review,"194-10 64th Circle, Queens, NY 11365",4071170006,,,"194-05 67 Avenue, Queens, NY 11365",source_bbl_found_in_official_nyc_data|parcel_has_multiple_unresolved_hpd_buildings,459503|810485|810487|810488|810524|810544|810545|810546|810547|812179|812180|812181|917633|941042|941044|941046|941050|941051|941052|941055
stabili-0b3034cd-e9e7-589b-93e8-63aaea18b1d5,queens-2024-p79-r37,ambiguous,manual_review,"194-15 64th Circle, Queens, NY 11365",4071170300,,,"188-00 Peck Avenue, Queens, NY 11365",source_bbl_found_in_official_nyc_data|parcel_has_multiple_unresolved_hpd_buildings,810486|810523|811072|811073|811758|812176|812177|872870|924448|935631|936842|941072|941077|941084|941087|941088|949080|950255|997562|997815
stabili-5b3579e4-3c78-5362-a5d7-4a64aad2f0cf,queens-2024-p79-r38,ambiguous,manual_review,"194-16 64th Avenue, Queens, NY 11365",4071170006,,,"194-05 67 Avenue, Queens, NY 11365",source_bbl_found_in_official_nyc_data|parcel_has_multiple_unresolved_hpd_buildings,459503|810485|810487|810488|810524|810544|810545|810546|810547|812179|812180|812181|917633|941042|941044|941046|941050|941051|941052|941055
stabili-76ff5624-4674-5da6-901b-734fea668aa9,queens-2024-p79-r39,ambiguous,manual_review,"194-25 64th Avenue, Queens, NY 11365",4071170300,,,"188-00 Peck Avenue, Queens, NY 11365",source_bbl_found_in_official_nyc_data|parcel_has_multiple_unresolved_hpd_buildings,810486|810523|811072|811073|811758|812176|812177|872870|924448|935631|936842|941072|941077|941084|941087|941088|949080|950255|997562|997815
stabili-d96ec18e-3802-5e98-9bd5-589f533b229c,queens-2024-p79-r40,ambiguous,manual_review,"194-40 64th Avenue, Queens, NY 11365",4071170006,,,"194-05 67 Avenue, Queens, NY 11365",source_bbl_found_in_official_nyc_data|parcel_has_multiple_unresolved_hpd_buildings,459503|810485|810487|810488|810524|810544|810545|810546|810547|812179|812180|812181|917633|941042|941044|941046|941050|941051|941052|941055
stabili-e066ae3f-30b2-5712-95b8-628124c0dfad,queens-2024-p79-r41,ambiguous,manual_review,"194-60 64th Avenue, Queens, NY 11365",4071170006,,,"194-05 67 Avenue, Queens, NY 11365",source_bbl_found_in_official_nyc_data|parcel_has_multiple_unresolved_hpd_buildings,459503|810485|810487|810488|810524|810544|810545|810546|810547|812179|812180|812181|917633|941042|941044|941046|941050|941051|941052|941055
stabili-9b07f9e0-95c4-548e-b5fe-bf64e309c973,queens-2024-p79-r45,ambiguous,manual_review,"194-10 65th Crescent, Queens, NY 11365",4071170006,,,"194-05 67 Avenue, Queens, NY 11365",source_bbl_found_in_official_nyc_data|parcel_has_multiple_unresolved_hpd_buildings,459503|810485|810487|810488|810524|810544|810545|810546|810547|812179|812180|812181|917633|941042|941044|941046|941050|941051|941052|941055
stabili-029b43c2-06c0-528f-bf9f-32f7455dcb46,queens-2024-p79-r46,ambiguous,manual_review,"194-15 65th Crescent, Queens, NY 11365",4071170006,,,"194-05 67 Avenue, Queens, NY 11365",source_bbl_found_in_official_nyc_data|parcel_has_multiple_unresolved_hpd_buildings,459503|810485|810487|810488|810524|810544|810545|810546|810547|812179|812180|812181|917633|941042|941044|941046|941050|941051|941052|941055
stabili-723365a6-ff8f-5d45-af7b-6b81c5050a55,queens-2024-p79-r47,ambiguous,manual_review,"194-25 65th Crescent, Queens, NY 11365",4071170006,,,"194-05 67 Avenue, Queens, NY 11365",source_bbl_found_in_official_nyc_data|parcel_has_multiple_unresolved_hpd_buildings,459503|810485|810487|810488|810524|810544|810545|810546|810547|812179|812180|812181|917633|941042|941044|941046|941050|941051|941052|941055
stabili-8f4f76f8-7ca3-5d28-8018-f29d55dccf49,queens-2024-p79-r48,ambiguous,manual_review,"194-30 65th Crescent, Queens, NY 11365",4071170006,,,"194-05 67 Avenue, Queens, NY 11365",source_bbl_found_in_official_nyc_data|parcel_has_multiple_unresolved_hpd_buildings,459503|810485|810487|810488|810524|810544|810545|810546|810547|812179|812180|812181|917633|941042|941044|941046|941050|941051|941052|941055
stabili-35367edb-d358-5e2c-9de8-4484472c8ab4,queens-2024-p79-r49,ambiguous,manual_review,"194-35 65th Crescent, Queens, NY 11365",4071170006,,,"194-05 67 Avenue, Queens, NY 11365",source_bbl_found_in_official_nyc_data|parcel_has_multiple_unresolved_hpd_buildings,459503|810485|810487|810488|810524|810544|810545|810546|810547|812179|812180|812181|917633|941042|941044|941046|941050|941051|941052|941055
stabili-e7668759-2585-57da-8ccc-62b374758a85,queens-2024-p79-r50,ambiguous,manual_review,"196-05 65th Crescent, Queens, NY 11365",4071170006,,,"194-05 67 Avenue, Queens, NY 11365",source_bbl_found_in_official_nyc_data|parcel_has_multiple_unresolved_hpd_buildings,459503|810485|810487|810488|810524|810544|810545|810546|810547|812179|812180|812181|917633|941042|941044|941046|941050|941051|941052|941055
stabili-5a686683-8bd5-5af2-b471-b72314826d51,queens-2024-p79-r51,ambiguous,manual_review,"196-10 65th Crescent, Queens, NY 11365",4071170006,,,"194-05 67 Avenue, Queens, NY 11365",source_bbl_found_in_official_nyc_data|parcel_has_multiple_unresolved_hpd_buildings,459503|810485|810487|810488|810524|810544|810545|810546|810547|812179|812180|812181|917633|941042|941044|941046|941050|941051|941052|941055
stabili-ecb70ce0-ef2e-5540-9903-fb049b27404b,queens-2024-p79-r52,ambiguous,manual_review,"196-15 65th Crescent, Queens, NY 11365",4071170006,,,"194-05 67 Avenue, Queens, NY 11365",source_bbl_found_in_official_nyc_data|parcel_has_multiple_unresolved_hpd_buildings,459503|810485|810487|810488|810524|810544|810545|810546|810547|812179|812180|812181|917633|941042|941044|941046|941050|941051|941052|941055
stabili-1248c33b-c496-55a0-875b-11ff4d4cc1c4,queens-2024-p79-r53,ambiguous,manual_review,"197-05 65th Crescent, Queens, NY 11365",4071170006,,,"194-05 67 Avenue, Queens, NY 11365",source_bbl_found_in_official_nyc_data|parcel_has_multiple_unresolved_hpd_buildings,459503|810485|810487|810488|810524|810544|810545|810546|810547|812179|812180|812181|917633|941042|941044|941046|941050|941051|941052|941055
stabili-2fd0efc7-0762-51fd-8cf3-d8a79b79aa98,queens-2024-p79-r54,ambiguous,manual_review,"197-10 65th Crescent, Queens, NY 11365",4071170006,,,"194-05 67 Avenue, Queens, NY 11365",source_bbl_found_in_official_nyc_data|parcel_has_multiple_unresolved_hpd_buildings,459503|810485|810487|810488|810524|810544|810545|810546|810547|812179|812180|812181|917633|941042|941044|941046|941050|941051|941052|941055
stabili-0fa2ea73-0902-5362-bdc1-c27bdaa385f6,queens-2024-p79-r55,ambiguous,manual_review,"192-15 67th Avenue, Queens, NY 11365",4071170003,,,"188-02 64 Avenue, Queens, NY 11365",source_bbl_found_in_official_nyc_data|parcel_has_multiple_unresolved_hpd_buildings,455155|810483|810484|810522|810594|811062|811063|811066|811067|811068|854669|874817|909235|941013|941016|941017|941038|941041|949060|994607
stabili-cd239db7-15a7-5faa-9dec-da8cf4a1a7a8,queens-2024-p79-r56,ambiguous,manual_review,"192-20 67th Avenue, Queens, NY 11365",4071170008,,,"67-00 192 Street, Queens, NY 11365",source_bbl_found_in_official_nyc_data|parcel_has_multiple_unresolved_hpd_buildings,459502|810543|810598|810599|811069|811070|941021|941026|941027|941028|941039|941047|944541|979134|979135|992368|992380|992381|992382|992396
stabili-06ec5a2e-b1ce-5d91-bbdd-a1f098150032,queens-2024-p80-r2,ambiguous,manual_review,"194-05 67th Avenue, Queens, NY 11365",4071170006,,,"194-05 67 Avenue, Queens, NY 11365",source_bbl_found_in_official_nyc_data|parcel_has_multiple_unresolved_hpd_buildings,459503|810485|810487|810488|810524|810544|810545|810546|810547|812179|812180|812181|917633|941042|941044|941046|941050|941051|941052|941055
stabili-93f66ec1-74cc-53a6-9d3b-7b30d27c2dc1,queens-2024-p80-r3,ambiguous,manual_review,"195-05 67th Avenue, Queens, NY 11365",4071170006,,,"194-05 67 Avenue, Queens, NY 11365",source_bbl_found_in_official_nyc_data|parcel_has_multiple_unresolved_hpd_buildings,459503|810485|810487|810488|810524|810544|810545|810546|810547|812179|812180|812181|917633|941042|941044|941046|941050|941051|941052|941055
stabili-27f4e09f-9480-5a1e-a3e3-e97403ba7afe,queens-2024-p80-r4,ambiguous,manual_review,"195-10 67th Avenue, Queens, NY 11365",4071170020,,,"195-00 67 Avenue, Queens, NY 11365",source_bbl_found_in_official_nyc_data|parcel_has_multiple_unresolved_hpd_buildings,815164|842770|842772|997723
stabili-bb1cf75f-0f24-5fe7-92de-cec380995231,queens-2024-p80-r5,ambiguous,manual_review,"195-15 67th Avenue, Queens, NY 11365",4071170006,,,"194-05 67 Avenue, Queens, NY 11365",source_bbl_found_in_official_nyc_data|parcel_has_multiple_unresolved_hpd_buildings,459503|810485|810487|810488|810524|810544|810545|810546|810547|812179|812180|812181|917633|941042|941044|941046|941050|941051|941052|941055
stabili-34906826-3a7a-529c-8191-2b22db9459ae,queens-2024-p80-r6,ambiguous,manual_review,"196-05 67th Avenue, Queens, NY 11365",4071170006,,,"194-05 67 Avenue, Queens, NY 11365",source_bbl_found_in_official_nyc_data|parcel_has_multiple_unresolved_hpd_buildings,459503|810485|810487|810488|810524|810544|810545|810546|810547|812179|812180|812181|917633|941042|941044|941046|941050|941051|941052|941055
stabili-466fa53f-bc7a-5fb2-a1a6-4badf67cd6f7,queens-2024-p80-r7,ambiguous,manual_review,"198-01 67th Avenue, Queens, NY 11365",4071170006,,,"194-05 67 Avenue, Queens, NY 11365",source_bbl_found_in_official_nyc_data|parcel_has_multiple_unresolved_hpd_buildings,459503|810485|810487|810488|810524|810544|810545|810546|810547|812179|812180|812181|917633|941042|941044|941046|941050|941051|941052|941055
stabili-c3a31a46-6c1c-5f47-bf59-8f5f08da42f3,queens-2024-p80-r13,ambiguous,manual_review,"188-20 69th Avenue, Queens, NY 11365",4071170002,,,"189-15 73 Avenue, Queens, NY 11365",source_bbl_found_in_official_nyc_data|parcel_has_multiple_unresolved_hpd_buildings,470045|810593|810595|810596|810597|810630|810631|810632|811061|812186|812188|812189|812190|812191|812192|812193|812194|812195|870821|940952
stabili-ce718367-3eed-5a75-a64a-567c912906fb,queens-2024-p80-r14,ambiguous,manual_review,"188-35 69th Avenue, Queens, NY 11365",4071170003,,,"188-02 64 Avenue, Queens, NY 11365",source_bbl_found_in_official_nyc_data|parcel_has_multiple_unresolved_hpd_buildings,455155|810483|810484|810522|810594|811062|811063|811066|811067|811068|854669|874817|909235|941013|941016|941017|941038|941041|949060|994607
stabili-932e80bc-fcba-5502-b91a-b99096eccbad,queens-2024-p80-r15,ambiguous,manual_review,"190-06 69th Avenue, Queens, NY 11365",4071170002,,,"189-15 73 Avenue, Queens, NY 11365",source_bbl_found_in_official_nyc_data|parcel_has_multiple_unresolved_hpd_buildings,470045|810593|810595|810596|810597|810630|810631|810632|811061|812186|812188|812189|812190|812191|812192|812193|812194|812195|870821|940952
stabili-c6db6dba-1009-5813-adf4-a5d1f6b1ed77,queens-2024-p80-r16,ambiguous,manual_review,"190-17 69th Avenue, Queens, NY 11365",4071170002,,,"189-15 73 Avenue, Queens, NY 11365",source_bbl_found_in_official_nyc_data|parcel_has_multiple_unresolved_hpd_buildings,470045|810593|810595|810596|810597|810630|810631|810632|811061|812186|812188|812189|812190|812191|812192|812193|812194|812195|870821|940952
stabili-531e1bf4-86ea-521c-8560-d6ab9188557c,queens-2024-p80-r17,ambiguous,manual_review,"190-38 69th Avenue, Queens, NY 11365",4071170002,,,"189-15 73 Avenue, Queens, NY 11365",source_bbl_found_in_official_nyc_data|parcel_has_multiple_unresolved_hpd_buildings,470045|810593|810595|810596|810597|810630|810631|810632|811061|812186|812188|812189|812190|812191|812192|812193|812194|812195|870821|940952
stabili-81ece303-1963-5005-b9af-566dc73d0a84,queens-2024-p80-r18,ambiguous,manual_review,"192-10 69th Avenue, Queens, NY 11365",4071170002,,,"189-15 73 Avenue, Queens, NY 11365",source_bbl_found_in_official_nyc_data|parcel_has_multiple_unresolved_hpd_buildings,470045|810593|810595|810596|810597|810630|810631|810632|811061|812186|812188|812189|812190|812191|812192|812193|812194|812195|870821|940952
stabili-1e3bf1de-d7d9-5697-940a-c901e4d7ae9e,queens-2024-p80-r19,ambiguous,manual_review,"192-15 69th Avenue, Queens, NY 11365",4071170008,,,"67-00 192 Street, Queens, NY 11365",source_bbl_found_in_official_nyc_data|parcel_has_multiple_unresolved_hpd_buildings,459502|810543|810598|810599|811069|811070|941021|941026|941027|941028|941039|941047|944541|979134|979135|992368|992380|992381|992382|992396
stabili-00750d4c-60ce-524f-a376-83036187db35,queens-2024-p80-r20,ambiguous,manual_review,"193-15 69th Avenue, Queens, NY 11365",4071170008,,,"67-00 192 Street, Queens, NY 11365",source_bbl_found_in_official_nyc_data|parcel_has_multiple_unresolved_hpd_buildings,459502|810543|810598|810599|811069|811070|941021|941026|941027|941028|941039|941047|944541|979134|979135|992368|992380|992381|992382|992396
stabili-b4ef2099-3779-5335-8591-c22c74a70716,queens-2024-p80-r22,ambiguous,manual_review,"188-01 71st Crescent, Queens, NY 11365",4071170002,,,"189-15 73 Avenue, Queens, NY 11365",source_bbl_found_in_official_nyc_data|parcel_has_multiple_unresolved_hpd_buildings,470045|810593|810595|810596|810597|810630|810631|810632|811061|812186|812188|812189|812190|812191|812192|812193|812194|812195|870821|940952
stabili-7a128f31-2642-53f0-b763-0770923ecbb9,queens-2024-p80-r23,ambiguous,manual_review,"188-02 71st Crescent, Queens, NY 11365",4071170002,,,"189-15 73 Avenue, Queens, NY 11365",source_bbl_found_in_official_nyc_data|parcel_has_multiple_unresolved_hpd_buildings,470045|810593|810595|810596|810597|810630|810631|810632|811061|812186|812188|812189|812190|812191|812192|812193|812194|812195|870821|940952
stabili-372468b5-357d-5045-87fc-f74ed803d957,queens-2024-p80-r24,ambiguous,manual_review,"188-10 71st Crescent, Queens, NY 11365",4071170002,,,"189-15 73 Avenue, Queens, NY 11365",source_bbl_found_in_official_nyc_data|parcel_has_multiple_unresolved_hpd_buildings,470045|810593|810595|810596|810597|810630|810631|810632|811061|812186|812188|812189|812190|812191|812192|812193|812194|812195|870821|940952
stabili-8b610ae8-0865-5f99-b2c3-0b2b88090e34,queens-2024-p80-r25,ambiguous,manual_review,"188-15 71st Crescent, Queens, NY 11365",4071170002,,,"189-15 73 Avenue, Queens, NY 11365",source_bbl_found_in_official_nyc_data|parcel_has_multiple_unresolved_hpd_buildings,470045|810593|810595|810596|810597|810630|810631|810632|811061|812186|812188|812189|812190|812191|812192|812193|812194|812195|870821|940952
stabili-0a7b9941-422a-552c-97d9-56afe30a3bfa,queens-2024-p80-r26,ambiguous,manual_review,"188-25 71st Crescent, Queens, NY 11365",4071170002,,,"189-15 73 Avenue, Queens, NY 11365",source_bbl_found_in_official_nyc_data|parcel_has_multiple_unresolved_hpd_buildings,470045|810593|810595|810596|810597|810630|810631|810632|811061|812186|812188|812189|812190|812191|812192|812193|812194|812195|870821|940952
stabili-f074a41a-5f79-5f72-9e80-f7ed823ff48f,queens-2024-p80-r27,ambiguous,manual_review,"188-35 71st Crescent, Queens, NY 11365",4071170002,,,"189-15 73 Avenue, Queens, NY 11365",source_bbl_found_in_official_nyc_data|parcel_has_multiple_unresolved_hpd_buildings,470045|810593|810595|810596|810597|810630|810631|810632|811061|812186|812188|812189|812190|812191|812192|812193|812194|812195|870821|940952
stabili-bc1f2cb3-b9c1-5a2d-9f14-2517a5ea3183,queens-2024-p80-r28,ambiguous,manual_review,"188-40 71st Crescent, Queens, NY 11365",4071170002,,,"189-15 73 Avenue, Queens, NY 11365",source_bbl_found_in_official_nyc_data|parcel_has_multiple_unresolved_hpd_buildings,470045|810593|810595|810596|810597|810630|810631|810632|811061|812186|812188|812189|812190|812191|812192|812193|812194|812195|870821|940952
stabili-e02966a9-c6e3-57da-9cd4-b77ead4876bc,queens-2024-p80-r29,ambiguous,manual_review,"188-45 71st Crescent, Queens, NY 11365",4071170002,,,"189-15 73 Avenue, Queens, NY 11365",source_bbl_found_in_official_nyc_data|parcel_has_multiple_unresolved_hpd_buildings,470045|810593|810595|810596|810597|810630|810631|810632|811061|812186|812188|812189|812190|812191|812192|812193|812194|812195|870821|940952
stabili-06fb4ff8-4cfa-5880-8fdf-39cff08dd7aa,queens-2024-p80-r30,ambiguous,manual_review,"188-49 71st Crescent, Queens, NY 11365",4071170002,,,"189-15 73 Avenue, Queens, NY 11365",source_bbl_found_in_official_nyc_data|parcel_has_multiple_unresolved_hpd_buildings,470045|810593|810595|810596|810597|810630|810631|810632|811061|812186|812188|812189|812190|812191|812192|812193|812194|812195|870821|940952
stabili-b27d1afb-ba67-529e-bd06-72a6de723137,queens-2024-p80-r31,ambiguous,manual_review,"188-50 71st Crescent, Queens, NY 11365",4071170002,,,"189-15 73 Avenue, Queens, NY 11365",source_bbl_found_in_official_nyc_data|parcel_has_multiple_unresolved_hpd_buildings,470045|810593|810595|810596|810597|810630|810631|810632|811061|812186|812188|812189|812190|812191|812192|812193|812194|812195|870821|940952
stabili-a9b9a01a-025e-5b8c-a636-f9be72640d8a,queens-2024-p80-r32,ambiguous,manual_review,"190-16 71st Crescent, Queens, NY 11365",4071170002,,,"189-15 73 Avenue, Queens, NY 11365",source_bbl_found_in_official_nyc_data|parcel_has_multiple_unresolved_hpd_buildings,470045|810593|810595|810596|810597|810630|810631|810632|811061|812186|812188|812189|812190|812191|812192|812193|812194|812195|870821|940952
stabili-980935d5-dd38-5bba-97f9-a9a0239a7d8e,queens-2024-p80-r33,ambiguous,manual_review,"190-19 71st Crescent, Queens, NY 11365",4071170002,,,"189-15 73 Avenue, Queens, NY 11365",source_bbl_found_in_official_nyc_data|parcel_has_multiple_unresolved_hpd_buildings,470045|810593|810595|810596|810597|810630|810631|810632|811061|812186|812188|812189|812190|812191|812192|812193|812194|812195|870821|940952
stabili-72103fcf-c9c6-533d-8f71-f3c3a31b553c,queens-2024-p80-r34,ambiguous,manual_review,"192-04 71st Crescent, Queens, NY 11365",4071170002,,,"189-15 73 Avenue, Queens, NY 11365",source_bbl_found_in_official_nyc_data|parcel_has_multiple_unresolved_hpd_buildings|primary_address_matches_2_hpd_buildings,470045|810593|810595|810596|810597|810630|810631|810632|811061|812186|812188|812189|812190|812191|812192|812193|812194|812195|870821|940952
stabili-eaf7cfd4-f160-5570-8fd6-fece7afb17a0,queens-2024-p80-r35,ambiguous,manual_review,"192-15 71st Crescent, Queens, NY 11365",4071170002,,,"189-15 73 Avenue, Queens, NY 11365",source_bbl_found_in_official_nyc_data|parcel_has_multiple_unresolved_hpd_buildings,470045|810593|810595|810596|810597|810630|810631|810632|811061|812186|812188|812189|812190|812191|812192|812193|812194|812195|870821|940952
stabili-3ad76982-c55d-522c-975f-a1fce2f3565c,queens-2024-p80-r36,ambiguous,manual_review,"192-16 71st Crescent, Queens, NY 11365",4071170002,,,"189-15 73 Avenue, Queens, NY 11365",source_bbl_found_in_official_nyc_data|parcel_has_multiple_unresolved_hpd_buildings,470045|810593|810595|810596|810597|810630|810631|810632|811061|812186|812188|812189|812190|812191|812192|812193|812194|812195|870821|940952
stabili-e5b47154-adba-5baa-922b-d24f2f3f8469,queens-2024-p80-r37,ambiguous,manual_review,"192-35 71st Crescent, Queens, NY 11365",4071170002,,,"189-15 73 Avenue, Queens, NY 11365",source_bbl_found_in_official_nyc_data|parcel_has_multiple_unresolved_hpd_buildings,470045|810593|810595|810596|810597|810630|810631|810632|811061|812186|812188|812189|812190|812191|812192|812193|812194|812195|870821|940952
stabili-10fddc0a-e745-58d5-9c6c-7904792102a1,queens-2024-p80-r38,ambiguous,manual_review,"192-40 71st Crescent, Queens, NY 11365",4071170002,,,"189-15 73 Avenue, Queens, NY 11365",source_bbl_found_in_official_nyc_data|parcel_has_multiple_unresolved_hpd_buildings,470045|810593|810595|810596|810597|810630|810631|810632|811061|812186|812188|812189|812190|812191|812192|812193|812194|812195|870821|940952
stabili-642b55dc-d944-5d61-a5f2-94a7d8a2468f,queens-2024-p80-r39,ambiguous,manual_review,"192-45 71st Crescent, Queens, NY 11365",4071170002,,,"189-15 73 Avenue, Queens, NY 11365",source_bbl_found_in_official_nyc_data|parcel_has_multiple_unresolved_hpd_buildings,470045|810593|810595|810596|810597|810630|810631|810632|811061|812186|812188|812189|812190|812191|812192|812193|812194|812195|870821|940952
stabili-145cfb77-8404-5040-80cd-f82a5e0efd45,queens-2024-p80-r40,ambiguous,manual_review,"192-50 71st Crescent, Queens, NY 11365",4071170002,,,"189-15 73 Avenue, Queens, NY 11365",source_bbl_found_in_official_nyc_data|parcel_has_multiple_unresolved_hpd_buildings,470045|810593|810595|810596|810597|810630|810631|810632|811061|812186|812188|812189|812190|812191|812192|812193|812194|812195|870821|940952
stabili-735c2e5b-72a2-5770-8b99-f1546571314a,queens-2024-p80-r41,ambiguous,manual_review,"192-65 71st Crescent, Queens, NY 11365",4071170002,,,"189-15 73 Avenue, Queens, NY 11365",source_bbl_found_in_official_nyc_data|parcel_has_multiple_unresolved_hpd_buildings,470045|810593|810595|810596|810597|810630|810631|810632|811061|812186|812188|812189|812190|812191|812192|812193|812194|812195|870821|940952
stabili-d9d66b4a-5e15-55c3-99bc-d6a5317d8edb,queens-2024-p80-r46,ambiguous,manual_review,"71-02–71-48 Parsons Boulevard, Queens, NY 11365",4067930126,,,"154-02 71 Avenue, Queens, NY 11367",source_bbl_found_in_official_nyc_data|parcel_has_multiple_unresolved_hpd_buildings|primary_address_matches_19_hpd_buildings,466702|879206|879232|879238|879240|879243|879244|879245|879246|879250|879252|879253|879256|879262|879263|879264|879266|879267|879269|879271
stabili-ec7d2732-a3be-5e59-a13e-443168fb42c2,queens-2024-p80-r48,ambiguous,manual_review,"195-10 Peck Avenue, Queens, NY 11365",4071170300,,,"188-00 Peck Avenue, Queens, NY 11365",source_bbl_found_in_official_nyc_data|parcel_has_multiple_unresolved_hpd_buildings,810486|810523|811072|811073|811758|812176|812177|872870|924448|935631|936842|941072|941077|941084|941087|941088|949080|950255|997562|997815
stabili-30e8b913-de5d-5abf-8adc-73da6eb9a6d9,queens-2024-p80-r49,ambiguous,manual_review,"195-20 Peck Avenue, Queens, NY 11365",4071170300,,,"188-00 Peck Avenue, Queens, NY 11365",source_bbl_found_in_official_nyc_data|parcel_has_multiple_unresolved_hpd_buildings,810486|810523|811072|811073|811758|812176|812177|872870|924448|935631|936842|941072|941077|941084|941087|941088|949080|950255|997562|997815
stabili-7f449eb1-9955-5baa-abee-3a963f933a08,queens-2024-p80-r50,ambiguous,manual_review,"195-30 Peck Avenue, Queens, NY 11365",4071170300,,,"188-00 Peck Avenue, Queens, NY 11365",source_bbl_found_in_official_nyc_data|parcel_has_multiple_unresolved_hpd_buildings,810486|810523|811072|811073|811758|812176|812177|872870|924448|935631|936842|941072|941077|941084|941087|941088|949080|950255|997562|997815
stabili-77094abe-5654-59e5-9f9e-a707115ef43a,queens-2024-p80-r51,ambiguous,manual_review,"195-40 Peck Avenue, Queens, NY 11365",4071170300,,,"188-00 Peck Avenue, Queens, NY 11365",source_bbl_found_in_official_nyc_data|parcel_has_multiple_unresolved_hpd_buildings,810486|810523|811072|811073|811758|812176|812177|872870|924448|935631|936842|941072|941077|941084|941087|941088|949080|950255|997562|997815
stabili-14349a5f-9d76-50ed-b138-cbc2b75b9364,queens-2024-p80-r52,ambiguous,manual_review,"195-60 Peck Avenue, Queens, NY 11365",4071170300,,,"188-00 Peck Avenue, Queens, NY 11365",source_bbl_found_in_official_nyc_data|parcel_has_multiple_unresolved_hpd_buildings,810486|810523|811072|811073|811758|812176|812177|872870|924448|935631|936842|941072|941077|941084|941087|941088|949080|950255|997562|997815
stabili-193ac2f5-767e-5e09-b52a-e5444a500505,queens-2024-p80-r53,ambiguous,manual_review,"197-20 Peck Avenue, Queens, NY 11365",4071170006,,,"194-05 67 Avenue, Queens, NY 11365",source_bbl_found_in_official_nyc_data|parcel_has_multiple_unresolved_hpd_buildings,459503|810485|810487|810488|810524|810544|810545|810546|810547|812179|812180|812181|917633|941042|941044|941046|941050|941051|941052|941055
stabili-da92917c-974c-52bb-8210-e108454c27a0,queens-2024-p80-r54,ambiguous,manual_review,"197-40 Peck Avenue, Queens, NY 11365",4071170006,,,"194-05 67 Avenue, Queens, NY 11365",source_bbl_found_in_official_nyc_data|parcel_has_multiple_unresolved_hpd_buildings,459503|810485|810487|810488|810524|810544|810545|810546|810547|812179|812180|812181|917633|941042|941044|941046|941050|941051|941052|941055
stabili-d3052c5d-4a54-5f66-9a4c-8902a2e21c09,queens-2024-p80-r55,ambiguous,manual_review,"197-50 Peck Avenue, Queens, NY 11365",4071170006,,,"194-05 67 Avenue, Queens, NY 11365",source_bbl_found_in_official_nyc_data|parcel_has_multiple_unresolved_hpd_buildings,459503|810485|810487|810488|810524|810544|810545|810546|810547|812179|812180|812181|917633|941042|941044|941046|941050|941051|941052|941055
stabili-262ebab3-4ebb-5136-bedf-5dc56ae9218f,queens-2024-p80-r56,ambiguous,manual_review,"197-70 Peck Avenue, Queens, NY 11365",4071170006,,,"194-05 67 Avenue, Queens, NY 11365",source_bbl_found_in_official_nyc_data|parcel_has_multiple_unresolved_hpd_buildings,459503|810485|810487|810488|810524|810544|810545|810546|810547|812179|812180|812181|917633|941042|941044|941046|941050|941051|941052|941055
stabili-adcfd84d-ab61-5cec-83c7-08c2257e2120,queens-2024-p81-r1,ambiguous,manual_review,"197-80 Peck Avenue, Queens, NY 11365",4071170006,,,"194-05 67 Avenue, Queens, NY 11365",source_bbl_found_in_official_nyc_data|parcel_has_multiple_unresolved_hpd_buildings,459503|810485|810487|810488|810524|810544|810545|810546|810547|812179|812180|812181|917633|941042|941044|941046|941050|941051|941052|941055
stabili-040f3ff7-ff38-5452-af53-694fb7e599a5,queens-2024-p81-r2,ambiguous,manual_review,"56-03 Utopia Parkway, Queens, NY 11365",4056697501,,,"5603A Utopia Parkway, Queens, NY 11365",source_bbl_found_in_official_nyc_data|parcel_has_multiple_unresolved_hpd_buildings,582542|582552|701180|701186
stabili-9abfe7b4-2540-540f-9dec-4d9bb4361da9,queens-2024-p81-r11,ambiguous,manual_review,"189-15 73rd Avenue, Queens, NY 11366",4071170002,,,"189-15 73 Avenue, Queens, NY 11365",source_bbl_found_in_official_nyc_data|parcel_has_multiple_unresolved_hpd_buildings,470045|810593|810595|810596|810597|810630|810631|810632|811061|812186|812188|812189|812190|812191|812192|812193|812194|812195|870821|940952
stabili-1a645701-79a4-57ce-9baf-cc30379d69ba,queens-2024-p81-r12,ambiguous,manual_review,"190-15 73rd Avenue, Queens, NY 11366",4071170002,,,"189-15 73 Avenue, Queens, NY 11365",source_bbl_found_in_official_nyc_data|parcel_has_multiple_unresolved_hpd_buildings,470045|810593|810595|810596|810597|810630|810631|810632|811061|812186|812188|812189|812190|812191|812192|812193|812194|812195|870821|940952
stabili-5de49538-8b5f-59be-809c-e996bcae893c,queens-2024-p81-r13,ambiguous,manual_review,"192-05 73rd Avenue, Queens, NY 11366",4071170002,,,"189-15 73 Avenue, Queens, NY 11365",source_bbl_found_in_official_nyc_data|parcel_has_multiple_unresolved_hpd_buildings,470045|810593|810595|810596|810597|810630|810631|810632|811061|812186|812188|812189|812190|812191|812192|812193|812194|812195|870821|940952
stabili-d6c90daa-1de4-55a3-8a59-df6c0a694251,queens-2024-p81-r14,ambiguous,manual_review,"193-01 73rd Avenue, Queens, NY 11366",4071170002,,,"189-15 73 Avenue, Queens, NY 11365",source_bbl_found_in_official_nyc_data|parcel_has_multiple_unresolved_hpd_buildings,470045|810593|810595|810596|810597|810630|810631|810632|811061|812186|812188|812189|812190|812191|812192|812193|812194|812195|870821|940952
stabili-6b5905c5-ee12-567c-890e-a7513cfe22d6,queens-2024-p81-r15,ambiguous,manual_review,"193-15 73rd Avenue, Queens, NY 11366",4071170002,,,"189-15 73 Avenue, Queens, NY 11365",source_bbl_found_in_official_nyc_data|parcel_has_multiple_unresolved_hpd_buildings,470045|810593|810595|810596|810597|810630|810631|810632|811061|812186|812188|812189|812190|812191|812192|812193|812194|812195|870821|940952
stabili-87fb45aa-2664-547a-a10e-698815f2713c,queens-2024-p81-r16,ambiguous,manual_review,"196-11–196-73 73rd Avenue, Queens, NY 11366",4071170401,,,"196-14 69 Avenue, Queens, NY 11365",source_bbl_found_in_official_nyc_data|parcel_has_multiple_unresolved_hpd_buildings|primary_address_matches_6_hpd_buildings,462669|917349|917361|917363|917379|917388|917400|917405|917416|917424|917439|917441|917751|917756
stabili-b8020cdd-31bf-5307-aeac-a12b3f6efe89,queens-2024-p81-r31,ambiguous,manual_review,"67-05–67-79 136th Street, Queens, NY 11367",4064820003,,,"136-51 Park Drive East, Queens, NY 11367",source_bbl_found_in_official_nyc_data|parcel_has_multiple_unresolved_hpd_buildings|primary_address_matches_11_hpd_buildings,461435|810590|810858|810859|914176|914180|914184|914185|914186|914211|914216|914219|914223|914241|914246|914292|914362|914363|914370|914433
stabili-4929c061-f523-5660-baeb-696baadf1c17,queens-2024-p81-r32,ambiguous,manual_review,"67-27 136th Street, Queens, NY 11367",4064820003,,,"136-51 Park Drive East, Queens, NY 11367",source_bbl_found_in_official_nyc_data|parcel_has_multiple_unresolved_hpd_buildings,461435|810590|810858|810859|914176|914180|914184|914185|914186|914211|914216|914219|914223|914241|914246|914292|914362|914363|914370|914433
stabili-a2a38736-10ec-5e50-8c09-d8049d5be0fd,queens-2024-p81-r33,ambiguous,manual_review,"69-51–69-91 136th Street, Queens, NY 11367",4065740030,,,"69-81 136 Street, Queens, NY 11367",source_bbl_found_in_official_nyc_data|parcel_has_multiple_unresolved_hpd_buildings|primary_address_matches_3_hpd_buildings,548815|942130|942131|942150|942162
stabili-2c7753cd-454b-5c64-bb0e-12c9fcfda830,queens-2024-p81-r34,ambiguous,manual_review,"69-58 136th Street, Queens, NY 11367",4065487501,,,"134 Jewel Avenue, Queens, NY 11367",source_bbl_found_in_official_nyc_data|parcel_has_multiple_unresolved_hpd_buildings,468175|548812|548817|669172|686796|686798|686799|686800|686802|894783|898177|899002|917015|919657|919662|919663|919669|919675|919681|919685
stabili-1e35c2c7-4754-5b99-9358-b82a471e46a1,queens-2024-p81-r35,ambiguous,manual_review,"69-64 136th Street, Queens, NY 11367",4065487501,,,"134 Jewel Avenue, Queens, NY 11367",source_bbl_found_in_official_nyc_data|parcel_has_multiple_unresolved_hpd_buildings,468175|548812|548817|669172|686796|686798|686799|686800|686802|894783|898177|899002|917015|919657|919662|919663|919669|919675|919681|919685
stabili-57de9503-7b44-563d-b2a9-b67d7dc912c8,queens-2024-p81-r36,ambiguous,manual_review,"69-74 136th Street, Queens, NY 11367",4065487501,,,"134 Jewel Avenue, Queens, NY 11367",source_bbl_found_in_official_nyc_data|parcel_has_multiple_unresolved_hpd_buildings,468175|548812|548817|669172|686796|686798|686799|686800|686802|894783|898177|899002|917015|919657|919662|919663|919669|919675|919681|919685
stabili-38f33eae-2b43-5651-bde3-f3057e5d7735,queens-2024-p81-r37,ambiguous,manual_review,"69-86 136th Street, Queens, NY 11367",4065487501,,,"134 Jewel Avenue, Queens, NY 11367",source_bbl_found_in_official_nyc_data|parcel_has_multiple_unresolved_hpd_buildings,468175|548812|548817|669172|686796|686798|686799|686800|686802|894783|898177|899002|917015|919657|919662|919663|919669|919675|919681|919685
stabili-a5bd3650-cc20-5f3e-988e-0cdd77a4a034,queens-2024-p81-r38,ambiguous,manual_review,"70-10 136th Street, Queens, NY 11367",4065487501,,,"134 Jewel Avenue, Queens, NY 11367",source_bbl_found_in_official_nyc_data|parcel_has_multiple_unresolved_hpd_buildings,468175|548812|548817|669172|686796|686798|686799|686800|686802|894783|898177|899002|917015|919657|919662|919663|919669|919675|919681|919685
stabili-9950fd9a-66ba-5b86-90f1-bc51d2e1506b,queens-2024-p81-r42,ambiguous,manual_review,"68-23 138th Street, Queens, NY 11367",4064840002,,,"138-40 Jewel Avenue, Queens, NY 11367",source_bbl_found_in_official_nyc_data|parcel_has_multiple_unresolved_hpd_buildings,461437|810863|924830|924849|925124|925141|925168|925169|937785|937786|937787
stabili-8f28928d-8cef-534c-91a5-67596a1257dc,queens-2024-p81-r49,ambiguous,manual_review,"68-26 140th Street, Queens, NY 11367",4064840002,,,"138-40 Jewel Avenue, Queens, NY 11367",source_bbl_found_in_official_nyc_data|parcel_has_multiple_unresolved_hpd_buildings,461437|810863|924830|924849|925124|925141|925168|925169|937785|937786|937787
stabili-8cef697b-d10d-53d7-896a-63f172fe7eca,queens-2024-p81-r50,ambiguous,manual_review,"68-56 140th Street, Queens, NY 11367",4064850003,,,"68-09 138 Street, Queens, NY 11367",source_bbl_found_in_official_nyc_data|parcel_has_multiple_unresolved_hpd_buildings,669177|810865|810870|811566|819428|866527|885932|924585|924596|924602|924603|924786|924787|924820|924827|924876|924880|924883|924994|924995
stabili-77a7650d-d9fd-503e-a9de-b91dc3637871,queens-2024-p81-r51,ambiguous,manual_review,"68-60 140th Street, Queens, NY 11367",4064850003,,,"68-09 138 Street, Queens, NY 11367",source_bbl_found_in_official_nyc_data|parcel_has_multiple_unresolved_hpd_buildings,669177|810865|810870|811566|819428|866527|885932|924585|924596|924602|924603|924786|924787|924820|924827|924876|924880|924883|924994|924995
stabili-f69ecff8-efe7-53fb-88f0-6783f0c72018,queens-2024-p81-r56,ambiguous,manual_review,"78-05–78-15 141st Street, Queens, NY 11367",4066310001,,,"141-24 78 Avenue, Queens, NY 11367",source_bbl_found_in_official_nyc_data|parcel_has_multiple_unresolved_hpd_buildings|primary_address_matches_2_hpd_buildings,478002|986399|986400|986401|986402|986403|986404|986405|986406|986407|986409|986410|986411|986417|986418|986419|986420|986421|986422
stabili-00f18a0c-1979-5d7f-9ff1-4c5f80905365,queens-2024-p82-r1,ambiguous,manual_review,"78-05–78-15 141st Street, Queens, NY 11367",4066310001,,,"141-24 78 Avenue, Queens, NY 11367",source_bbl_found_in_official_nyc_data|parcel_has_multiple_unresolved_hpd_buildings|primary_address_matches_2_hpd_buildings,478002|986399|986400|986401|986402|986403|986404|986405|986406|986407|986409|986410|986411|986417|986418|986419|986420|986421|986422
stabili-7d71521f-4097-5e36-a416-34dc743dd650,queens-2024-p82-r3,ambiguous,manual_review,"71-01–71-41 147th Street, Queens, NY 11367",4066770001,,,"71-01 150 Street, Queens, NY 11367",source_bbl_found_in_official_nyc_data|parcel_has_multiple_unresolved_hpd_buildings|primary_address_matches_5_hpd_buildings,466683|844650|844651|844652|844653|844654|844655|844659|844660|844661|844662|844663|844664|844665|844666|844667|844668|844670|844671|844673
stabili-483cf550-d5c5-5409-b67e-9b845c6db6c3,queens-2024-p82-r4,ambiguous,manual_review,"71-08–71-40 147th Street, Queens, NY 11367",4066580039,,,"144-36 71 Avenue, Queens, NY 11367",source_bbl_found_in_official_nyc_data|parcel_has_multiple_unresolved_hpd_buildings|primary_address_matches_2_hpd_buildings,466679|846211|846213|846215|846216|846218|846219|846220|846221|846222|846223
stabili-5aa30b27-971d-5b89-b145-eaa7a6ee6294,queens-2024-p82-r5,ambiguous,manual_review,"78-04–78-16 147th Street, Queens, NY 11367",4066700001,,,"78-11 Main Street, Queens, NY 11367",source_bbl_found_in_official_nyc_data|parcel_has_multiple_unresolved_hpd_buildings|primary_address_matches_3_hpd_buildings,677033|810674|810881|812205|927326|927357|927359|927361|927366|927369|927370|927373|927374
stabili-ea4536aa-2cd8-5343-b5c1-bef4655dd4d5,queens-2024-p82-r6,ambiguous,manual_review,"78-32–78-42 147th Street, Queens, NY 11367",4066710001,,,"78-37 Main Street, Queens, NY 11367",source_bbl_found_in_official_nyc_data|parcel_has_multiple_unresolved_hpd_buildings|primary_address_matches_3_hpd_buildings,677034|810675|810690|810882|927308|927310|927314|927315|927317|927318|927320|927321|927322|927323
stabili-96d49d38-0e2b-5c34-b3cd-99eba9c8abc7,queens-2024-p82-r13,ambiguous,manual_review,"67-09–67-31 150th Street, Queens, NY 11367",4065400003,,,"150-10 Melbourne Avenue, Queens, NY 11367",source_bbl_found_in_official_nyc_data|parcel_has_multiple_unresolved_hpd_buildings|primary_address_matches_4_hpd_buildings,678728|918823|918830|918832|918845|918851|918853|918855|918897|918913|918917|918923|918952|918964|918969|919139|919141|919146|919154|919165
stabili-54739ba3-2185-5573-92e3-d19dfa5d8a42,queens-2024-p82-r14,ambiguous,manual_review,"67-10–67-36 150th Street, Queens, NY 11367",4065370028,,,"149-24 Melbourne Avenue, Queens, NY 11367",source_bbl_found_in_official_nyc_data|parcel_has_multiple_unresolved_hpd_buildings|primary_address_matches_2_hpd_buildings,678727|919394|919398|919491|919499|919523|919540|919547|919548|919554|919556|919570|919580|919582|919585|919597|919622
stabili-93709f11-19bd-5b8e-9d8d-393146ee4666,queens-2024-p82-r15,ambiguous,manual_review,"67-38–67-66 150th Street, Queens, NY 11367",4065370028,,,"149-24 Melbourne Avenue, Queens, NY 11367",source_bbl_found_in_official_nyc_data|parcel_has_multiple_unresolved_hpd_buildings|primary_address_matches_4_hpd_buildings,678727|919394|919398|919491|919499|919523|919540|919547|919548|919554|919556|919570|919580|919582|919585|919597|919622
stabili-78713eba-c01f-5cf1-b414-4d51830d7d2f,queens-2024-p82-r16,ambiguous,manual_review,"67-40–67-88 150th Street, Queens, NY 11367",4065370028,,,"149-24 Melbourne Avenue, Queens, NY 11367",source_bbl_found_in_official_nyc_data|parcel_has_multiple_unresolved_hpd_buildings|primary_address_matches_5_hpd_buildings,678727|919394|919398|919491|919499|919523|919540|919547|919548|919554|919556|919570|919580|919582|919585|919597|919622
stabili-a436da4b-3414-51e2-9992-799d75f63708,queens-2024-p82-r17,ambiguous,manual_review,"68-01–68-41 150th Street, Queens, NY 11367",4065400003,,,"150-10 Melbourne Avenue, Queens, NY 11367",source_bbl_found_in_official_nyc_data|parcel_has_multiple_unresolved_hpd_buildings|primary_address_matches_2_hpd_buildings,678728|918823|918830|918832|918845|918851|918853|918855|918897|918913|918917|918923|918952|918964|918969|919139|919141|919146|919154|919165
stabili-ea187208-775d-529d-a19b-9e5c42304642,queens-2024-p82-r18,ambiguous,manual_review,"68-14–68-28 150th Street, Queens, NY 11367",4065400003,,,"150-10 Melbourne Avenue, Queens, NY 11367",source_bbl_found_in_official_nyc_data|parcel_has_multiple_unresolved_hpd_buildings,678728|918823|918830|918832|918845|918851|918853|918855|918897|918913|918917|918923|918952|918964|918969|919139|919141|919146|919154|919165
stabili-dc3de247-8a28-5667-9527-0c9e79a5ed45,queens-2024-p82-r19,ambiguous,manual_review,"69-25–69-39 150th Street, Queens, NY 11367",4066560063,,,"70-04 Kissena Boulevard, Queens, NY 11367",source_bbl_found_in_official_nyc_data|parcel_has_multiple_unresolved_hpd_buildings|primary_address_matches_2_hpd_buildings,465654|811567|819437|819438|819439|819440|819441|819442|819443|819445|819447|819449|819478|819484|880930|918385|918407|918411|918415|918420
stabili-821aea44-9b70-5b47-983b-7aff1da0511b,queens-2024-p82-r21,ambiguous,manual_review,"71-02–71-44 150th Street, Queens, NY 11367",4066770001,,,"71-01 150 Street, Queens, NY 11367",source_bbl_found_in_official_nyc_data|parcel_has_multiple_unresolved_hpd_buildings|primary_address_matches_3_hpd_buildings,466683|844650|844651|844652|844653|844654|844655|844659|844660|844661|844662|844663|844664|844665|844666|844667|844668|844670|844671|844673
stabili-1be7e5c4-0a43-56e0-8845-c61e049c8ecc,queens-2024-p82-r22,ambiguous,manual_review,"72-31–72-35 150th Street, Queens, NY 11367",4067010001,,,"150-16 72 Road, Queens, NY 11367",source_bbl_found_in_official_nyc_data|parcel_has_multiple_unresolved_hpd_buildings|primary_address_matches_2_hpd_buildings,468610|810615|810621|810622|810885|810914|900687|948737|948738|948740|948741|948742
stabili-f51a05a6-99d8-5f80-a2dc-35c906f621dd,queens-2024-p82-r23,ambiguous,manual_review,"72-60–72-64 150th Street, Queens, NY 11367",4066810001,,,"72-60 150 Street, Queens, NY 11367",source_bbl_found_in_official_nyc_data|parcel_has_multiple_unresolved_hpd_buildings|primary_address_matches_2_hpd_buildings,561284|810613|810623|972489|972490|972493
stabili-5af97596-6ee2-5071-8c85-16f34caf66ac,queens-2024-p82-r24,ambiguous,manual_review,"72-61–72-65 150th Street, Queens, NY 11367",4067020001,,,"150-18 72 Drive, Queens, NY 11367",source_bbl_found_in_official_nyc_data|parcel_has_multiple_unresolved_hpd_buildings|primary_address_matches_2_hpd_buildings,468611|810616|810624|810626|810886|810916|948743|948744|948745|948746|948747|948748
stabili-32ffad03-0b11-5b75-b3a7-ba146adaf398,queens-2024-p82-r25,ambiguous,manual_review,"73-05–73-11 150th Street, Queens, NY 11367",4067030002,,,"150-16 73 Avenue, Queens, NY 11367",source_bbl_found_in_official_nyc_data|parcel_has_multiple_unresolved_hpd_buildings|primary_address_matches_2_hpd_buildings,469859|810625|810643|810644|810887|810918|948779|948780|948781|948791|948792|948793
stabili-878afe8c-3fd1-527f-a733-c7d1df936d2f,queens-2024-p82-r26,ambiguous,manual_review,"73-06–73-12 150th Street, Queens, NY 11367",4066820018,,,"147-40 73 Avenue, Queens, NY 11367",source_bbl_found_in_official_nyc_data|parcel_has_multiple_unresolved_hpd_buildings|primary_address_matches_2_hpd_buildings,469858|810642|810888|948790|972491|972502
stabili-de907032-cc76-5f2c-897e-b639e2674343,queens-2024-p82-r28,ambiguous,manual_review,"75-05–75-11 150th Street, Queens, NY 11367",4067040001,,,"150-18 75 Avenue, Queens, NY 11367",source_bbl_found_in_official_nyc_data|parcel_has_multiple_unresolved_hpd_buildings|primary_address_matches_2_hpd_buildings,472068|810645|810654|810889|810919|812200|948794|948795|948797|948800|948801|948802
stabili-6d9a5463-55c2-5c5d-87cd-e626d5c5061e,queens-2024-p82-r34,ambiguous,manual_review,"67-30–67-48 152nd Street, Queens, NY 11367",4065400003,,,"150-10 Melbourne Avenue, Queens, NY 11367",source_bbl_found_in_official_nyc_data|parcel_has_multiple_unresolved_hpd_buildings|primary_address_matches_4_hpd_buildings,678728|918823|918830|918832|918845|918851|918853|918855|918897|918913|918917|918923|918952|918964|918969|919139|919141|919146|919154|919165
stabili-820c04da-7f82-5c76-8212-0bb81a1a70f9,queens-2024-p82-r35,ambiguous,manual_review,"67-39–67-71 152nd Street, Queens, NY 11367",4065420003,,,"69-18 Melbourne Avenue, Queens, NY 11367",source_bbl_found_in_official_nyc_data|parcel_has_multiple_unresolved_hpd_buildings|primary_address_matches_5_hpd_buildings,561699|819492|919126|919159|919162|919170|919173|919202|919218|919220|919228|919237|919246|919346|919367|919370|919372|919391|919393
stabili-51823f43-acb9-51ec-87f0-1082be679247,queens-2024-p82-r36,ambiguous,manual_review,"72-21–72-25 153rd Street, Queens, NY 11367",4068030002,,,"72-24 Kissena Boulevard, Queens, NY 11367",source_bbl_found_in_official_nyc_data|parcel_has_multiple_unresolved_hpd_buildings|primary_address_matches_2_hpd_buildings,671421|810627|810628|810913|810915|948754|948756|948762|948764|948766
stabili-a62685be-f881-5794-a181-856708140dd8,queens-2024-p82-r37,ambiguous,manual_review,"72-22–72-28 153rd Street, Queens, NY 11367",4067010001,,,"150-16 72 Road, Queens, NY 11367",source_bbl_found_in_official_nyc_data|parcel_has_multiple_unresolved_hpd_buildings|primary_address_matches_2_hpd_buildings,468610|810615|810621|810622|810885|810914|900687|948737|948738|948740|948741|948742
stabili-6363a4b2-30f3-5aeb-896b-1dd68570dee9,queens-2024-p82-r38,ambiguous,manual_review,"72-45–72-49 153rd Street, Queens, NY 11367",4068030002,,,"72-24 Kissena Boulevard, Queens, NY 11367",source_bbl_found_in_official_nyc_data|parcel_has_multiple_unresolved_hpd_buildings|primary_address_matches_2_hpd_buildings,671421|810627|810628|810913|810915|948754|948756|948762|948764|948766
stabili-45e20c34-aa87-54f4-af07-c98780ed6ad9,queens-2024-p82-r39,ambiguous,manual_review,"72-50–72-54 153rd Street, Queens, NY 11367",4067020001,,,"150-18 72 Drive, Queens, NY 11367",source_bbl_found_in_official_nyc_data|parcel_has_multiple_unresolved_hpd_buildings|primary_address_matches_2_hpd_buildings,468611|810616|810624|810626|810886|810916|948743|948744|948745|948746|948747|948748
stabili-f9d9b381-2401-5608-822c-4a62032ba1eb,queens-2024-p82-r40,ambiguous,manual_review,"73-07–73-11 153rd Street, Queens, NY 11367",4068070002,,,"73-07 153 Street, Queens, NY 11367",source_bbl_found_in_official_nyc_data|parcel_has_multiple_unresolved_hpd_buildings|primary_address_matches_2_hpd_buildings,469860|810629|810646|810648|810917|948813|948814|948815|948816|948817
stabili-813a2e9d-e624-5e25-9ba3-96e4e155ecce,queens-2024-p82-r41,ambiguous,manual_review,"73-08–73-12 153rd Street, Queens, NY 11367",4067030002,,,"150-16 73 Avenue, Queens, NY 11367",source_bbl_found_in_official_nyc_data|parcel_has_multiple_unresolved_hpd_buildings|primary_address_matches_2_hpd_buildings,469859|810625|810643|810644|810887|810918|948779|948780|948781|948791|948792|948793
stabili-4bad0cf4-f345-5734-bb56-5e3fc37114c8,queens-2024-p82-r42,ambiguous,manual_review,"75-06–75-10 153rd Street, Queens, NY 11367",4067040001,,,"150-18 75 Avenue, Queens, NY 11367",source_bbl_found_in_official_nyc_data|parcel_has_multiple_unresolved_hpd_buildings|primary_address_matches_2_hpd_buildings,472068|810645|810654|810889|810919|812200|948794|948795|948797|948800|948801|948802
stabili-d49a7f79-1093-5c78-bdc1-361e99d8b693,queens-2024-p82-r43,ambiguous,manual_review,"75-25 153rd Street, Queens, NY 11367",4068090001,,,"75-25 153 Street, Queens, NY 11367",source_bbl_found_in_official_nyc_data|parcel_has_multiple_unresolved_hpd_buildings|primary_address_matches_2_hpd_buildings,841719|855868
stabili-678c44dd-bf22-5d58-83a8-827d7e1da249,queens-2024-p82-r44,ambiguous,manual_review,"137-01–137-56 68th Drive, Queens, NY 11367",4064940003,,,"69-42 Jewel Avenue, Queens, NY 11367",source_bbl_found_in_official_nyc_data|parcel_has_multiple_unresolved_hpd_buildings|primary_address_matches_3_hpd_buildings,461436|810864|810866|811565|819377|819416|875648|889132|904346|913680|913684|913687|913701|913707|913708|913711|913724|913729|913730|913746
stabili-355f5e95-7f46-552d-8e78-b7529f75cf6c,queens-2024-p82-r48,ambiguous,manual_review,"138-52 68th Drive, Queens, NY 11367",4064850003,,,"68-09 138 Street, Queens, NY 11367",source_bbl_found_in_official_nyc_data|parcel_has_multiple_unresolved_hpd_buildings,669177|810865|810870|811566|819428|866527|885932|924585|924596|924602|924603|924786|924787|924820|924827|924876|924880|924883|924994|924995
stabili-d7efbbc6-df88-5df8-9402-e11b19cedfe9,queens-2024-p82-r49,ambiguous,manual_review,"138-56 68th Drive, Queens, NY 11367",4064850003,,,"68-09 138 Street, Queens, NY 11367",source_bbl_found_in_official_nyc_data|parcel_has_multiple_unresolved_hpd_buildings,669177|810865|810870|811566|819428|866527|885932|924585|924596|924602|924603|924786|924787|924820|924827|924876|924880|924883|924994|924995
stabili-baa775e8-45a2-5b12-942c-d0ca74167535,queens-2024-p82-r54,ambiguous,manual_review,"150-25–150-47 70th Road, Queens, NY 11367",4066560063,,,"70-04 Kissena Boulevard, Queens, NY 11367",source_bbl_found_in_official_nyc_data|parcel_has_multiple_unresolved_hpd_buildings|primary_address_matches_5_hpd_buildings,465654|811567|819437|819438|819439|819440|819441|819442|819443|819445|819447|819449|819478|819484|880930|918385|918407|918411|918415|918420
stabili-aa91d8e3-9477-5252-851f-f5d8dce2a485,queens-2024-p82-r55,ambiguous,manual_review,"150-65–150-87 70th Road, Queens, NY 11367",4066560063,,,"70-04 Kissena Boulevard, Queens, NY 11367",source_bbl_found_in_official_nyc_data|parcel_has_multiple_unresolved_hpd_buildings|primary_address_matches_2_hpd_buildings,465654|811567|819437|819438|819439|819440|819441|819442|819443|819445|819447|819449|819478|819484|880930|918385|918407|918411|918415|918420
stabili-4a781782-d90a-5abb-93fa-3d240a8400e4,queens-2024-p82-r56,ambiguous,manual_review,"144-24–144-40 71st Road, Queens, NY 11367",4066590021,,,"144-42 71 Road, Queens, NY 11367",source_bbl_found_in_official_nyc_data|parcel_has_multiple_unresolved_hpd_buildings|primary_address_matches_6_hpd_buildings,467273|844710|844711|844715|844716|844717|844718|844719|844724|844726|844727|844728|844731|844732|844733|844734|844735|844736|844737
stabili-60066ce4-9ac6-5ad8-81f0-5baf9335bd4d,queens-2024-p83-r1,ambiguous,manual_review,"144-36–144-48 71st Avenue, Queens, NY 11367",4066580039,,,"144-36 71 Avenue, Queens, NY 11367",source_bbl_found_in_official_nyc_data|parcel_has_multiple_unresolved_hpd_buildings|primary_address_matches_5_hpd_buildings,466679|846211|846213|846215|846216|846218|846219|846220|846221|846222|846223
stabili-6f955b5b-6b4a-57e6-ab3c-6473eef7835b,queens-2024-p83-r2,ambiguous,manual_review,"147-03–147-27 71st Avenue, Queens, NY 11367",4066760020,,,"147-03 71 Avenue, Queens, NY 11367",source_bbl_found_in_official_nyc_data|parcel_has_multiple_unresolved_hpd_buildings|primary_address_matches_8_hpd_buildings,466682|846173|846174|846175|846177|846178|846182|846183|846196
stabili-befcd6fb-e899-5025-a61b-294e54eaacf1,queens-2024-p83-r3,ambiguous,manual_review,"147-09–147-53 71st Road, Queens, NY 11367",4066770001,,,"71-01 150 Street, Queens, NY 11367",source_bbl_found_in_official_nyc_data|parcel_has_multiple_unresolved_hpd_buildings|primary_address_matches_16_hpd_buildings,466683|844650|844651|844652|844653|844654|844655|844659|844660|844661|844662|844663|844664|844665|844666|844667|844668|844670|844671|844673
stabili-32fc5e75-105c-51af-8dc7-1e22cec1c536,queens-2024-p83-r5,ambiguous,manual_review,"147-10–147-54 71st Avenue, Queens, NY 11367",4066770001,,,"71-01 150 Street, Queens, NY 11367",source_bbl_found_in_official_nyc_data|parcel_has_multiple_unresolved_hpd_buildings|primary_address_matches_12_hpd_buildings,466683|844650|844651|844652|844653|844654|844655|844659|844660|844661|844662|844663|844664|844665|844666|844667|844668|844670|844671|844673
stabili-a173455f-e5e4-5cc6-abbb-54ac02f3fc0e,queens-2024-p83-r6,ambiguous,manual_review,"147-12–147-54 71st Road, Queens, NY 11367",4066780001,,,"71-27 147 Street, Queens, NY 11367",source_bbl_found_in_official_nyc_data|parcel_has_multiple_unresolved_hpd_buildings|primary_address_matches_9_hpd_buildings,467274|844581|844589|844590|844591|844592|844593|844594|844597|844598|844600|844603|844607|844608|844611|844613|844616|844620|844624|844625
stabili-061fc87e-f321-55bf-9f49-d6dc679cc9be,queens-2024-p83-r7,ambiguous,manual_review,"147-37–147-41 71st Avenue, Queens, NY 11367",4066760019,,,"147-37 71 Avenue, Queens, NY 11367",source_bbl_found_in_official_nyc_data|parcel_has_multiple_unresolved_hpd_buildings|primary_address_matches_3_hpd_buildings,466684|846224|846227
stabili-0d18eeb6-007d-5f77-9ff5-c8312f8d981a,queens-2024-p83-r12,ambiguous,manual_review,"154-02–154-92 71st Avenue, Queens, NY 11367",4067930126,,,"154-02 71 Avenue, Queens, NY 11367",source_bbl_found_in_official_nyc_data|parcel_has_multiple_unresolved_hpd_buildings|primary_address_matches_25_hpd_buildings,466702|879206|879232|879238|879240|879243|879244|879245|879246|879250|879252|879253|879256|879262|879263|879264|879266|879267|879269|879271
stabili-002de59d-0de9-5d95-a495-48000ec32168,queens-2024-p83-r13,ambiguous,manual_review,"144-16–144-46 72nd Avenue, Queens, NY 11367",4066600040,,,"144-16 Vleigh Place, Queens, NY 11367",source_bbl_found_in_official_nyc_data|parcel_has_multiple_unresolved_hpd_buildings|primary_address_matches_10_hpd_buildings,468280|922717|922719|922721|922722|922723|922724|922725|922729|922730
stabili-37505374-4fa4-5fa6-8ea9-3529ae7f33e9,queens-2024-p83-r14,ambiguous,manual_review,"144-25–144-39 72nd Avenue, Queens, NY 11367",4066590021,,,"144-42 71 Road, Queens, NY 11367",source_bbl_found_in_official_nyc_data|parcel_has_multiple_unresolved_hpd_buildings|primary_address_matches_5_hpd_buildings,467273|844710|844711|844715|844716|844717|844718|844719|844724|844726|844727|844728|844731|844732|844733|844734|844735|844736|844737
stabili-d3ab660d-39d9-5b90-93b4-12f05aecf96b,queens-2024-p83-r16,ambiguous,manual_review,"144-43 72nd Drive, Queens, NY 11367",4066610036,,,"144-43 72 Drive, Queens, NY 11367",source_bbl_found_in_official_nyc_data|parcel_has_multiple_unresolved_hpd_buildings|primary_address_matches_2_hpd_buildings,468568|884621
stabili-7b9b927c-bc4d-5490-ad1b-1de48a4dd351,queens-2024-p83-r17,ambiguous,manual_review,"147-07–147-11 72nd Road, Queens, NY 11367",4066790006,,,"147-07 72 Road, Queens, NY 11367",source_bbl_found_in_official_nyc_data|parcel_has_multiple_unresolved_hpd_buildings|primary_address_matches_2_hpd_buildings,468936|810617|810619|972494|972496|972500|980849
stabili-10c3b64f-6b75-5b79-9e2a-89d1170bfcf8,queens-2024-p83-r18,ambiguous,manual_review,"147-08–147-12 72nd Road, Queens, NY 11367",4066800001,,,"147-08 72 Road, Queens, NY 11367",source_bbl_found_in_official_nyc_data|parcel_has_multiple_unresolved_hpd_buildings|primary_address_matches_2_hpd_buildings,468937|810614|810618|810620|895367|972486|972487|972488
stabili-be38696d-c67b-575d-8413-81e0063ee898,queens-2024-p83-r19,ambiguous,manual_review,"147-09–147-53 72nd Avenue, Queens, NY 11367",4066780001,,,"71-27 147 Street, Queens, NY 11367",source_bbl_found_in_official_nyc_data|parcel_has_multiple_unresolved_hpd_buildings|primary_address_matches_11_hpd_buildings,467274|844581|844589|844590|844591|844592|844593|844594|844597|844598|844600|844603|844607|844608|844611|844613|844616|844620|844624|844625
stabili-2a440ce9-bcde-51f8-b361-ec90cdf65784,queens-2024-p83-r20,ambiguous,manual_review,"147-10–147-50 72nd Avenue, Queens, NY 11367",4066790001,,,"147-04 72 Avenue, Queens, NY 11367",source_bbl_found_in_official_nyc_data|parcel_has_multiple_unresolved_hpd_buildings|primary_address_matches_11_hpd_buildings,468281|922742|922752|922759|922766|922767|922769|922777|922793|922827|922829|922831|922833|922847|969103|969104
stabili-4fd22b1f-1b6d-553d-8ffd-59d452ba52b3,queens-2024-p83-r21,ambiguous,manual_review,"147-27–147-31 72nd Road, Queens, NY 11367",4066790006,,,"147-07 72 Road, Queens, NY 11367",source_bbl_found_in_official_nyc_data|parcel_has_multiple_unresolved_hpd_buildings|primary_address_matches_2_hpd_buildings,468936|810617|810619|972494|972496|972500|980849
stabili-3b4c65b6-ecb8-52a5-8f07-f0eb0cfc0fa7,queens-2024-p83-r22,ambiguous,manual_review,"147-28–147-32 72nd Road, Queens, NY 11367",4066800001,,,"147-08 72 Road, Queens, NY 11367",source_bbl_found_in_official_nyc_data|parcel_has_multiple_unresolved_hpd_buildings|primary_address_matches_2_hpd_buildings,468937|810614|810618|810620|895367|972486|972487|972488
stabili-827926fc-a62e-5fbf-8558-a9191eb4f324,queens-2024-p83-r23,ambiguous,manual_review,"147-46–147-50 72nd Drive, Queens, NY 11367",4066810001,,,"72-60 150 Street, Queens, NY 11367",source_bbl_found_in_official_nyc_data|parcel_has_multiple_unresolved_hpd_buildings|primary_address_matches_2_hpd_buildings,561284|810613|810623|972489|972490|972493
stabili-9d1e7290-0b5a-5c77-b120-86d126b9f772,queens-2024-p83-r24,ambiguous,manual_review,"147-47–147-51 72nd Road, Queens, NY 11367",4066790006,,,"147-07 72 Road, Queens, NY 11367",source_bbl_found_in_official_nyc_data|parcel_has_multiple_unresolved_hpd_buildings|primary_address_matches_2_hpd_buildings,468936|810617|810619|972494|972496|972500|980849
stabili-01aa1cbc-9756-5b82-8715-b0fb4e2d2d3b,queens-2024-p83-r25,ambiguous,manual_review,"147-48–147-52 72nd Road, Queens, NY 11367",4066800001,,,"147-08 72 Road, Queens, NY 11367",source_bbl_found_in_official_nyc_data|parcel_has_multiple_unresolved_hpd_buildings|primary_address_matches_2_hpd_buildings,468937|810614|810618|810620|895367|972486|972487|972488
stabili-c87ee72c-502c-5241-b9b5-9ec709bc3316,queens-2024-p83-r26,ambiguous,manual_review,"147-49–147-53 72nd Drive, Queens, NY 11367",4066800001,,,"147-08 72 Road, Queens, NY 11367",source_bbl_found_in_official_nyc_data|parcel_has_multiple_unresolved_hpd_buildings|primary_address_matches_2_hpd_buildings,468937|810614|810618|810620|895367|972486|972487|972488
stabili-f3217da7-e633-5d9b-853e-db1c4bd96231,queens-2024-p83-r29,ambiguous,manual_review,"150-15–150-19 72nd Drive, Queens, NY 11367",4067010001,,,"150-16 72 Road, Queens, NY 11367",source_bbl_found_in_official_nyc_data|parcel_has_multiple_unresolved_hpd_buildings|primary_address_matches_2_hpd_buildings,468610|810615|810621|810622|810885|810914|900687|948737|948738|948740|948741|948742
stabili-755a2676-d31f-574e-b326-d0d522832b81,queens-2024-p83-r30,ambiguous,manual_review,"150-16–150-20 72nd Road, Queens, NY 11367",4067010001,,,"150-16 72 Road, Queens, NY 11367",source_bbl_found_in_official_nyc_data|parcel_has_multiple_unresolved_hpd_buildings|primary_address_matches_2_hpd_buildings,468610|810615|810621|810622|810885|810914|900687|948737|948738|948740|948741|948742
stabili-2b7a21f1-f577-5714-ac91-2d75ee2f2ca3,queens-2024-p83-r31,ambiguous,manual_review,"150-18–150-22 72nd Drive, Queens, NY 11367",4067020001,,,"150-18 72 Drive, Queens, NY 11367",source_bbl_found_in_official_nyc_data|parcel_has_multiple_unresolved_hpd_buildings|primary_address_matches_2_hpd_buildings,468611|810616|810624|810626|810886|810916|948743|948744|948745|948746|948747|948748
stabili-47f9339d-27ed-567c-b71f-9dbf4e101629,queens-2024-p83-r34,ambiguous,manual_review,"150-39–150-43 72nd Drive, Queens, NY 11367",4067010001,,,"150-16 72 Road, Queens, NY 11367",source_bbl_found_in_official_nyc_data|parcel_has_multiple_unresolved_hpd_buildings|primary_address_matches_2_hpd_buildings,468610|810615|810621|810622|810885|810914|900687|948737|948738|948740|948741|948742
stabili-aeed76b9-23e1-54ec-87de-cf54dcf7c375,queens-2024-p83-r35,ambiguous,manual_review,"150-40–150-44 72nd Road, Queens, NY 11367",4067010001,,,"150-16 72 Road, Queens, NY 11367",source_bbl_found_in_official_nyc_data|parcel_has_multiple_unresolved_hpd_buildings|primary_address_matches_2_hpd_buildings,468610|810615|810621|810622|810885|810914|900687|948737|948738|948740|948741|948742
stabili-688d98b2-2268-53d7-a831-f71aab02f5e1,queens-2024-p83-r36,ambiguous,manual_review,"150-42–150-46 72nd Drive, Queens, NY 11367",4067020001,,,"150-18 72 Drive, Queens, NY 11367",source_bbl_found_in_official_nyc_data|parcel_has_multiple_unresolved_hpd_buildings|primary_address_matches_2_hpd_buildings,468611|810616|810624|810626|810886|810916|948743|948744|948745|948746|948747|948748
stabili-f476887d-d060-57bb-8a2e-0d85823d6bba,queens-2024-p83-r37,ambiguous,manual_review,"147-39–147-43 73rd Avenue, Queens, NY 11367",4066810001,,,"72-60 150 Street, Queens, NY 11367",source_bbl_found_in_official_nyc_data|parcel_has_multiple_unresolved_hpd_buildings|primary_address_matches_2_hpd_buildings,561284|810613|810623|972489|972490|972493
stabili-ff3145aa-11eb-5558-a368-bee67b7687c3,queens-2024-p83-r38,ambiguous,manual_review,"147-40–147-44 73rd Avenue, Queens, NY 11367",4066820018,,,"147-40 73 Avenue, Queens, NY 11367",source_bbl_found_in_official_nyc_data|parcel_has_multiple_unresolved_hpd_buildings|primary_address_matches_2_hpd_buildings,469858|810642|810888|948790|972491|972502
stabili-1cb7271a-006e-503a-8d40-25b21bd44194,queens-2024-p83-r39,ambiguous,manual_review,"150-16–150-20 73rd Avenue, Queens, NY 11367",4067030002,,,"150-16 73 Avenue, Queens, NY 11367",source_bbl_found_in_official_nyc_data|parcel_has_multiple_unresolved_hpd_buildings|primary_address_matches_2_hpd_buildings,469859|810625|810643|810644|810887|810918|948779|948780|948781|948791|948792|948793
stabili-90873ec9-fe89-5d35-955e-5bb3d3e831ca,queens-2024-p83-r40,ambiguous,manual_review,"150-19–150-23 73rd Avenue, Queens, NY 11367",4067020001,,,"150-18 72 Drive, Queens, NY 11367",source_bbl_found_in_official_nyc_data|parcel_has_multiple_unresolved_hpd_buildings|primary_address_matches_2_hpd_buildings,468611|810616|810624|810626|810886|810916|948743|948744|948745|948746|948747|948748
stabili-1eb0e453-0760-52ea-a049-8b64d4d20e99,queens-2024-p83-r41,ambiguous,manual_review,"150-40–150-44 73rd Avenue, Queens, NY 11367",4067030002,,,"150-16 73 Avenue, Queens, NY 11367",source_bbl_found_in_official_nyc_data|parcel_has_multiple_unresolved_hpd_buildings|primary_address_matches_2_hpd_buildings,469859|810625|810643|810644|810887|810918|948779|948780|948781|948791|948792|948793
stabili-e6beda06-180c-5b80-8d2e-1bc99b965cd0,queens-2024-p83-r42,ambiguous,manual_review,"150-41–150-45 73rd Avenue, Queens, NY 11367",4067020001,,,"150-18 72 Drive, Queens, NY 11367",source_bbl_found_in_official_nyc_data|parcel_has_multiple_unresolved_hpd_buildings|primary_address_matches_2_hpd_buildings,468611|810616|810624|810626|810886|810916|948743|948744|948745|948746|948747|948748
stabili-901e3bd6-3a05-5d63-b97d-d0b9140b2966,queens-2024-p83-r43,ambiguous,manual_review,"153-07–153-11 73rd Avenue, Queens, NY 11367",4068030002,,,"72-24 Kissena Boulevard, Queens, NY 11367",source_bbl_found_in_official_nyc_data|parcel_has_multiple_unresolved_hpd_buildings|primary_address_matches_2_hpd_buildings,671421|810627|810628|810913|810915|948754|948756|948762|948764|948766
stabili-70e84d55-a7a0-52df-8bb3-af6c41bba2ec,queens-2024-p83-r44,ambiguous,manual_review,"153-14–153-18 73rd Avenue, Queens, NY 11367",4068070002,,,"73-07 153 Street, Queens, NY 11367",source_bbl_found_in_official_nyc_data|parcel_has_multiple_unresolved_hpd_buildings|primary_address_matches_2_hpd_buildings,469860|810629|810646|810648|810917|948813|948814|948815|948816|948817
stabili-c49ca41c-d67a-5772-82c4-c42aae1f5e69,queens-2024-p83-r45,ambiguous,manual_review,"153-27–153-31 73rd Avenue, Queens, NY 11367",4068030002,,,"72-24 Kissena Boulevard, Queens, NY 11367",source_bbl_found_in_official_nyc_data|parcel_has_multiple_unresolved_hpd_buildings|primary_address_matches_2_hpd_buildings,671421|810627|810628|810913|810915|948754|948756|948762|948764|948766
stabili-69866225-33fc-5410-ab6a-62e804c287d0,queens-2024-p83-r46,ambiguous,manual_review,"153-32–153-36 73rd Avenue, Queens, NY 11367",4068070002,,,"73-07 153 Street, Queens, NY 11367",source_bbl_found_in_official_nyc_data|parcel_has_multiple_unresolved_hpd_buildings|primary_address_matches_2_hpd_buildings,469860|810629|810646|810648|810917|948813|948814|948815|948816|948817
stabili-db78d2e6-3c33-5d72-889f-dc966b8ae27d,queens-2024-p83-r51,ambiguous,manual_review,"147-41–147-45 75th Avenue, Queens, NY 11367",4066820018,,,"147-40 73 Avenue, Queens, NY 11367",source_bbl_found_in_official_nyc_data|parcel_has_multiple_unresolved_hpd_buildings|primary_address_matches_2_hpd_buildings,469858|810642|810888|948790|972491|972502
stabili-5fff5128-dd5b-540e-b89f-dde2db3cc904,queens-2024-p83-r55,ambiguous,manual_review,"150-15–150-21 75th Avenue, Queens, NY 11367",4067030002,,,"150-16 73 Avenue, Queens, NY 11367",source_bbl_found_in_official_nyc_data|parcel_has_multiple_unresolved_hpd_buildings|primary_address_matches_2_hpd_buildings,469859|810625|810643|810644|810887|810918|948779|948780|948781|948791|948792|948793
stabili-8e7cfa19-c550-5ead-a7b5-1853bb322d2a,queens-2024-p83-r56,ambiguous,manual_review,"150-17–150-21 75th Road, Queens, NY 11367",4067040001,,,"150-18 75 Avenue, Queens, NY 11367",source_bbl_found_in_official_nyc_data|parcel_has_multiple_unresolved_hpd_buildings|primary_address_matches_2_hpd_buildings,472068|810645|810654|810889|810919|812200|948794|948795|948797|948800|948801|948802
stabili-cc734053-e53b-5518-a5ea-74314117e91b,queens-2024-p84-r1,ambiguous,manual_review,"150-18–150-24 75th Avenue, Queens, NY 11367",4067040001,,,"150-18 75 Avenue, Queens, NY 11367",source_bbl_found_in_official_nyc_data|parcel_has_multiple_unresolved_hpd_buildings|primary_address_matches_2_hpd_buildings,472068|810645|810654|810889|810919|812200|948794|948795|948797|948800|948801|948802
stabili-9c490c4f-0c7b-5858-a43e-2542c2df6ebf,queens-2024-p84-r2,ambiguous,manual_review,"150-39–150-43 75th Avenue, Queens, NY 11367",4067030002,,,"150-16 73 Avenue, Queens, NY 11367",source_bbl_found_in_official_nyc_data|parcel_has_multiple_unresolved_hpd_buildings|primary_address_matches_2_hpd_buildings,469859|810625|810643|810644|810887|810918|948779|948780|948781|948791|948792|948793
stabili-ddc3eefb-5ae7-5f15-8717-9bfb4106e985,queens-2024-p84-r3,ambiguous,manual_review,"150-41–150-47 75th Road, Queens, NY 11367",4067040001,,,"150-18 75 Avenue, Queens, NY 11367",source_bbl_found_in_official_nyc_data|parcel_has_multiple_unresolved_hpd_buildings|primary_address_matches_2_hpd_buildings,472068|810645|810654|810889|810919|812200|948794|948795|948797|948800|948801|948802
stabili-79dfdd83-e391-597a-a76e-2abb0e2a4905,queens-2024-p84-r4,ambiguous,manual_review,"150-42–150-48 75th Avenue, Queens, NY 11367",4067040001,,,"150-18 75 Avenue, Queens, NY 11367",source_bbl_found_in_official_nyc_data|parcel_has_multiple_unresolved_hpd_buildings|primary_address_matches_2_hpd_buildings,472068|810645|810654|810889|810919|812200|948794|948795|948797|948800|948801|948802
stabili-3417420e-d0f4-58e8-839f-88c9e72c7aa2,queens-2024-p84-r5,ambiguous,manual_review,"153-04–153-10 75th Avenue, Queens, NY 11367",4068080025,,,"153-04 75 Avenue, Queens, NY 11367",source_bbl_found_in_official_nyc_data|parcel_has_multiple_unresolved_hpd_buildings|primary_address_matches_2_hpd_buildings,472069|810647|810649|811645|948804|948805|948806|948807|1015528
stabili-af254004-6e48-5db6-b7a1-3e81fdffb670,queens-2024-p84-r6,ambiguous,manual_review,"153-15–153-19 75th Avenue, Queens, NY 11367",4068070002,,,"73-07 153 Street, Queens, NY 11367",source_bbl_found_in_official_nyc_data|parcel_has_multiple_unresolved_hpd_buildings|primary_address_matches_2_hpd_buildings,469860|810629|810646|810648|810917|948813|948814|948815|948816|948817
stabili-acf09363-4875-5079-8e91-d81927f41eec,queens-2024-p84-r7,ambiguous,manual_review,"153-28–153-32 75th Avenue, Queens, NY 11367",4068080025,,,"153-04 75 Avenue, Queens, NY 11367",source_bbl_found_in_official_nyc_data|parcel_has_multiple_unresolved_hpd_buildings|primary_address_matches_2_hpd_buildings,472069|810647|810649|811645|948804|948805|948806|948807|1015528
stabili-5e8e04b5-4b33-5ef9-99bf-602cbec6a3d9,queens-2024-p84-r8,ambiguous,manual_review,"153-31–153-35 75th Avenue, Queens, NY 11367",4068070002,,,"73-07 153 Street, Queens, NY 11367",source_bbl_found_in_official_nyc_data|parcel_has_multiple_unresolved_hpd_buildings|primary_address_matches_2_hpd_buildings,469860|810629|810646|810648|810917|948813|948814|948815|948816|948817
stabili-9ffbbd72-6aa7-56a9-99e7-6b473a44432f,queens-2024-p84-r9,ambiguous,manual_review,"153-50–153-54 75th Avenue, Queens, NY 11367",4068080025,,,"153-04 75 Avenue, Queens, NY 11367",source_bbl_found_in_official_nyc_data|parcel_has_multiple_unresolved_hpd_buildings|primary_address_matches_2_hpd_buildings,472069|810647|810649|811645|948804|948805|948806|948807|1015528
stabili-c1505e46-5bf6-5729-b832-01411dd842a5,queens-2024-p84-r21,ambiguous,manual_review,"141-20 77th Road, Queens, NY 11367",4066300015,,,"141-33 78 Avenue, Queens, NY 11367",source_bbl_found_in_official_nyc_data|parcel_has_multiple_unresolved_hpd_buildings,836426|836428|836456|836460
stabili-54245163-9e9a-50e1-9daf-82009ab28b1e,queens-2024-p84-r23,ambiguous,manual_review,"144-04–144-40 77th Road, Queens, NY 11367",4066690007,,,"144-04 77 Road, Queens, NY 11367",source_bbl_found_in_official_nyc_data|parcel_has_multiple_unresolved_hpd_buildings|primary_address_matches_4_hpd_buildings,476534|1015098|1015099|1015100
stabili-861974f7-76a9-5396-867b-b86ab34260c2,queens-2024-p84-r31,ambiguous,manual_review,"144-35 77th Road, Queens, NY 11367",4066680028,,,"144-11 77 Road, Queens, NY 11367",source_bbl_found_in_official_nyc_data|parcel_has_multiple_unresolved_hpd_buildings,476535|835294|835362|835363|835364|835368|981776|981783|994008
stabili-c2e902d8-4e75-5746-b9bc-71af4f6628eb,queens-2024-p84-r42,ambiguous,manual_review,"141-02–141-48 78th Road, Queens, NY 11367",4066320001,,,"141-48 78 Road, Queens, NY 11367",source_bbl_found_in_official_nyc_data|parcel_has_multiple_unresolved_hpd_buildings|primary_address_matches_7_hpd_buildings,478553|860110|888303|893296|986423|986424|986425|986426|986427|986428|986429|986430|986431|986459|986460|986461|986462|986464|986465
stabili-18898c4d-b79f-5689-8f8e-504f96f3e7ff,queens-2024-p84-r43,ambiguous,manual_review,"141-02–141-48 78th Avenue, Queens, NY 11367",4066310001,,,"141-24 78 Avenue, Queens, NY 11367",source_bbl_found_in_official_nyc_data|parcel_has_multiple_unresolved_hpd_buildings|primary_address_matches_6_hpd_buildings,478002|986399|986400|986401|986402|986403|986404|986405|986406|986407|986409|986410|986411|986417|986418|986419|986420|986421|986422
stabili-e85e31fc-2879-5fc2-b04f-ac674580cfd1,queens-2024-p84-r44,ambiguous,manual_review,"141-23 78th Avenue, Queens, NY 11367",4066300015,,,"141-33 78 Avenue, Queens, NY 11367",source_bbl_found_in_official_nyc_data|parcel_has_multiple_unresolved_hpd_buildings|primary_address_matches_2_hpd_buildings,836426|836428|836456|836460
stabili-b5a105ed-1cc6-5021-9669-33ba92bae91b,queens-2024-p84-r46,ambiguous,manual_review,"141-29 78th Avenue, Queens, NY 11367",4066300015,,,"141-33 78 Avenue, Queens, NY 11367",source_bbl_found_in_official_nyc_data|parcel_has_multiple_unresolved_hpd_buildings|primary_address_matches_2_hpd_buildings,836426|836428|836456|836460
stabili-e812935d-f905-5339-8fd0-6878fd0423a7,queens-2024-p84-r49,ambiguous,manual_review,"144-01–144-16 78th Road, Queens, NY 11367",4066700001,,,"78-11 Main Street, Queens, NY 11367",source_bbl_found_in_official_nyc_data|parcel_has_multiple_unresolved_hpd_buildings|primary_address_matches_2_hpd_buildings,677033|810674|810881|812205|927326|927357|927359|927361|927366|927369|927370|927373|927374
stabili-d2b6a678-bfe6-5b77-b499-9f146f352331,queens-2024-p84-r50,ambiguous,manual_review,"144-15–144-35 78th Road, Queens, NY 11367",4066700001,,,"78-11 Main Street, Queens, NY 11367",source_bbl_found_in_official_nyc_data|parcel_has_multiple_unresolved_hpd_buildings|primary_address_matches_3_hpd_buildings,677033|810674|810881|812205|927326|927357|927359|927361|927366|927369|927370|927373|927374
stabili-a39964be-bca2-5216-a337-ff4df601face,queens-2024-p84-r51,ambiguous,manual_review,"144-16–144-34 78th Road, Queens, NY 11367",4066710001,,,"78-37 Main Street, Queens, NY 11367",source_bbl_found_in_official_nyc_data|parcel_has_multiple_unresolved_hpd_buildings|primary_address_matches_4_hpd_buildings,677034|810675|810690|810882|927308|927310|927314|927315|927317|927318|927320|927321|927322|927323
stabili-cf5e0dd6-0a5c-5d2e-9288-9d44e800b8cd,queens-2024-p84-r52,ambiguous,manual_review,"144-18–144-36 78th Avenue, Queens, NY 11367",4066700001,,,"78-11 Main Street, Queens, NY 11367",source_bbl_found_in_official_nyc_data|parcel_has_multiple_unresolved_hpd_buildings|primary_address_matches_4_hpd_buildings,677033|810674|810881|812205|927326|927357|927359|927361|927366|927369|927370|927373|927374
stabili-2d741f5a-842e-5e12-b7fc-27e97f9d6345,queens-2024-p84-r53,ambiguous,manual_review,"144-18–144-36 78th Avenue, Queens, NY 11367",4066700001,,,"78-11 Main Street, Queens, NY 11367",source_bbl_found_in_official_nyc_data|parcel_has_multiple_unresolved_hpd_buildings|primary_address_matches_4_hpd_buildings,677033|810674|810881|812205|927326|927357|927359|927361|927366|927369|927370|927373|927374
stabili-d3208d99-55ba-5d58-b5d8-cd9ecae3f1a8,queens-2024-p84-r55,ambiguous,manual_review,"141-02–141-48 79th Avenue, Queens, NY 11367",4066330001,,,"141-02 79 Avenue, Queens, NY 11367",source_bbl_found_in_official_nyc_data|parcel_has_multiple_unresolved_hpd_buildings|primary_address_matches_7_hpd_buildings,480135|986466|986467|986469|986470|986471|986472|986473|986474|986475|986476|986477|986480|986481|986482|986483|986487|986488|1009428
stabili-3ea7b46b-c899-5f2b-9eca-79877c54bfa6,queens-2024-p84-r56,ambiguous,manual_review,"144-17–144-37 79th Avenue, Queens, NY 11367",4066710001,,,"78-37 Main Street, Queens, NY 11367",source_bbl_found_in_official_nyc_data|parcel_has_multiple_unresolved_hpd_buildings|primary_address_matches_4_hpd_buildings,677034|810675|810690|810882|927308|927310|927314|927315|927317|927318|927320|927321|927322|927323
stabili-72459834-ebb7-59be-b870-7c50d8109776,queens-2024-p85-r6,ambiguous,manual_review,"153-01–153-27 Horace Harding Expressway, Queens, NY 11367",4064410044,,,"153-01 Horace Harding Expressway, Queens, NY 11367",source_bbl_found_in_official_nyc_data|parcel_has_multiple_unresolved_hpd_buildings|primary_address_matches_4_hpd_buildings,665466|811551|811552|990948|990950
stabili-e069bc7d-179a-5e7e-b38f-2b210602c943,queens-2024-p85-r7,ambiguous,manual_review,"135-01–135-57 Jewel Avenue, Queens, NY 11367",4064930003,,,"135-01 Jewel Avenue, Queens, NY 11367",source_bbl_found_in_official_nyc_data|parcel_has_multiple_unresolved_hpd_buildings|primary_address_matches_6_hpd_buildings,669173|810860|810861|819375|819376|884243|908964|911485|913989|914000|914069|914112|914114|914115|914157|914784|914797|914802
stabili-c5c1130b-230d-50c1-85bd-f362adb1191b,queens-2024-p85-r10,ambiguous,manual_review,"138-06–138-32 Jewel Avenue, Queens, NY 11367",4065950032,,,"139-06 Jewel Avenue, Queens, NY 11367",source_bbl_found_in_official_nyc_data|parcel_has_multiple_unresolved_hpd_buildings|primary_address_matches_9_hpd_buildings,669175|819417|819419|819421|819422|819424|819425|819426|819427|936070
stabili-0734375e-665e-5b22-89cc-f0f3757e7453,queens-2024-p85-r12,ambiguous,manual_review,"138-21 Jewel Avenue, Queens, NY 11367",4064850003,,,"68-09 138 Street, Queens, NY 11367",source_bbl_found_in_official_nyc_data|parcel_has_multiple_unresolved_hpd_buildings,669177|810865|810870|811566|819428|866527|885932|924585|924596|924602|924603|924786|924787|924820|924827|924876|924880|924883|924994|924995
stabili-226b7c91-7d30-5554-8be7-f7e84809f915,queens-2024-p85-r13,ambiguous,manual_review,"138-29–138-67 Jewel Avenue, Queens, NY 11367",4064850003,,,"68-09 138 Street, Queens, NY 11367",source_bbl_found_in_official_nyc_data|parcel_has_multiple_unresolved_hpd_buildings|primary_address_matches_10_hpd_buildings,669177|810865|810870|811566|819428|866527|885932|924585|924596|924602|924603|924786|924787|924820|924827|924876|924880|924883|924994|924995
stabili-ed173bdc-e465-5af6-ad64-f3c30e2ed36f,queens-2024-p85-r19,ambiguous,manual_review,"150-06–150-28 Jewel Avenue, Queens, NY 11367",4066560063,,,"70-04 Kissena Boulevard, Queens, NY 11367",source_bbl_found_in_official_nyc_data|parcel_has_multiple_unresolved_hpd_buildings|primary_address_matches_5_hpd_buildings,465654|811567|819437|819438|819439|819440|819441|819442|819443|819445|819447|819449|819478|819484|880930|918385|918407|918411|918415|918420
stabili-264c5f5a-dce2-58a1-9fa2-d313ad9e68ce,queens-2024-p85-r21,ambiguous,manual_review,"150-30–150-52 Jewel Avenue, Queens, NY 11367",4066560063,,,"70-04 Kissena Boulevard, Queens, NY 11367",source_bbl_found_in_official_nyc_data|parcel_has_multiple_unresolved_hpd_buildings|primary_address_matches_7_hpd_buildings,465654|811567|819437|819438|819439|819440|819441|819442|819443|819445|819447|819449|819478|819484|880930|918385|918407|918411|918415|918420
stabili-983e8850-18f6-5eb4-99fc-da58a60fe29d,queens-2024-p85-r23,ambiguous,manual_review,"152-05–152-23 Jewel Avenue, Queens, NY 11367",4065420003,,,"69-18 Melbourne Avenue, Queens, NY 11367",source_bbl_found_in_official_nyc_data|parcel_has_multiple_unresolved_hpd_buildings|primary_address_matches_2_hpd_buildings,561699|819492|919126|919159|919162|919170|919173|919202|919218|919220|919228|919237|919246|919346|919367|919370|919372|919391|919393
stabili-f701a7fb-c89c-5ca9-83c5-45f194431614,queens-2024-p85-r24,ambiguous,manual_review,"152-06–152-16 Jewel Avenue, Queens, NY 11367",4066560063,,,"70-04 Kissena Boulevard, Queens, NY 11367",source_bbl_found_in_official_nyc_data|parcel_has_multiple_unresolved_hpd_buildings|primary_address_matches_4_hpd_buildings,465654|811567|819437|819438|819439|819440|819441|819442|819443|819445|819447|819449|819478|819484|880930|918385|918407|918411|918415|918420
stabili-c4dbeaa7-3e2e-5654-9853-1d7070ad8ec1,queens-2024-p85-r25,ambiguous,manual_review,"152-18–152-46 Jewel Avenue, Queens, NY 11367",4066560063,,,"70-04 Kissena Boulevard, Queens, NY 11367",source_bbl_found_in_official_nyc_data|parcel_has_multiple_unresolved_hpd_buildings|primary_address_matches_3_hpd_buildings,465654|811567|819437|819438|819439|819440|819441|819442|819443|819445|819447|819449|819478|819484|880930|918385|918407|918411|918415|918420
stabili-5d37398e-6eed-50c5-b15e-a1496f47c66d,queens-2024-p85-r26,ambiguous,manual_review,"152-25–152-47 Jewel Avenue, Queens, NY 11367",4065420003,,,"69-18 Melbourne Avenue, Queens, NY 11367",source_bbl_found_in_official_nyc_data|parcel_has_multiple_unresolved_hpd_buildings|primary_address_matches_3_hpd_buildings,561699|819492|919126|919159|919162|919170|919173|919202|919218|919220|919228|919237|919246|919346|919367|919370|919372|919391|919393
stabili-7e7c764c-2608-5eae-a9f0-7220213536f8,queens-2024-p85-r27,ambiguous,manual_review,"152-48–152-68 Jewel Avenue, Queens, NY 11367",4066560063,,,"70-04 Kissena Boulevard, Queens, NY 11367",source_bbl_found_in_official_nyc_data|parcel_has_multiple_unresolved_hpd_buildings|primary_address_matches_2_hpd_buildings,465654|811567|819437|819438|819439|819440|819441|819442|819443|819445|819447|819449|819478|819484|880930|918385|918407|918411|918415|918420
stabili-25758ab3-298c-5199-8259-737f9a6b7099,queens-2024-p85-r28,ambiguous,manual_review,"152-49–152-59 Jewel Avenue, Queens, NY 11367",4065420003,,,"69-18 Melbourne Avenue, Queens, NY 11367",source_bbl_found_in_official_nyc_data|parcel_has_multiple_unresolved_hpd_buildings|primary_address_matches_2_hpd_buildings,561699|819492|919126|919159|919162|919170|919173|919202|919218|919220|919228|919237|919246|919346|919367|919370|919372|919391|919393
stabili-e4a55951-0d62-5b5e-a9f6-d9db1218f214,queens-2024-p85-r29,ambiguous,manual_review,"152-61–152-79 Jewel Avenue, Queens, NY 11367",4065420003,,,"69-18 Melbourne Avenue, Queens, NY 11367",source_bbl_found_in_official_nyc_data|parcel_has_multiple_unresolved_hpd_buildings,561699|819492|919126|919159|919162|919170|919173|919202|919218|919220|919228|919237|919246|919346|919367|919370|919372|919391|919393
stabili-61044752-15ba-562e-b349-5f0a9bd5b8e4,queens-2024-p85-r30,ambiguous,manual_review,"152-83–152-85 Jewel Avenue, Queens, NY 11367",4065420003,,,"69-18 Melbourne Avenue, Queens, NY 11367",source_bbl_found_in_official_nyc_data|parcel_has_multiple_unresolved_hpd_buildings,561699|819492|919126|919159|919162|919170|919173|919202|919218|919220|919228|919237|919246|919346|919367|919370|919372|919391|919393
stabili-9a2fed02-2c4b-5b28-a468-bb077fd6da68,queens-2024-p85-r31,ambiguous,manual_review,"70-06–70-20 Kissena Boulevard, Queens, NY 11367",4066560063,,,"70-04 Kissena Boulevard, Queens, NY 11367",source_bbl_found_in_official_nyc_data|parcel_has_multiple_unresolved_hpd_buildings|primary_address_matches_3_hpd_buildings,465654|811567|819437|819438|819439|819440|819441|819442|819443|819445|819447|819449|819478|819484|880930|918385|918407|918411|918415|918420
stabili-0fd12056-982f-54b5-945a-6f00f96c6e3c,queens-2024-p85-r32,ambiguous,manual_review,"72-24–72-30 Kissena Boulevard, Queens, NY 11367",4068030002,,,"72-24 Kissena Boulevard, Queens, NY 11367",source_bbl_found_in_official_nyc_data|parcel_has_multiple_unresolved_hpd_buildings|primary_address_matches_2_hpd_buildings,671421|810627|810628|810913|810915|948754|948756|948762|948764|948766
stabili-af745f51-8756-5c8e-8aa7-fbf92907c84d,queens-2024-p85-r33,ambiguous,manual_review,"75-06–75-10 Kissena Boulevard, Queens, NY 11367",4068080025,,,"153-04 75 Avenue, Queens, NY 11367",source_bbl_found_in_official_nyc_data|parcel_has_multiple_unresolved_hpd_buildings|primary_address_matches_2_hpd_buildings,472069|810647|810649|811645|948804|948805|948806|948807|1015528
stabili-9fc6df5c-4a04-51dd-9d28-9aacdfb7f5ec,queens-2024-p85-r40,ambiguous,manual_review,"149-20–149-40 Melbourne Avenue, Queens, NY 11367",4065370028,,,"149-24 Melbourne Avenue, Queens, NY 11367",source_bbl_found_in_official_nyc_data|parcel_has_multiple_unresolved_hpd_buildings|primary_address_matches_3_hpd_buildings,678727|919394|919398|919491|919499|919523|919540|919547|919548|919554|919556|919570|919580|919582|919585|919597|919622
stabili-3edd85ca-a0d1-583b-bbe5-d2fe91c8c6b1,queens-2024-p85-r41,ambiguous,manual_review,"149-42–149-50 Melbourne Avenue, Queens, NY 11367",4065370028,,,"149-24 Melbourne Avenue, Queens, NY 11367",source_bbl_found_in_official_nyc_data|parcel_has_multiple_unresolved_hpd_buildings,678727|919394|919398|919491|919499|919523|919540|919547|919548|919554|919556|919570|919580|919582|919585|919597|919622
stabili-a192c7a5-6375-5161-b4bb-41b45eeb5267,queens-2024-p85-r42,ambiguous,manual_review,"150-26–150-36 Melbourne Avenue, Queens, NY 11367",4065400003,,,"150-10 Melbourne Avenue, Queens, NY 11367",source_bbl_found_in_official_nyc_data|parcel_has_multiple_unresolved_hpd_buildings,678728|918823|918830|918832|918845|918851|918853|918855|918897|918913|918917|918923|918952|918964|918969|919139|919141|919146|919154|919165
stabili-f855e1ac-2c49-5a74-b68f-eb852f032afc,queens-2024-p85-r44,ambiguous,manual_review,"66-03–66-19 Park Drive East, Queens, NY 11367",4064820003,,,"136-51 Park Drive East, Queens, NY 11367",source_bbl_found_in_official_nyc_data|parcel_has_multiple_unresolved_hpd_buildings|primary_address_matches_2_hpd_buildings,461435|810590|810858|810859|914176|914180|914184|914185|914186|914211|914216|914219|914223|914241|914246|914292|914362|914363|914370|914433
stabili-c5297602-4aca-5428-b295-0f0126ce4136,queens-2024-p86-r12,ambiguous,manual_review,"50-18 101st Street, Queens, NY 11368",4018920080,,,"50-18 101 Street, Queens, NY 11368",source_bbl_found_in_official_nyc_data|parcel_has_multiple_unresolved_hpd_buildings|primary_address_matches_2_hpd_buildings,512513|881876
stabili-d940effa-62ae-5cbf-a97c-0b31dba437e8,queens-2024-p86-r17,ambiguous,manual_review,"54-15–54-25 101st Street, Queens, NY 11368",4019390011,,,"54-25 101 Street, Queens, NY 11368",source_bbl_found_in_official_nyc_data|parcel_has_multiple_unresolved_hpd_buildings|primary_address_matches_2_hpd_buildings,512541|956204
stabili-2a33c042-d759-5e88-be6c-48e3d7fde6a8,queens-2024-p86-r44,ambiguous,manual_review,"52-12–52-14 102nd Street, Queens, NY 11368",4019320049,,,"52-12 102 Street, Queens, NY 11368",source_bbl_found_in_official_nyc_data|parcel_has_multiple_unresolved_hpd_buildings|primary_address_matches_2_hpd_buildings,513527|934150
stabili-2e598872-2786-5aa3-b89a-0c2f01163a01,queens-2024-p86-r46,ambiguous,manual_review,"53-08 102nd Street, Queens, NY 11368",4019380016,,,"53-08 102 Street, Queens, NY 11368",source_bbl_found_in_official_nyc_data|parcel_has_multiple_unresolved_hpd_buildings|primary_address_matches_2_hpd_buildings,513537|988169
stabili-abab4caf-f13a-5654-8cf8-ef09daff0c40,queens-2024-p86-r48,ambiguous,manual_review,"53-10 102nd Street, Queens, NY 11368",4019380018,,,"53-10 102 Street, Queens, NY 11368",source_bbl_found_in_official_nyc_data|parcel_has_multiple_unresolved_hpd_buildings|primary_address_matches_2_hpd_buildings,513538|1013200
stabili-b5701427-1ed9-5409-a964-9685e713b78e,queens-2024-p87-r2,ambiguous,manual_review,"54-21 102nd Street, Queens, NY 11368",4019410042,,,"54-21 102 Street, Queens, NY 11368",source_bbl_found_in_official_nyc_data|parcel_has_multiple_unresolved_hpd_buildings|primary_address_matches_2_hpd_buildings,513560|966880
stabili-bddd7f0b-6162-57cd-a15f-e453bb305dbc,queens-2024-p87-r6,ambiguous,manual_review,"33-19 103rd Street, Queens, NY 11368",4017180069,,,"33-19 103 Street, Queens, NY 11368",source_bbl_found_in_official_nyc_data|parcel_has_multiple_unresolved_hpd_buildings|primary_address_matches_2_hpd_buildings,514738|991701
stabili-b4c31315-7a52-542c-ac77-c99c022457f2,queens-2024-p87-r7,ambiguous,manual_review,"33-29 103rd Street, Queens, NY 11368",4017180063,,,"33-29 103 Street, Queens, NY 11368",source_bbl_found_in_official_nyc_data|parcel_has_multiple_unresolved_hpd_buildings|primary_address_matches_2_hpd_buildings,514745|984917
stabili-752dcc51-d393-5fb9-804f-780b07e215e7,queens-2024-p87-r13,ambiguous,manual_review,"35-16 103rd Street, Queens, NY 11368",4017430013,,,"35-16 103 Street, Queens, NY 11368",source_bbl_found_in_official_nyc_data|parcel_has_multiple_unresolved_hpd_buildings|primary_address_matches_2_hpd_buildings,514781|873294
stabili-8061241d-e01a-50ea-82f1-68b8aad4c345,queens-2024-p87-r16,ambiguous,manual_review,"35-39 103rd Street, Queens, NY 11368",4017450034,,,"35-39 103 Street, Queens, NY 11368",source_bbl_found_in_official_nyc_data|parcel_has_multiple_unresolved_hpd_buildings|primary_address_matches_2_hpd_buildings,514799|827819
stabili-7b8c41a1-6e0c-5347-9b50-4c7439341d9d,queens-2024-p87-r41,ambiguous,manual_review,"43-17 104th Street, Queens, NY 11368",4019870067,,,"43-17 104 Street, Queens, NY 11368",source_bbl_found_in_official_nyc_data|parcel_has_multiple_unresolved_hpd_buildings|primary_address_matches_2_hpd_buildings,515844|933527
stabili-86d5e0f2-94e7-51e4-997c-15456d4ed5d8,queens-2024-p87-r43,ambiguous,manual_review,"45-05 104th Street, Queens, NY 11368",4019890090,,,"45-05 104 Street, Queens, NY 11368",source_bbl_found_in_official_nyc_data|parcel_has_multiple_unresolved_hpd_buildings|primary_address_matches_2_hpd_buildings,515851|843516
stabili-5bf5e2e3-5726-54c2-9335-51563417a18d,queens-2024-p87-r56,ambiguous,manual_review,"35-09 105th Street, Queens, NY 11368",4017470081,,,"35-09 105 Street, Queens, NY 11368",source_bbl_found_in_official_nyc_data|parcel_has_multiple_unresolved_hpd_buildings|primary_address_matches_2_hpd_buildings,516685|909853
stabili-83646d4d-9007-512e-bd6a-9ad73e7abd90,queens-2024-p88-r46,ambiguous,manual_review,"37-47 108th Street, Queens, NY 11368",4017780079,,,"37-47 108 Street, Queens, NY 11368",source_bbl_found_in_official_nyc_data|parcel_has_multiple_unresolved_hpd_buildings|primary_address_matches_2_hpd_buildings,519464|827424
stabili-2e3cb85e-744a-53b1-b5da-43434de1c0a3,queens-2024-p89-r7,ambiguous,manual_review,"42-10–42-12 108th Street, Queens, NY 11368",4019860039,,,"42-12 108 Street, Queens, NY 11368",source_bbl_found_in_official_nyc_data|parcel_has_multiple_unresolved_hpd_buildings|primary_address_matches_2_hpd_buildings,519526|929309
stabili-cdf6a09e-ca5a-5c60-a46d-a145d165bd6c,queens-2024-p89-r11,ambiguous,manual_review,"43-15 108th Street, Queens, NY 11368",4019990067,,,"43-15 108 Street, Queens, NY 11368",source_bbl_found_in_official_nyc_data|parcel_has_multiple_unresolved_hpd_buildings|primary_address_matches_2_hpd_buildings,519539|954216
stabili-495f5068-a7d1-5e12-bf25-ccb6b2df1ce9,queens-2024-p89-r23,ambiguous,manual_review,"34-13 109th Street, Queens, NY 11368",4017530125,,,"34-13 109 Street, Queens, NY 11368",source_bbl_found_in_official_nyc_data|parcel_has_multiple_unresolved_hpd_buildings|primary_address_matches_2_hpd_buildings,521110|933641
stabili-1caaf9f7-8b7c-5fe2-9f3d-da96a7535703,queens-2024-p89-r24,ambiguous,manual_review,"34-21 109th Street, Queens, NY 11368",4017530115,,,"34-21 109 Street, Queens, NY 11368",source_bbl_found_in_official_nyc_data|parcel_has_multiple_unresolved_hpd_buildings|primary_address_matches_2_hpd_buildings,521113|987955
stabili-d2f7ba71-5392-5aba-abda-5641c197e8ae,queens-2024-p89-r30,ambiguous,manual_review,"35-27 109th Street, Queens, NY 11368",4017530091,,,"35-27 109 Street, Queens, NY 11368",source_bbl_found_in_official_nyc_data|parcel_has_multiple_unresolved_hpd_buildings|primary_address_matches_2_hpd_buildings,521126|930376
stabili-ae2be379-378c-5507-85fd-b75ad0a2582e,queens-2024-p89-r40,ambiguous,manual_review,"34-32 110th Street, Queens, NY 11368",4017530028,,,"34-32 110 Street, Queens, NY 11368",source_bbl_found_in_official_nyc_data|parcel_has_multiple_unresolved_hpd_buildings|primary_address_matches_2_hpd_buildings,521786|887518
stabili-b34ef8ab-e49c-58ca-a5d9-3d866a81e847,queens-2024-p89-r41,ambiguous,manual_review,"34-36 110th Street, Queens, NY 11368",4017530031,,,"34-36 110 Street, Queens, NY 11368",source_bbl_found_in_official_nyc_data|parcel_has_multiple_unresolved_hpd_buildings|primary_address_matches_2_hpd_buildings,521790|895385
stabili-63ad03a0-e5a7-554f-a016-fde726169582,queens-2024-p89-r52,ambiguous,manual_review,"34-72 111th Street, Queens, NY 11368",4017540053,,,"34-72 111 Street, Queens, NY 11368",source_bbl_found_in_official_nyc_data|parcel_has_multiple_unresolved_hpd_buildings|primary_address_matches_2_hpd_buildings,523443|832880
stabili-7402a780-25db-591e-8c91-a683ddcea51f,queens-2024-p90-r4,ambiguous,manual_review,"38-11 111th Street, Queens, NY 11368",4017830007,,,"38-11 111 Street, Queens, NY 11368",source_bbl_found_in_official_nyc_data|parcel_has_multiple_unresolved_hpd_buildings|primary_address_matches_2_hpd_buildings,523469|828438
stabili-bd3d7517-0eb3-5fd8-962c-f6250e30c84a,queens-2024-p90-r13,ambiguous,manual_review,"45-04 111th Street, Queens, NY 11368",4020010038,,,"45-04 111 Street, Queens, NY 11368",source_bbl_found_in_official_nyc_data|parcel_has_multiple_unresolved_hpd_buildings|primary_address_matches_2_hpd_buildings,523510|893705
stabili-b77bc579-aa6b-5eee-8362-2bf85888d567,queens-2024-p90-r14,ambiguous,manual_review,"45-10 111th Street, Queens, NY 11368",4020010041,,,"45-10 111 Street, Queens, NY 11368",source_bbl_found_in_official_nyc_data|parcel_has_multiple_unresolved_hpd_buildings|primary_address_matches_2_hpd_buildings,523512|844349
stabili-5a2e4af6-4a08-5d54-9739-a97087cb3df5,queens-2024-p90-r17,ambiguous,manual_review,"54-14 111th Street, Queens, NY 11368",4020100033,,,"54-14 111 Street, Queens, NY 11368",source_bbl_found_in_official_nyc_data|parcel_has_multiple_unresolved_hpd_buildings|primary_address_matches_2_hpd_buildings,523568|906376
stabili-f956e7e8-12a8-5998-8395-7783bc8769ce,queens-2024-p90-r29,ambiguous,manual_review,"106-08–106-38 34th Avenue, Queens, NY 11368",4017480005,,,"106-08 34 Avenue, Queens, NY 11368",source_bbl_found_in_official_nyc_data|parcel_has_multiple_unresolved_hpd_buildings|primary_address_matches_2_hpd_buildings,420857|921398
stabili-190026d7-4a38-506b-82ec-75200394b666,queens-2024-p90-r36,ambiguous,manual_review,"102-16 35th Avenue, Queens, NY 11368",4017430006,,,"102-16 35 Avenue, Queens, NY 11368",source_bbl_found_in_official_nyc_data|parcel_has_multiple_unresolved_hpd_buildings|primary_address_matches_2_hpd_buildings,421958|936420
stabili-9680545d-459f-5b57-8182-22991b044d61,queens-2024-p91-r25,ambiguous,manual_review,"106-05 37th Avenue, Queens, NY 11368",4017480052,,,"106-05 37 Avenue, Queens, NY 11368",source_bbl_found_in_official_nyc_data|parcel_has_multiple_unresolved_hpd_buildings|primary_address_matches_2_hpd_buildings,424091|921889
stabili-bfd8de6c-2494-5f2a-89fa-9d9388994ec5,queens-2024-p91-r26,ambiguous,manual_review,"106-07 37th Avenue, Queens, NY 11368",4017480052,,,"106-05 37 Avenue, Queens, NY 11368",source_bbl_found_in_official_nyc_data|parcel_has_multiple_unresolved_hpd_buildings,424091|921889
stabili-8fdfb9aa-d186-5a05-96ee-6f5a9548ef13,queens-2024-p91-r30,ambiguous,manual_review,"107-12 37th Avenue, Queens, NY 11368",4017730005,,,"107-12 37 Avenue, Queens, NY 11368",source_bbl_found_in_official_nyc_data|parcel_has_multiple_unresolved_hpd_buildings|primary_address_matches_2_hpd_buildings,424106|966167
stabili-36e1a77e-a090-547c-8f7d-4f7e0eb79b9b,queens-2024-p91-r51,ambiguous,manual_review,"104-20 38th Avenue, Queens, NY 11368",4017750005,,,"104-20 38 Avenue, Queens, NY 11368",source_bbl_found_in_official_nyc_data|parcel_has_multiple_unresolved_hpd_buildings|primary_address_matches_2_hpd_buildings,425475|881854
stabili-97b560c2-dfd6-5c43-a9d7-29c4baa1341d,queens-2024-p91-r56,ambiguous,manual_review,"104-50 38th Avenue, Queens, NY 11368",4017750120,,,"104-50 38 Avenue, Queens, NY 11368",source_bbl_found_in_official_nyc_data|parcel_has_multiple_unresolved_hpd_buildings|primary_address_matches_2_hpd_buildings,425497|848574
stabili-f4801e3c-7dae-5233-aaf6-75a23a1af392,queens-2024-p92-r8,ambiguous,manual_review,"108-20 38th Avenue, Queens, NY 11368",4017790004,,,"108-20 38 Avenue, Queens, NY 11368",source_bbl_found_in_official_nyc_data|parcel_has_multiple_unresolved_hpd_buildings|primary_address_matches_2_hpd_buildings,425521|933219
stabili-67c04577-293d-526b-a4b1-92b93d875d7a,queens-2024-p92-r25,ambiguous,manual_review,"101-01 39th Avenue, Queens, NY 11368",4017670059,,,"101-01 39 Avenue, Queens, NY 11368",source_bbl_found_in_official_nyc_data|parcel_has_multiple_unresolved_hpd_buildings|primary_address_matches_2_hpd_buildings,426651|934956
stabili-986facba-4240-59f6-a031-573fea934e9e,queens-2024-p92-r27,ambiguous,manual_review,"101-07 39th Avenue, Queens, NY 11368",4017670056,,,"101-07 39 Avenue, Queens, NY 11368",source_bbl_found_in_official_nyc_data|parcel_has_multiple_unresolved_hpd_buildings|primary_address_matches_2_hpd_buildings,426656|827419
stabili-70f62d16-b793-5608-b1a5-39bb33a82380,queens-2024-p92-r28,ambiguous,manual_review,"101-09 39th Avenue, Queens, NY 11368",4017670054,,,"101-09 39 Avenue, Queens, NY 11368",source_bbl_found_in_official_nyc_data|parcel_has_multiple_unresolved_hpd_buildings|primary_address_matches_2_hpd_buildings,426657|827421
stabili-629da596-33e8-5f71-83d4-158fcdb70be9,queens-2024-p92-r43,ambiguous,manual_review,"104-63 39th Avenue, Queens, NY 11368",4017750048,,,"104-63 39 Avenue, Queens, NY 11368",source_bbl_found_in_official_nyc_data|parcel_has_multiple_unresolved_hpd_buildings|primary_address_matches_2_hpd_buildings,426717|910715
stabili-250cd9ef-83de-5bc4-a83d-29c2256a38bf,queens-2024-p93-r50,ambiguous,manual_review,"102-30 43rd Avenue, Queens, NY 11368",4019780015,,,"102-30 43 Avenue, Queens, NY 11368",source_bbl_found_in_official_nyc_data|parcel_has_multiple_unresolved_hpd_buildings|primary_address_matches_2_hpd_buildings,430745|904553
stabili-a3c9593f-177d-5bc7-9e6e-c540ea44b031,queens-2024-p94-r33,ambiguous,manual_review,"108-18 46th Avenue, Queens, NY 11368",4020020003,,,"108-18 46 Avenue, Queens, NY 11368",source_bbl_found_in_official_nyc_data|parcel_has_multiple_unresolved_hpd_buildings|primary_address_matches_2_hpd_buildings,434850|932642
stabili-91f68bfe-4163-53d4-a3db-bb5e018d0302,queens-2024-p94-r47,ambiguous,manual_review,"108-53 49th Avenue, Queens, NY 11368",4020040059,,,"108-53 49 Avenue, Queens, NY 11368",source_bbl_found_in_official_nyc_data|parcel_has_multiple_unresolved_hpd_buildings|primary_address_matches_2_hpd_buildings,438747|968523
stabili-d2f6d779-df00-59c1-99f7-8fc13ce0dae7,queens-2024-p94-r49,ambiguous,manual_review,"108-55 49th Avenue, Queens, NY 11368",4020040059,,,"108-53 49 Avenue, Queens, NY 11368",source_bbl_found_in_official_nyc_data|parcel_has_multiple_unresolved_hpd_buildings,438747|968523
stabili-53c618e8-bcf4-58d8-a5b9-cf29bbe69b74,queens-2024-p96-r24,ambiguous,manual_review,"53-42 97th Street, Queens, NY 11368",4018960049,,,"53-42 97 Street, Queens, NY 11368",source_bbl_found_in_official_nyc_data|parcel_has_multiple_unresolved_hpd_buildings|primary_address_matches_2_hpd_buildings,508630|822715
stabili-d53b8f41-adbc-5f75-b217-ff7b7c26ca95,queens-2024-p97-r44,ambiguous,manual_review,"99-27 Corona Avenue, Queens, NY 11368",4016290100,,,"99-27 Corona Avenue, Queens, NY 11368",source_bbl_found_in_official_nyc_data|parcel_has_multiple_unresolved_hpd_buildings|primary_address_matches_2_hpd_buildings,646925|884693
stabili-a272d2de-f740-5ed9-82cf-872814929b02,queens-2024-p97-r53,ambiguous,manual_review,"103-20 Corona Avenue, Queens, NY 11368",4019290067,,,"103-20 Corona Avenue, Queens, NY 11368",source_bbl_found_in_official_nyc_data|parcel_has_multiple_unresolved_hpd_buildings|primary_address_matches_2_hpd_buildings,646549|937759
stabili-3e7d1040-524c-5c13-b978-9ace6c0b3f4f,queens-2024-p98-r3,ambiguous,manual_review,"104-34 Corona Avenue, Queens, NY 11368",4019350012,,,"104-34 Corona Avenue, Queens, NY 11368",source_bbl_found_in_official_nyc_data|parcel_has_multiple_unresolved_hpd_buildings|primary_address_matches_2_hpd_buildings,646568|881878
stabili-e4d2d8ca-0a6e-55ea-a544-0384bec2dc6a,queens-2024-p98-r9,ambiguous,manual_review,"110-11 Corona Avenue, Queens, NY 11368",4020110039,,,"110-07 Corona Avenue, Queens, NY 11368",source_bbl_found_in_official_nyc_data|parcel_has_multiple_unresolved_hpd_buildings,646626|943247
stabili-68215687-aa99-5cff-bf1a-8adc7a07201a,queens-2024-p98-r26,ambiguous,manual_review,"57-32 Granger Street, Queens, NY 11368",4019500054,,,"57-32 Granger Street, Queens, NY 11368",source_bbl_found_in_official_nyc_data|parcel_has_multiple_unresolved_hpd_buildings|primary_address_matches_2_hpd_buildings,660233|966395
stabili-40b31986-2bad-57a4-802c-2f8996585119,queens-2024-p99-r27,ambiguous,manual_review,"98-11 Roosevelt Avenue, Queens, NY 11368",4017640017,,,"98-17 Roosevelt Avenue, Queens, NY 11368",source_bbl_found_in_official_nyc_data|parcel_has_multiple_unresolved_hpd_buildings,427338|822840|822849|822850
stabili-6ebd72c9-62a7-5ff8-8b00-113ac79702f7,queens-2024-p99-r32,ambiguous,manual_review,"104-29 Roosevelt Avenue, Queens, NY 11368",4017760058,,,"104-29 Roosevelt Avenue, Queens, NY 11368",source_bbl_found_in_official_nyc_data|parcel_has_multiple_unresolved_hpd_buildings|primary_address_matches_2_hpd_buildings,692292|940269
stabili-6d44a357-cde8-55fb-a505-188dce059751,queens-2024-p99-r33,ambiguous,manual_review,"104-65 Roosevelt Avenue, Queens, NY 11368",4017760043,,,"104-65 Roosevelt Avenue, Queens, NY 11368",source_bbl_found_in_official_nyc_data|parcel_has_multiple_unresolved_hpd_buildings|primary_address_matches_2_hpd_buildings,692318|913033
stabili-2f5a6dfa-532c-59fa-8fd9-fb7a27d8808e,queens-2024-p99-r53,ambiguous,manual_review,"100-12 Spruce Street, Queens, NY 11368",4016090019,,,"100-12 Spruce Avenue, Queens, NY 11368",source_bbl_found_in_official_nyc_data|parcel_has_multiple_unresolved_hpd_buildings,696577|880068
stabili-c30ef5ee-1019-5063-97dc-ccd6a14819d0,queens-2024-p100-r4,ambiguous,manual_review,"56-14 Van Cleef Street, Queens, NY 11368",4019670007,,,"56-14 Van Cleef Street, Queens, NY 11368",source_bbl_found_in_official_nyc_data|parcel_has_multiple_unresolved_hpd_buildings|primary_address_matches_2_hpd_buildings,701503|968720
stabili-5fd83179-d4bf-5fb7-96ae-8d0785bfeeff,queens-2024-p100-r7,ambiguous,manual_review,"56-28 Van Cleef Street, Queens, NY 11368",4019670013,,,"56-28 Van Cleef Street, Queens, NY 11368",source_bbl_found_in_official_nyc_data|parcel_has_multiple_unresolved_hpd_buildings|primary_address_matches_2_hpd_buildings,701514|912844
stabili-a60ecfb4-37da-56ad-98a9-58af688fa5b0,queens-2024-p100-r13,ambiguous,manual_review,"56-14 Waldron Street, Queens, NY 11368",4019520016,,,"56-12 Waldron Street, Queens, NY 11368",source_bbl_found_in_official_nyc_data|parcel_has_multiple_unresolved_hpd_buildings,702778|997269
stabili-0a716e07-6d38-5b04-9ce0-d3a59c95cb4a,queens-2024-p100-r14,ambiguous,manual_review,"56-16 Waldron Street, Queens, NY 11368",4019520016,,,"56-12 Waldron Street, Queens, NY 11368",source_bbl_found_in_official_nyc_data|parcel_has_multiple_unresolved_hpd_buildings,702778|997269
stabili-c7f4d06b-bf34-5ff0-81b4-3eb6eb40dad0,queens-2024-p101-r3,ambiguous,manual_review,"25-56 97th Street, Queens, NY 11369",4013700038,,,"25-56 97 Street, Queens, NY 11369",source_bbl_found_in_official_nyc_data|parcel_has_multiple_unresolved_hpd_buildings|primary_address_matches_2_hpd_buildings,508291|1006526
stabili-1e2cb8cd-c551-5717-bdf3-01c090ebbb31,queens-2024-p101-r5,ambiguous,manual_review,"104-22 Astoria Boulevard, Queens, NY 11369",4016910006,,,"104-22 Astoria Boulevard, Queens, NY 11369",source_bbl_found_in_official_nyc_data|parcel_has_multiple_unresolved_hpd_buildings|primary_address_matches_2_hpd_buildings,628799|995445
stabili-92308aea-60f0-5a6d-8c9c-e30b3fecc807,queens-2024-p101-r37,ambiguous,manual_review,"21-35 77th Street, Queens, NY 11370",4009737501,,,"77-03 Ditmars Boulevard, Queens, NY 11370",source_bbl_found_in_official_nyc_data|parcel_has_multiple_unresolved_hpd_buildings,477014|477024|477026|477028|477030|477032|477036|477039|477043|477048|478918|478924|478926|478930|478933|478941|478943|478949|478953|650432
stabili-1c944dc2-dacb-54eb-8eea-e51b5e718129,queens-2024-p101-r42,ambiguous,manual_review,"21-23 78th Street, Queens, NY 11370",4009747501,,,"21-59 78 Street, Queens, NY 11370",source_bbl_found_in_official_nyc_data|parcel_has_multiple_unresolved_hpd_buildings,478921|478923|478938|478955|478956|478958|480875|480877|480887|480891|480895|480897
stabili-6f257682-edd1-5da2-858c-759d40b29f7f,queens-2024-p101-r47,ambiguous,manual_review,"19-46 79th Street, Queens, NY 11370",4009477501,,,"78-03 19 Drive, Queens, NY 11370",source_bbl_found_in_official_nyc_data|parcel_has_multiple_unresolved_hpd_buildings,404963|404968|404970|404971|404973|404975|404999|405002|405005|405006|405009|405012|405014|478890|478891|478909|480835|480843|480845|480857
stabili-87007aac-c56d-5cd2-a178-aa7c8b4992b5,queens-2024-p102-r1,ambiguous,manual_review,"19-36 80th Street, Queens, NY 11370",4009487501,,,"19-69 79 Street, Queens, NY 11370",source_bbl_found_in_official_nyc_data|parcel_has_multiple_unresolved_hpd_buildings,480834|480836|480838|480842|480854|480866|480870|480872|482765|482773|482783|482785
stabili-13caf4c1-f5a1-5b94-a933-f31b8cb3ef96,queens-2024-p102-r2,ambiguous,manual_review,"19-56 80th Street, Queens, NY 11370",4009487501,,,"19-69 79 Street, Queens, NY 11370",source_bbl_found_in_official_nyc_data|parcel_has_multiple_unresolved_hpd_buildings,480834|480836|480838|480842|480854|480866|480870|480872|482765|482773|482783|482785
stabili-5a282a20-959d-5530-86c5-dfc2fea79678,queens-2024-p102-r4,ambiguous,manual_review,"22-10–22-56 80th Street, Queens, NY 11370",4010117501,,,"22-10 80 Street, Queens, NY 11370",source_bbl_found_in_official_nyc_data|parcel_has_multiple_unresolved_hpd_buildings|primary_address_matches_4_hpd_buildings,480919|480922|480925|480928|482856|482864|482872|482879
stabili-8a733faf-7f7c-545c-9ba5-71ef837bb52b,queens-2024-p105-r29,ambiguous,manual_review,"37-15–37-21 79th Street, Queens, NY 11372",4012900067,,,"37-15 79 Street, Queens, NY 11372",source_bbl_found_in_official_nyc_data|parcel_has_multiple_unresolved_hpd_buildings|primary_address_matches_3_hpd_buildings,481106|1015933|1019926
stabili-564e9fab-9bab-58ee-9796-4a3285b2a64b,queens-2024-p105-r31,ambiguous,manual_review,"37-41–37-45 79th Street, Queens, NY 11372",4012900054,,,"37-41 79 Street, Queens, NY 11372",source_bbl_found_in_official_nyc_data|parcel_has_multiple_unresolved_hpd_buildings|primary_address_matches_2_hpd_buildings,481121|942567
stabili-6f55aa6a-2c80-5817-a67e-585e410fa385,queens-2024-p105-r33,ambiguous,manual_review,"35-63 80th Street, Queens, NY 11372",4012800038,,,"80-01 37 Avenue, Queens, NY 11372",source_bbl_found_in_official_nyc_data|parcel_has_multiple_unresolved_hpd_buildings,424613|1016072
stabili-c989004a-21c6-5114-8a6a-48742c4b53f3,queens-2024-p105-r34,ambiguous,manual_review,"37-05 80th Street, Queens, NY 11372",4012910001,,,"37-05 80 Street, Queens, NY 11372",source_bbl_found_in_official_nyc_data|parcel_has_multiple_unresolved_hpd_buildings,424614|1008857
stabili-2a1afd2d-41fd-51b5-a669-b14074b70bb1,queens-2024-p106-r27,ambiguous,manual_review,"35-55–35-65 83rd Street, Queens, NY 11372",4014570034,,,"35-64 84 Street, Queens, NY 11372",source_bbl_found_in_official_nyc_data|parcel_has_multiple_unresolved_hpd_buildings,489176|1013614
stabili-cdcd76aa-0c81-5054-82be-d76bb6a19c39,queens-2024-p106-r34,ambiguous,manual_review,"33-15–33-17 84th Street, Queens, NY 11372",4014320056,,,"33-15 84 Street, Queens, NY 11372",source_bbl_found_in_official_nyc_data|parcel_has_multiple_unresolved_hpd_buildings|primary_address_matches_2_hpd_buildings,489118|947013
stabili-259c4c28-54ea-52b0-aa0b-00fb9005105f,queens-2024-p107-r12,ambiguous,manual_review,"37-20–37-56 87th Street, Queens, NY 11372",4014740012,,,"37-20 87 Street, Queens, NY 11372",source_bbl_found_in_official_nyc_data|parcel_has_multiple_unresolved_hpd_buildings|primary_address_matches_2_hpd_buildings,494827|943814
stabili-fc8183c8-e35f-5279-82ee-d8523a0c667b,queens-2024-p107-r28,ambiguous,manual_review,"35-64 90th Street, Queens, NY 11372",4014630035,,,"35-63 89 Street, Queens, NY 11372",source_bbl_found_in_official_nyc_data|parcel_has_multiple_unresolved_hpd_buildings,498419|986806
stabili-6f7fef52-071c-56e1-b1bf-b672bf1cf8f7,queens-2024-p107-r39,ambiguous,manual_review,"35-05 94th Street, Queens, NY 11372",4014680001,,,"94-02 35 Avenue, Queens, NY 11372",source_bbl_found_in_official_nyc_data|parcel_has_multiple_unresolved_hpd_buildings,422520|810768|974143
stabili-a7587bbc-aacd-5c56-9a17-7e00cfe061c3,queens-2024-p108-r19,ambiguous,manual_review,"70-38–70-40 Broadway, Queens, NY 11372",4012820123,,,"70-38 Broadway, Queens, NY 11372",source_bbl_found_in_official_nyc_data|parcel_has_multiple_unresolved_hpd_buildings|primary_address_matches_2_hpd_buildings,640740|965947
stabili-4f75e0b6-2964-58da-b4b9-b1e0ac854bb3,queens-2024-p108-r22,ambiguous,manual_review,"33-39 Junction Boulevard, Queens, NY 11372",4017100058,,,"33-39 Junction Boulevard, Queens, NY 11372",source_bbl_found_in_official_nyc_data|parcel_has_multiple_unresolved_hpd_buildings|primary_address_matches_2_hpd_buildings,669724|948076
stabili-c68bf369-5953-51c2-83c9-b83b266b93e1,queens-2024-p108-r24,ambiguous,manual_review,"33-53 Junction Boulevard, Queens, NY 11372",4017100050,,,"33-53 Junction Boulevard, Queens, NY 11372",source_bbl_found_in_official_nyc_data|parcel_has_multiple_unresolved_hpd_buildings|primary_address_matches_2_hpd_buildings,904930|937117
stabili-3c334d8c-997c-5d65-803c-2bd550441d66,queens-2024-p109-r17,ambiguous,manual_review,"94-11 50th Avenue, Queens, NY 11373",4018770052,,,"94-13 50 Avenue, Queens, NY 11373",source_bbl_found_in_official_nyc_data|parcel_has_multiple_unresolved_hpd_buildings,818308|818356
stabili-5eadf0f5-a659-5b4f-abb5-94d6b6557203,queens-2024-p109-r33,ambiguous,manual_review,"85-12 52nd Avenue, Queens, NY 11373",4028760010,,,"85-12 52 Avenue, Queens, NY 11373",source_bbl_found_in_official_nyc_data|parcel_has_multiple_unresolved_hpd_buildings|primary_address_matches_2_hpd_buildings,441102|947793
stabili-e5402e1a-857c-5b53-aa1c-92ce0809a9a1,queens-2024-p109-r47,ambiguous,manual_review,"88-37 53rd Avenue, Queens, NY 11373",4018380057,,,"88-37 53 Avenue, Queens, NY 11373",source_bbl_found_in_official_nyc_data|parcel_has_multiple_unresolved_hpd_buildings|primary_address_matches_2_hpd_buildings,441999|932673
stabili-2f2b67a3-150a-5153-aaf6-63fc89cea53e,queens-2024-p109-r50,ambiguous,manual_review,"88-62 53rd Avenue, Queens, NY 11373",4018390025,,,"88-62 53 Avenue, Queens, NY 11373",source_bbl_found_in_official_nyc_data|parcel_has_multiple_unresolved_hpd_buildings,499857|943761
stabili-a8a56b16-27c4-5bb6-ba59-b5bcfa83ee2a,queens-2024-p109-r51,ambiguous,manual_review,"90-32–90-36 53rd Avenue, Queens, NY 11373",4018550013,,,"90-32 53 Avenue, Queens, NY 11373",source_bbl_found_in_official_nyc_data|parcel_has_multiple_unresolved_hpd_buildings|primary_address_matches_2_hpd_buildings,442033|1016250
stabili-f57ee665-2976-5415-b8da-05f1eac35261,queens-2024-p110-r21,ambiguous,manual_review,"84-12 57th Road, Queens, NY 11373",4028960007,,,"84-12 57 Road, Queens, NY 11373",source_bbl_found_in_official_nyc_data|parcel_has_multiple_unresolved_hpd_buildings|primary_address_matches_2_hpd_buildings,445721|948395
stabili-55785fe0-bcfb-5f79-bfc7-3a7b8572067b,queens-2024-p111-r3,ambiguous,manual_review,"94-11 60th Avenue, Queens, NY 11373",4019127501,,,"94-31 60 Avenue, Queens, NY 11373",source_bbl_found_in_official_nyc_data|parcel_has_multiple_unresolved_hpd_buildings,448396|448397|449740
stabili-91d25e8d-641e-55eb-a98a-d02ce4ff127f,queens-2024-p111-r7,ambiguous,manual_review,"40-20 74th Street, Queens, NY 11373",4013050038,,,"40-20 74 Street, Queens, NY 11373",source_bbl_found_in_official_nyc_data|parcel_has_multiple_unresolved_hpd_buildings|primary_address_matches_2_hpd_buildings,471427|880982
stabili-66cd10a2-791f-5b92-bde7-d5ca340bfb23,queens-2024-p111-r24,ambiguous,manual_review,"41-30 75th Street, Queens, NY 11373",4014940048,,,"41-30 75 Street, Queens, NY 11373",source_bbl_found_in_official_nyc_data|parcel_has_multiple_unresolved_hpd_buildings|primary_address_matches_2_hpd_buildings,473007|848263
stabili-3a8f7155-5fa6-5fc1-bade-8112ba4da80a,queens-2024-p111-r33,ambiguous,manual_review,"40-08 76th Street, Queens, NY 11373",4014860032,,,"40-08 76 Street, Queens, NY 11373",source_bbl_found_in_official_nyc_data|parcel_has_multiple_unresolved_hpd_buildings|primary_address_matches_2_hpd_buildings,474722|890236
stabili-89fb7c87-c77e-5d41-b280-580244937ec8,queens-2024-p111-r39,ambiguous,manual_review,"41-23 77th Street, Queens, NY 11373",4014970067,,,"41-23 77 Street, Queens, NY 11373",source_bbl_found_in_official_nyc_data|parcel_has_multiple_unresolved_hpd_buildings|primary_address_matches_2_hpd_buildings,477352|863041
stabili-2d358a5b-8739-5f64-a02c-96ed46f6789a,queens-2024-p111-r40,ambiguous,manual_review,"41-53 77th Street, Queens, NY 11373",4014970051,,,"41-53 77 Street, Queens, NY 11373",source_bbl_found_in_official_nyc_data|parcel_has_multiple_unresolved_hpd_buildings|primary_address_matches_2_hpd_buildings,477374|992862
stabili-1e10ca60-5086-5ff7-a3f4-2bff815d317e,queens-2024-p112-r40,ambiguous,manual_review,"53-12 90th Street, Queens, NY 11373",4018390030,,,"53-12 90 Street, Queens, NY 11373",source_bbl_found_in_official_nyc_data|parcel_has_multiple_unresolved_hpd_buildings|primary_address_matches_2_hpd_buildings,499860|844387
stabili-5615f8f5-8379-525f-951c-894ef1875a87,queens-2024-p112-r45,ambiguous,manual_review,"48-27 91st Place, Queens, NY 11373",4018510034,,,"48-27 91 Place, Queens, NY 11373",source_bbl_found_in_official_nyc_data|parcel_has_multiple_unresolved_hpd_buildings|primary_address_matches_2_hpd_buildings,823066|941313
stabili-9225d9d4-a959-56ef-a96f-8372aa9e5502,queens-2024-p116-r2,ambiguous,manual_review,"84-47 Kneeland Avenue, Queens, NY 11373",4024730160,,,"84-47 Kneeland Place, Queens, NY 11373",source_bbl_found_in_official_nyc_data|parcel_has_multiple_unresolved_hpd_buildings|primary_address_matches_2_hpd_buildings,671483|973674
stabili-a838cb5a-7c6c-5071-9db2-96b4ca166b83,queens-2024-p116-r26,ambiguous,manual_review,"84-08 Queens Boulevard, Queens, NY 11373",4024770004,,,"84-08 Queens Boulevard, Queens, NY 11373",source_bbl_found_in_official_nyc_data|parcel_has_multiple_unresolved_hpd_buildings|primary_address_matches_2_hpd_buildings,836606|889544
stabili-bba5a122-14f3-5047-8f17-931f1b9539bf,queens-2024-p117-r2,ambiguous,manual_review,"52-14 Van Loon Street, Queens, NY 11373",4024760022,,,"52-14 Van Loon Street, Queens, NY 11373",source_bbl_found_in_official_nyc_data|parcel_has_multiple_unresolved_hpd_buildings,701989|868668
stabili-60ef3360-ee05-56ee-ad2f-df7c97baa7b0,queens-2024-p118-r35,ambiguous,manual_review,"99-32–99-72 66th Road, Queens, NY 11374",4021187501,,,"99-32 66 Road, Queens, NY 11374",source_bbl_found_in_official_nyc_data|parcel_has_multiple_unresolved_hpd_buildings|primary_address_matches_3_hpd_buildings,458989|937980|937981
stabili-72641c92-b31a-59a4-b811-db95f4e5e044,queens-2024-p118-r36,ambiguous,manual_review,"99-39 66th Avenue, Queens, NY 11374",4021160059,,,"99-39 66 Avenue, Queens, NY 11374",source_bbl_found_in_official_nyc_data|parcel_has_multiple_unresolved_hpd_buildings|primary_address_matches_2_hpd_buildings,458507|949008
stabili-9fc1cafd-c8c4-5431-80e9-b5b98ce2dd8c,queens-2024-p118-r48,ambiguous,manual_review,"61-15–61-25 97th Street, Queens, NY 11374",4020820107,,,"61-15 97 Street, Queens, NY 11374",source_bbl_found_in_official_nyc_data|parcel_has_multiple_unresolved_hpd_buildings|primary_address_matches_2_hpd_buildings,508679|989603
stabili-4667a6e1-b709-5dfb-b4bb-07ca956760a8,queens-2024-p119-r32,ambiguous,manual_review,"64-56 Booth Street, Queens, NY 11374",4030970018,,,"64-56 Booth Street, Queens, NY 11374",source_bbl_found_in_official_nyc_data|parcel_has_multiple_unresolved_hpd_buildings|primary_address_matches_2_hpd_buildings,638915|937288
stabili-e46fc8af-2bed-5001-a4be-7dd1c1c84994,queens-2024-p119-r36,ambiguous,manual_review,"65-09–65-11 Booth Street, Queens, NY 11374",4030850049,,,"65-11 Booth Street, Queens, NY 11374",source_bbl_found_in_official_nyc_data|parcel_has_multiple_unresolved_hpd_buildings|primary_address_matches_2_hpd_buildings,904615|933665
stabili-98b0edd5-7a92-53d3-bc4d-86d7b56d915c,queens-2024-p119-r46,ambiguous,manual_review,"61-55 Junction Boulevard, Queens, NY 11374",4020807501,,,"61-01 Junction Boulevard, Queens, NY 11374",source_bbl_found_in_official_nyc_data|parcel_has_multiple_unresolved_hpd_buildings|primary_address_matches_2_hpd_buildings,670022|954022
stabili-a4f3720f-c4b5-5e95-92ff-b1aac5393c92,queens-2024-p119-r56,ambiguous,manual_review,"9841–9851 Queens Boulevard, Queens, NY 11374",4021040001,,,"98-51 Queens Boulevard, Queens, NY 11374",source_bbl_found_in_official_nyc_data|parcel_has_multiple_unresolved_hpd_buildings,690156|944761|944762
stabili-cd5600a8-aaf0-5393-8a10-a5d6e7e84cd7,queens-2024-p120-r28,ambiguous,manual_review,"64-16 Wetherole Street, Queens, NY 11374",4030960079,,,"64-16 Wehterole Street, Queens, NY 11374",source_bbl_found_in_official_nyc_data|parcel_has_multiple_unresolved_hpd_buildings|primary_address_matches_2_hpd_buildings,703781|703782|1010569
stabili-b53a0fc9-f2c5-5275-b7c8-70bc255b22ba,queens-2024-p120-r43,ambiguous,manual_review,"63-85–63-93 Woodhaven Boulevard, Queens, NY 11374",4031157501,,,"63-85 Woodhaven Boulevard, Queens, NY 11374",source_bbl_found_in_official_nyc_data|parcel_has_multiple_unresolved_hpd_buildings|primary_address_matches_2_hpd_buildings,454227|455735|705117
stabili-1a99ed30-7202-5dc2-927d-5afc2bcb4cf3,queens-2024-p121-r26,ambiguous,manual_review,"66-01–66-09 110th Street, Queens, NY 11375",4021860002,,,"111-05 66 Avenue, Queens, NY 11375",source_bbl_found_in_official_nyc_data|parcel_has_multiple_unresolved_hpd_buildings|primary_address_matches_3_hpd_buildings,458309|810800|926752|926754|926755|926756|926774|926778|926779|926780|926784|926810|926849|926852|926863|926864|926865|926877|926882
stabili-97161280-8ca6-52ce-88d3-1e0cfbe5c298,queens-2024-p121-r55,ambiguous,manual_review,"105-24 63rd Drive, Queens, NY 11375",4021480001,,,"63-61 Yellowstone Blvd, Queens, NY 11375",source_bbl_found_in_official_nyc_data|parcel_has_multiple_unresolved_hpd_buildings,706047|810481|965187|994678
stabili-0d50427b-142e-59a8-89d9-f71ccb573c46,queens-2024-p121-r56,ambiguous,manual_review,"105-38 63rd Drive, Queens, NY 11375",4021480001,,,"63-61 Yellowstone Blvd, Queens, NY 11375",source_bbl_found_in_official_nyc_data|parcel_has_multiple_unresolved_hpd_buildings,706047|810481|965187|994678
stabili-f10d33e8-f7b0-503d-b923-27c0ec31ad49,queens-2024-p122-r4,ambiguous,manual_review,"105-25 64th Avenue, Queens, NY 11375",4021480001,,,"63-61 Yellowstone Blvd, Queens, NY 11375",source_bbl_found_in_official_nyc_data|parcel_has_multiple_unresolved_hpd_buildings|primary_address_matches_2_hpd_buildings,706047|810481|965187|994678
stabili-7edfff9d-6a20-5381-9783-b76516185e81,queens-2024-p122-r7,ambiguous,manual_review,"110-11–110-65 64th Road, Queens, NY 11375",4021840011,,,"110-12 64 Avenue, Queens, NY 11375",source_bbl_found_in_official_nyc_data|parcel_has_multiple_unresolved_hpd_buildings|primary_address_matches_11_hpd_buildings,455017|810482|957410|991006|991007|991009|991010|991012|991014|991015|991016|991018|991019|991020|991021|991022
stabili-ce085fb7-6e05-54a4-9a5c-d7d4a3f636ba,queens-2024-p122-r8,ambiguous,manual_review,"110-12–110-62 64th Road, Queens, NY 11375",4021850011,,,"110-12 64 Road, Queens, NY 11375",source_bbl_found_in_official_nyc_data|parcel_has_multiple_unresolved_hpd_buildings|primary_address_matches_8_hpd_buildings,455677|943311|943314|943316|943319|943321|943323|943325
stabili-68b305d9-2eec-5994-8344-1dc68c9096b4,queens-2024-p122-r10,ambiguous,manual_review,"102-12–102-32 65th Avenue, Queens, NY 11375",4021290014,,,"102-12 65 Avenue, Queens, NY 11375",source_bbl_found_in_official_nyc_data|parcel_has_multiple_unresolved_hpd_buildings|primary_address_matches_2_hpd_buildings,456522|812178
stabili-8a271056-1065-561d-8764-56b7d517dae8,queens-2024-p122-r11,ambiguous,manual_review,"105-25 65th Avenue, Queens, NY 11375",4021500001,,,"64-35 Yellowstone Blvd, Queens, NY 11375",source_bbl_found_in_official_nyc_data|parcel_has_multiple_unresolved_hpd_buildings,706048|810530|946326
stabili-0920e132-58c2-55e6-9bf3-7d2847352b61,queens-2024-p122-r14,ambiguous,manual_review,"110-15–110-65 65th Avenue, Queens, NY 11375",4021850040,,,"110-15 65 Avenue, Queens, NY 11375",source_bbl_found_in_official_nyc_data|parcel_has_multiple_unresolved_hpd_buildings|primary_address_matches_7_hpd_buildings,456561|943334|943336|943340|943342|943346|943347
stabili-881df350-c408-5dd5-a515-b05c67de4fed,queens-2024-p122-r15,ambiguous,manual_review,"105-10–105-30 66th Avenue, Queens, NY 11375",4021530001,,,"105-07 66 Road, Queens, NY 11375",source_bbl_found_in_official_nyc_data|parcel_has_multiple_unresolved_hpd_buildings|primary_address_matches_3_hpd_buildings,458777|810540|946814|946815|946817
stabili-d90aa324-8852-5093-91a8-51eb1b3558fd,queens-2024-p122-r22,ambiguous,manual_review,"99-22 67th Road, Queens, NY 11375",4031690021,,,"99-22 67 Road, Queens, NY 11375",source_bbl_found_in_official_nyc_data|parcel_has_multiple_unresolved_hpd_buildings|primary_address_matches_2_hpd_buildings,460448|822026
stabili-e8340a36-6833-5694-b306-8b30e6eb9868,queens-2024-p124-r17,ambiguous,manual_review,"61-20 Grand Central Parkway, Queens, NY 11375",4021620122,,,"61-20 Grand Central Parkway, Queens, NY 11375",source_bbl_found_in_official_nyc_data|parcel_has_multiple_unresolved_hpd_buildings,645382|811488
stabili-a4611e38-aaba-59a5-8dcd-34fc58cb8635,queens-2024-p124-r20,ambiguous,manual_review,"108-60 Horace Harding Expressway, Queens, NY 11375",4021597501,,,"62-11 108Th Street, Queens, NY 11375",source_bbl_found_in_official_nyc_data|parcel_has_multiple_unresolved_hpd_buildings,990455|990467|1004821
stabili-dfec7e84-6149-58ba-961b-4ccefd6c329f,queens-2024-p124-r41,ambiguous,manual_review,"65-05 Yellowstone Boulevard, Queens, NY 11375",4021510101,,,"65-05 Yellowstone Blvd, Queens, NY 11375",source_bbl_found_in_official_nyc_data|parcel_has_multiple_unresolved_hpd_buildings,456523|810534|847888|847890
stabili-e36fe481-e343-5411-a3ca-e64fdf1130d2,queens-2024-p124-r44,ambiguous,manual_review,"65-45 Yellowstone Boulevard, Queens, NY 11375",4021520101,,,"105-07 66 Avenue, Queens, NY 11375",source_bbl_found_in_official_nyc_data|parcel_has_multiple_unresolved_hpd_buildings,458269|848608|848611
stabili-df6746c2-e9d5-5722-ac4a-49f9b1206b68,queens-2024-p125-r26,ambiguous,manual_review,"62-16 39th Avenue, Queens, NY 11377",4012320074,,,"62-16 39 Avenue, Queens, NY 11377",source_bbl_found_in_official_nyc_data|parcel_has_multiple_unresolved_hpd_buildings|primary_address_matches_2_hpd_buildings,427317|933226
stabili-4d05a664-548f-5040-8f77-6b4524d4ffb6,queens-2024-p125-r28,ambiguous,manual_review,"59-24 41st Avenue, Queens, NY 11377",4013320088,,,"59-24 41 Avenue, Queens, NY 11377",source_bbl_found_in_official_nyc_data|parcel_has_multiple_unresolved_hpd_buildings|primary_address_matches_2_hpd_buildings,428696|1005487
stabili-322ef41d-03ff-53df-85dc-535d85c2df22,queens-2024-p128-r18,ambiguous,manual_review,"45-35 47th Street, Queens, NY 11377",4001510019,,,"45-35 47 Street, Queens, NY 11377",source_bbl_found_in_official_nyc_data|parcel_has_multiple_unresolved_hpd_buildings|primary_address_matches_2_hpd_buildings,437436|893038
stabili-ca8db028-fa95-510e-b2cc-d9a58219e872,queens-2024-p130-r16,ambiguous,manual_review,"39-25–39-65 51st Street, Queens, NY 11377",4001280007,,,"39-25 51 Street, Queens, NY 11377",source_bbl_found_in_official_nyc_data|parcel_has_multiple_unresolved_hpd_buildings|primary_address_matches_6_hpd_buildings,440730|810462|942840|945984|949816|949929|949930|949932|949933|949934|949935
stabili-689234df-87c1-5b43-b93f-21abf6c87776,queens-2024-p130-r24,ambiguous,manual_review,"43-44–43-46 51st Street, Queens, NY 11377",4013190021,,,"50-17 Queens Boulevard, Queens, NY 11377",source_bbl_found_in_official_nyc_data|parcel_has_multiple_unresolved_hpd_buildings,689963|981262
stabili-89f15b63-380c-57ec-9b24-7e7bb96e5587,queens-2024-p130-r43,ambiguous,manual_review,"43-15 52nd Street, Queens, NY 11377",4013210016,,,"43-15 52Nd Street, Queens, NY 11377",source_bbl_found_in_official_nyc_data|parcel_has_multiple_unresolved_hpd_buildings|primary_address_matches_2_hpd_buildings,441528|1004233
stabili-7b1c8e1d-3bdb-5108-baab-ebd618e1e995,queens-2024-p132-r20,ambiguous,manual_review,"47-57 58th Lane, Queens, NY 11377",4023190005,,,"47-57 58 Lane, Queens, NY 11377",source_bbl_found_in_official_nyc_data|parcel_has_multiple_unresolved_hpd_buildings|primary_address_matches_2_hpd_buildings,446791|844071
stabili-3d71a22a-b038-550b-89f7-e96d513ca4d9,queens-2024-p133-r23,ambiguous,manual_review,"41-61 63rd Street, Queens, NY 11377",4013400017,,,"41-61 63 Street, Queens, NY 11377",source_bbl_found_in_official_nyc_data|parcel_has_multiple_unresolved_hpd_buildings|primary_address_matches_2_hpd_buildings,454698|940512
stabili-e20e1ff6-5a29-5e9b-b1b0-2947ecb4920c,queens-2024-p134-r19,ambiguous,manual_review,"41-30 66th Street, Queens, NY 11377",4012980075,,,"41-30 66 Street, Queens, NY 11377",source_bbl_found_in_official_nyc_data|parcel_has_multiple_unresolved_hpd_buildings|primary_address_matches_2_hpd_buildings,459001|984647
stabili-b7a6d5bc-9107-5396-982c-9b553e162d2c,queens-2024-p134-r21,ambiguous,manual_review,"44-09 66th Street, Queens, NY 11377",4024200011,,,"44-09 66 Street, Queens, NY 11377",source_bbl_found_in_official_nyc_data|parcel_has_multiple_unresolved_hpd_buildings|primary_address_matches_2_hpd_buildings,459027|955008
stabili-9d3ab0e4-e910-501e-a840-b9219dfb4038,queens-2024-p134-r45,ambiguous,manual_review,"40-43 68th Street, Queens, NY 11377",4013000006,,,"40-43 68 Street, Queens, NY 11377",source_bbl_found_in_official_nyc_data|parcel_has_multiple_unresolved_hpd_buildings|primary_address_matches_2_hpd_buildings,462018|1006501
stabili-ef5eb10f-0c54-5fcb-8134-eb86f94a0de4,queens-2024-p134-r46,ambiguous,manual_review,"40-44 68th Street, Queens, NY 11377",4012990052,,,"40-44 68 Street, Queens, NY 11377",source_bbl_found_in_official_nyc_data|parcel_has_multiple_unresolved_hpd_buildings|primary_address_matches_2_hpd_buildings,462019|905131
stabili-081b39a7-7181-5886-b213-2b80274a5768,queens-2024-p135-r27,ambiguous,manual_review,"40-12–40-16 73rd Street, Queens, NY 11377",4013040049,,,"40-12 73 Street, Queens, NY 11377",source_bbl_found_in_official_nyc_data|parcel_has_multiple_unresolved_hpd_buildings|primary_address_matches_2_hpd_buildings,470584|944258
stabili-4a5ef350-633c-5004-b722-56962889397f,queens-2024-p136-r56,ambiguous,manual_review,"59-47–59-49 56th Drive, Queens, NY 11378",4026900110,,,"59-49 56 Drive, Queens, NY 11378",source_bbl_found_in_official_nyc_data|parcel_has_multiple_unresolved_hpd_buildings|primary_address_matches_2_hpd_buildings,444269|810468
stabili-e3f447e7-289b-5665-8bbe-08655287dfab,queens-2024-p137-r49,ambiguous,manual_review,"84-31 62nd Drive, Queens, NY 11379",4029740085,,,"62-42 Woodhaven Boulevard, Queens, NY 11379",source_bbl_found_in_official_nyc_data|parcel_has_multiple_unresolved_hpd_buildings,705080|811398|811962
stabili-128f672c-b24c-5091-8c41-02108452e1e7,queens-2024-p137-r50,ambiguous,manual_review,"84-35 62nd Drive, Queens, NY 11379",4029740085,,,"62-42 Woodhaven Boulevard, Queens, NY 11379",source_bbl_found_in_official_nyc_data|parcel_has_multiple_unresolved_hpd_buildings,705080|811398|811962
stabili-abcd6bfa-3dc5-5f06-bd2e-8aa69ccca919,queens-2024-p138-r23,ambiguous,manual_review,"8431 Fleet Court, Queens, NY 11379",4030140032,,,"84-31 Fleet Court, Queens, NY 11379",source_bbl_found_in_official_nyc_data|parcel_has_multiple_unresolved_hpd_buildings,654553|1008794|1008795
stabili-3a459c91-734a-5e75-a756-70091e63fd2e,queens-2024-p138-r24,ambiguous,manual_review,"8434 Fleet Court, Queens, NY 11379",4030150011,,,"84-35 Fleet Court, Queens, NY 11379",source_bbl_found_in_official_nyc_data|parcel_has_multiple_unresolved_hpd_buildings,455723|811452|861529|929188|929189|929190
stabili-f70271c7-233f-5565-ae47-6c968a4f744c,queens-2024-p138-r25,ambiguous,manual_review,"8437 Fleet Court, Queens, NY 11379",4030140032,,,"84-31 Fleet Court, Queens, NY 11379",source_bbl_found_in_official_nyc_data|parcel_has_multiple_unresolved_hpd_buildings,654553|1008794|1008795
stabili-62a3497b-501e-5ef6-8824-fd6d0e84648e,queens-2024-p138-r26,ambiguous,manual_review,"8442 Fleet Court, Queens, NY 11379",4030150011,,,"84-35 Fleet Court, Queens, NY 11379",source_bbl_found_in_official_nyc_data|parcel_has_multiple_unresolved_hpd_buildings,455723|811452|861529|929188|929189|929190
stabili-c4cff313-7679-5e16-a54c-9a6657ee0b5c,queens-2024-p138-r27,ambiguous,manual_review,"8445 Fleet Court, Queens, NY 11379",4030140032,,,"84-31 Fleet Court, Queens, NY 11379",source_bbl_found_in_official_nyc_data|parcel_has_multiple_unresolved_hpd_buildings,654553|1008794|1008795
stabili-75e7ff66-f345-5236-bcaa-bd5f1bb07c28,queens-2024-p138-r28,ambiguous,manual_review,"8450 Fleet Court, Queens, NY 11379",4030150011,,,"84-35 Fleet Court, Queens, NY 11379",source_bbl_found_in_official_nyc_data|parcel_has_multiple_unresolved_hpd_buildings,455723|811452|861529|929188|929189|929190
stabili-b8f9f3be-f9da-56d7-a536-2f0b936eb382,queens-2024-p141-r11,ambiguous,manual_review,"70-20–70-28 67th Place, Queens, NY 11385",4036520017,,,"70-20 67 Place, Queens, NY 11385",source_bbl_found_in_official_nyc_data|parcel_has_multiple_unresolved_hpd_buildings|primary_address_matches_3_hpd_buildings,460157|968414|1006923
stabili-1ac3c56e-0891-518b-a58e-b76789feda00,queens-2024-p142-r23,ambiguous,manual_review,"89-15–89-33 74th Avenue, Queens, NY 11385",4038740078,,,"89-15 73 Avenue, Queens, NY 11385",source_bbl_found_in_official_nyc_data|parcel_has_multiple_unresolved_hpd_buildings|primary_address_matches_2_hpd_buildings,471008|917214|917215|917243|917247|917248
stabili-eb6cacbe-da18-5816-94fb-390cb4e126c9,queens-2024-p146-r47,ambiguous,manual_review,"1814 Gates Avenue, Queens, NY 11385",4034550012,,,"1814 Gates Avenue, Queens, NY 11385",source_bbl_found_in_official_nyc_data|parcel_has_multiple_unresolved_hpd_buildings|primary_address_matches_2_hpd_buildings,657903|980661
stabili-54f53e0d-7c1f-5742-ab20-b1d761d81e13,queens-2024-p152-r43,ambiguous,manual_review,"17-33 Norman Street, Queens, NY 11385",4035650038,,,"1733 Norman Street, Queens, NY 11385",source_bbl_found_in_official_nyc_data|parcel_has_multiple_unresolved_hpd_buildings,684361|994070
stabili-2a027279-53d0-55eb-b330-8a4bd0cfe63e,queens-2024-p154-r27,ambiguous,manual_review,"1823 Palmetto Street, Queens, NY 11385",4034550037,,,"1823 Palmetto Street, Queens, NY 11385",source_bbl_found_in_official_nyc_data|parcel_has_multiple_unresolved_hpd_buildings|primary_address_matches_2_hpd_buildings,686465|974420
stabili-c1406181-9ac0-50c2-b90e-f8fe3c27c000,queens-2024-p156-r12,ambiguous,manual_review,"89-16–89-48 Rutledge Avenue, Queens, NY 11385",4038740078,,,"89-15 73 Avenue, Queens, NY 11385",source_bbl_found_in_official_nyc_data|parcel_has_multiple_unresolved_hpd_buildings|primary_address_matches_4_hpd_buildings,471008|917214|917215|917243|917247|917248
stabili-a80fe48a-5d99-5aa2-b92b-289b3c0d9ef8,queens-2024-p156-r13,ambiguous,manual_review,"89-17–89-39 Rutledge Avenue, Queens, NY 11385",4038730028,,,"89-17 72 Avenue, Queens, NY 11385",source_bbl_found_in_official_nyc_data|parcel_has_multiple_unresolved_hpd_buildings|primary_address_matches_7_hpd_buildings,650656|812259|894821|895468|917250|917254|917261|917262|917263|917265|917270|917273|917277|917280|917281
stabili-4ea2b010-b692-5338-ba58-b6091cf81789,queens-2024-p159-r16,ambiguous,manual_review,"60-04 Woodbine Street, Queens, NY 11385",4035290013,,,"66-41 60 Place, Queens, NY 11385",source_bbl_found_in_official_nyc_data|parcel_has_multiple_unresolved_hpd_buildings,450368|999081
stabili-550d867d-0c1c-59bd-acc9-ed2da9c576bb,queens-2024-p160-r30,ambiguous,manual_review,"73-06–73-16 Woodhaven Boulevard, Queens, NY 11385",4038740078,,,"89-15 73 Avenue, Queens, NY 11385",source_bbl_found_in_official_nyc_data|parcel_has_multiple_unresolved_hpd_buildings,471008|917214|917215|917243|917247|917248
stabili-7254375b-c9f7-5cb2-90c3-2234c7adc7ee,queens-2024-p161-r20,ambiguous,manual_review,"681 Woodward Avenue, Queens, NY 11385",4034780008,,,"681 Woodward Avenue, Queens, NY 11385",source_bbl_found_in_official_nyc_data|parcel_has_multiple_unresolved_hpd_buildings|primary_address_matches_2_hpd_buildings,705786|823156
stabili-683b4fd6-1b04-516d-acd4-8510a685c885,queens-2024-p161-r37,ambiguous,manual_review,"114-33 Francis Lewis Boulevard, Queens, NY 11411",4110250011,,,"114-31 Francis Lewis Blvd, Queens, NY 11411",source_bbl_found_in_official_nyc_data|parcel_has_multiple_unresolved_hpd_buildings,656066|861300|922306|922307|922308|922309|922311|938355
stabili-b3bcf5f0-3932-5e4b-a4c2-e16d723e9e67,queens-2024-p161-r45,ambiguous,manual_review,"114-59 Francis Lewis Boulevard, Queens, NY 11411",4110250011,,,"114-31 Francis Lewis Blvd, Queens, NY 11411",source_bbl_found_in_official_nyc_data|parcel_has_multiple_unresolved_hpd_buildings,656066|861300|922306|922307|922308|922309|922311|938355
stabili-cbe90ea7-f401-5bc3-bef9-ba374eb88c3a,queens-2024-p161-r49,ambiguous,manual_review,"115-109 Springfield Boulevard, Queens, NY 11411",4112980008,,,"115-85 Springfield Blvd, Queens, NY 11411",source_bbl_found_in_official_nyc_data|parcel_has_multiple_unresolved_hpd_buildings,695915|812771|819365|917050|917051|917052|917053|917054|917055|917056|917057|917058|917059|917060|1007400
stabili-c7d52ee9-dede-54d9-85c1-f56309a6d5d3,queens-2024-p162-r18,ambiguous,manual_review,"104-25 195th Street, Queens, NY 11412",4108910021,,,"104-25 195 Street, Queens, NY 11412",source_bbl_found_in_official_nyc_data|parcel_has_multiple_unresolved_hpd_buildings,587432|811545
stabili-4541e66e-5f89-5eaf-8300-5389bcaf3926,queens-2024-p162-r22,ambiguous,manual_review,"187-05–187-11 Baisley Boulevard, Queens, NY 11412",4124400167,,,"187-11 Baisley Boulevard, Queens, NY 11412",source_bbl_found_in_official_nyc_data|parcel_has_multiple_unresolved_hpd_buildings|primary_address_matches_3_hpd_buildings,630344|834602|834603
stabili-a2d5d33d-fc95-51f7-b63f-2047c39039c9,queens-2024-p162-r23,ambiguous,manual_review,"187-15–187-21 Baisley Boulevard, Queens, NY 11412",4124400161,,,"187-21 Baisley Boulevard, Queens, NY 11412",source_bbl_found_in_official_nyc_data|parcel_has_multiple_unresolved_hpd_buildings|primary_address_matches_4_hpd_buildings,630347|834610|834613|834614
stabili-3e98a49f-6e52-516e-9114-cb2ff6e68a04,queens-2024-p162-r26,ambiguous,manual_review,"120-10–120-30 Farmers Boulevard, Queens, NY 11412",4124580421,,,"187-04 120 Avenue, Queens, NY 11412",source_bbl_found_in_official_nyc_data|parcel_has_multiple_unresolved_hpd_buildings|primary_address_matches_2_hpd_buildings,533699|810816|811449|933070|933143|933145|933149|933176|957734|957736|957740|957741
stabili-e128aa42-95bc-5e5e-aa7d-ffabc34153a3,queens-2024-p162-r28,ambiguous,manual_review,"187-22–187-28 Foch Boulevard, Queens, NY 11412",4124400154,,,"187-22 Foch Boulevard, Queens, NY 11412",source_bbl_found_in_official_nyc_data|parcel_has_multiple_unresolved_hpd_buildings|primary_address_matches_3_hpd_buildings,655283|953608|953610
stabili-83511ad3-6e34-5a01-867f-a046a8a8df05,queens-2024-p164-r4,ambiguous,manual_review,"84-32–84-83 Austin Street, Queens, NY 11415",4092470001,,,"84-17 125 Street, Queens, NY 11415",source_bbl_found_in_official_nyc_data|parcel_has_multiple_unresolved_hpd_buildings|primary_address_matches_7_hpd_buildings,488444|855333|855334|855335|855336|855337|855338|855339|855340|855342|855343|855344|855345|855346|855349|855350|855351|855352|855356|855357
stabili-fb9ca9bf-535f-527a-a1a1-de33dc2f81f2,queens-2024-p164-r22,ambiguous,manual_review,"84-40 Lefferts Boulevard, Queens, NY 11415",4092340025,,,"84-40 Lefferts Boulevard, Queens, NY 11415",source_bbl_found_in_official_nyc_data|parcel_has_multiple_unresolved_hpd_buildings|primary_address_matches_2_hpd_buildings,672880|923102
stabili-b99a4db0-c889-52e2-836e-e5b820553d36,queens-2024-p164-r45,ambiguous,manual_review,"83-64–83-74 Talbot Street, Queens, NY 11415",4033550136,,,"83-74 Talbot Street, Queens, NY 11415",source_bbl_found_in_official_nyc_data|parcel_has_multiple_unresolved_hpd_buildings|primary_address_matches_2_hpd_buildings,699232|811888
stabili-cced680e-1b45-52b2-a47a-8f2a0e002b7d,queens-2024-p164-r47,ambiguous,manual_review,"8300 Talbot Street, Queens, NY 11415",4033550106,,,"83-00 Lefferts Boulevard, Queens, NY 11415",source_bbl_found_in_official_nyc_data|parcel_has_multiple_unresolved_hpd_buildings,699216|1015170
stabili-10b0625e-f638-5591-a783-bdbfa86f65a9,queens-2024-p165-r8,ambiguous,manual_review,"101-02–101-20 103rd Street, Queens, NY 11416",4094200008,,,"102-18 101 Avenue, Queens, NY 11416",source_bbl_found_in_official_nyc_data|parcel_has_multiple_unresolved_hpd_buildings|primary_address_matches_2_hpd_buildings,511383|944289
stabili-ad8eb5b0-54f3-5ba3-bec0-e360d812ec8c,queens-2024-p165-r37,ambiguous,manual_review,"86-15 Rockaway Boulevard, Queens, NY 11416",4090580018,,,"86-15 Rockaway Boulevard, Queens, NY 11416",source_bbl_found_in_official_nyc_data|parcel_has_multiple_unresolved_hpd_buildings|primary_address_matches_2_hpd_buildings,692150|1002200
stabili-098231f9-22f8-543d-8c1c-42456cdda7ca,queens-2024-p165-r48,ambiguous,manual_review,"89-11 133rd Avenue, Queens, NY 11417",4113510034,,,"89-24 Gold Road, Queens, NY 11417",source_bbl_found_in_official_nyc_data|parcel_has_multiple_unresolved_hpd_buildings,659010|930072
stabili-c0533cd3-d3fb-5212-8a3d-175e1cd217ef,queens-2024-p165-r55,ambiguous,manual_review,"103-24 97th Street, Queens, NY 11417",4091190016,,,"103-24 97 Street, Queens, NY 11417",source_bbl_found_in_official_nyc_data|parcel_has_multiple_unresolved_hpd_buildings|primary_address_matches_2_hpd_buildings,507887|884945
stabili-38be7ff8-b133-5c02-9b34-f32a27b791c1,queens-2024-p167-r10,ambiguous,manual_review,"87-12 125th Street, Queens, NY 11418",4093337501,,,"124-20 Jamaica Avenue, Queens, NY 11418",source_bbl_found_in_official_nyc_data|parcel_has_multiple_unresolved_hpd_buildings|primary_address_matches_2_hpd_buildings,883304|946288
stabili-68fb9ed6-98ea-5c8e-b6c5-ff40d4422b33,queens-2024-p167-r45,ambiguous,manual_review,"129-11 Jamaica Avenue, Queens, NY 11418",4092810044,,,"129-01 Jamaica Avenue, Queens, NY 11418",source_bbl_found_in_official_nyc_data|parcel_has_multiple_unresolved_hpd_buildings|primary_address_matches_2_hpd_buildings,667565|929031|1003043
stabili-1e5acd9c-3eee-5eee-ad23-9bd29a8d010d,queens-2024-p167-r55,ambiguous,manual_review,"117-01 Park Lane South, Queens, NY 11418",4033120008,,,"117-01 Metropolitan Avenue, Queens, NY 11418",source_bbl_found_in_official_nyc_data|parcel_has_multiple_unresolved_hpd_buildings,686895|811732
stabili-4267df01-2cbf-5a8f-993d-fcddff341925,queens-2024-p168-r19,ambiguous,manual_review,"95-24 113th Street, Queens, NY 11419",4094140018,,,"95-24 113 Street, Queens, NY 11419",source_bbl_found_in_official_nyc_data|parcel_has_multiple_unresolved_hpd_buildings|primary_address_matches_2_hpd_buildings,895420|939176
stabili-b71a21f0-6ba1-5a6f-b5a7-32e75c0bd390,queens-2024-p168-r33,ambiguous,manual_review,"103-43 120th Street, Queens, NY 11419",4095580044,,,"103-43 120 Street, Queens, NY 11419",source_bbl_found_in_official_nyc_data|parcel_has_multiple_unresolved_hpd_buildings|primary_address_matches_2_hpd_buildings,534005|989590
stabili-8b0adf53-187a-54ef-a5ab-0fd33cf79e2d,queens-2024-p168-r36,ambiguous,manual_review,"97-14 125th Street, Queens, NY 11419",4094650013,,,"97-14 125 Street, Queens, NY 11419",source_bbl_found_in_official_nyc_data|parcel_has_multiple_unresolved_hpd_buildings|primary_address_matches_2_hpd_buildings,539159|891276
stabili-42974f92-cf05-5ba2-83af-a9ff5c701322,queens-2024-p169-r16,ambiguous,manual_review,"91-47 88th Road, Queens, NY 11421",4089300098,,,"88-20 Woodhaven Boulevard, Queens, NY 11421",source_bbl_found_in_official_nyc_data|parcel_has_multiple_unresolved_hpd_buildings,705272|1011189
stabili-31444b8e-35b8-532e-912b-2c2d89cd2589,queens-2024-p169-r39,ambiguous,manual_review,"131-02–131-05 233rd Street, Queens, NY 11422",4129430119,,,"232-02 131 Avenue, Queens, NY 11413",source_bbl_found_in_official_nyc_data|parcel_has_multiple_unresolved_hpd_buildings,922368|922372
stabili-41deca5b-a3a8-503e-b984-232e05007437,queens-2024-p169-r42,ambiguous,manual_review,"102-04–102-32 184th Street, Queens, NY 11423",4103610050,,,"102-04 184 Street, Queens, NY 11423",source_bbl_found_in_official_nyc_data|parcel_has_multiple_unresolved_hpd_buildings|primary_address_matches_12_hpd_buildings,582406|957426|957427|957428|957429|957430|957431|957432|957433|957434|957435|957436
stabili-2c5545f8-87c6-59b6-a7d2-7bf168e6212b,queens-2024-p169-r43,ambiguous,manual_review,"102-31–102-61 184th Street, Queens, NY 11423",4103620001,,,"102-31 184 Street, Queens, NY 11412",source_bbl_found_in_official_nyc_data|parcel_has_multiple_unresolved_hpd_buildings|primary_address_matches_13_hpd_buildings,582418|942936|943009|943161|943163|943164|943166|943168|943170|943171|943172|943173|944259
stabili-3c1f8ef5-98de-5810-a397-f8344bb992da,queens-2024-p169-r44,ambiguous,manual_review,"102-34–102-60 184th Street, Queens, NY 11423",4103610001,,,"102-34 184 Street, Queens, NY 11423",source_bbl_found_in_official_nyc_data|parcel_has_multiple_unresolved_hpd_buildings|primary_address_matches_12_hpd_buildings,582419|915174|915177|915183|915187|915194|915195|915196|915199|915201|915202|915265
stabili-48d06224-d56b-543c-be2f-ead1c7c623a0,queens-2024-p169-r45,ambiguous,manual_review,"102-01–102-53 185th Street, Queens, NY 11423",4103630072,,,"102-01 185 Street, Queens, NY 11423",source_bbl_found_in_official_nyc_data|parcel_has_multiple_unresolved_hpd_buildings|primary_address_matches_12_hpd_buildings,582811|916604|916606|916609|916611|916613|916615|916616|916617|916618|916620|916622
stabili-a0ca1946-86de-5861-a11a-c0918d97df0f,queens-2024-p169-r46,ambiguous,manual_review,"102-02–102-64 185th Street, Queens, NY 11423",4103620043,,,"102-02 185 Street, Queens, NY 11423",source_bbl_found_in_official_nyc_data|parcel_has_multiple_unresolved_hpd_buildings|primary_address_matches_28_hpd_buildings,582812|861299|922949|922950|922951|922952|922954|922959|922973|922974|922975|922977|923016|923017|923018|923020|923021|923022|923030|923072
stabili-434e2343-8a1c-5d5b-be61-94d52220c02f,queens-2024-p169-r47,ambiguous,manual_review,"102-01–102-65 186th Street, Queens, NY 11423",4103650002,,,"102-01 186 Street, Queens, NY 11412",source_bbl_found_in_official_nyc_data|parcel_has_multiple_unresolved_hpd_buildings|primary_address_matches_27_hpd_buildings,583201|811056|895242|909627|916708|916712|916714|916715|916716|916717|916719|916733|916736|916738|916739|916741|916742|916743|916744|916745
stabili-cd296b3a-0c9a-5f2a-a446-2bd6cb656a17,queens-2024-p169-r48,ambiguous,manual_review,"102-02–102-66 186th Street, Queens, NY 11423",4103630002,,,"102-02 186Th Street, Queens, NY 11423",source_bbl_found_in_official_nyc_data|parcel_has_multiple_unresolved_hpd_buildings|primary_address_matches_24_hpd_buildings,583202|916626|916627|916628|916630|916633|916635|916642|916644|916645|916648|916649|916651|916652|916654|916655|916656|916660|916661|916663
stabili-3f6e6a2f-4082-51b5-9138-6de93745ecee,queens-2024-p169-r52,ambiguous,manual_review,"91-53 191st Street, Queens, NY 11423",4108200009,,,"91-53 191 Street, Queens, NY 11423",source_bbl_found_in_official_nyc_data|parcel_has_multiple_unresolved_hpd_buildings|primary_address_matches_2_hpd_buildings,585667|936255
stabili-b1a3685e-3c92-555d-a36c-b68d63004800,queens-2024-p170-r8,ambiguous,manual_review,"91-32–91-34 195th Street, Queens, NY 11423",4108210060,,,"91-32 195 Street, Queens, NY 11423",source_bbl_found_in_official_nyc_data|parcel_has_multiple_unresolved_hpd_buildings|primary_address_matches_2_hpd_buildings,587971|1000098
stabili-676bd551-bc1a-5055-bd55-3e78eb4ec414,queens-2024-p170-r20,ambiguous,manual_review,"198-05 Dunton Avenue, Queens, NY 11423",4105240150,,,"87-09 Pompeii Avenue, Queens, NY 11423",source_bbl_found_in_official_nyc_data|parcel_has_multiple_unresolved_hpd_buildings,651219|925352|925353|925372
stabili-260f2b40-ac43-57e1-9e13-5d143de41b1b,queens-2024-p170-r21,ambiguous,manual_review,"198-29 Dunton Avenue, Queens, NY 11423",4105240150,,,"87-09 Pompeii Avenue, Queens, NY 11423",source_bbl_found_in_official_nyc_data|parcel_has_multiple_unresolved_hpd_buildings,651219|925352|925353|925372
stabili-47a2a7cd-7927-51e1-b253-c58f40a99548,queens-2024-p170-r46,ambiguous,manual_review,"198-08 Pompeii Avenue, Queens, NY 11423",4105240150,,,"87-09 Pompeii Avenue, Queens, NY 11423",source_bbl_found_in_official_nyc_data|parcel_has_multiple_unresolved_hpd_buildings,651219|925352|925353|925372
stabili-a3570478-acfb-5ac4-97ab-3fd99ca8d5f3,queens-2024-p170-r50,ambiguous,manual_review,"251-01–251-45 71st Avenue, Queens, NY 11426",4084010675,,,"251-38 71 Avenue, Queens, NY 11426",source_bbl_found_in_official_nyc_data|parcel_has_multiple_unresolved_hpd_buildings|primary_address_matches_9_hpd_buildings,466770|916526|917490|917499|917616|917834|917871|917895|917991|918017|918058|918183|918217|918219|918225|918250|918296|918346|918358
stabili-825147de-6730-53b1-88de-69e2e93796ba,queens-2024-p170-r51,ambiguous,manual_review,"245-01–248-99 76th Avenue, Queens, NY 11426",4084010096,,,"70-33 260 Street, Queens, NY 11426",source_bbl_found_in_official_nyc_data|parcel_has_multiple_unresolved_hpd_buildings|primary_address_matches_5_hpd_buildings,473999|917145|917331|917334|917337|917338|917373
stabili-97527291-3666-5761-8f82-c008625f9df5,queens-2024-p171-r10,ambiguous,manual_review,"87-04 218th Place, Queens, NY 11427",4106870035,,,"218-05 Hillside Avenue, Queens, NY 11427",source_bbl_found_in_official_nyc_data|parcel_has_multiple_unresolved_hpd_buildings,663826|811110|980377|980378
stabili-90783df8-adbf-57a9-b515-ebfc9b766bd9,queens-2024-p171-r13,ambiguous,manual_review,"87-08 218th Place, Queens, NY 11427",4106870035,,,"218-05 Hillside Avenue, Queens, NY 11427",source_bbl_found_in_official_nyc_data|parcel_has_multiple_unresolved_hpd_buildings,663826|811110|980377|980378
stabili-3798fc30-8907-5d12-8582-7325cb17de06,queens-2024-p171-r28,ambiguous,manual_review,"210-34–210-40 Grand Central Parkway, Queens, NY 11427",4105920150,,,"210-10 Grnd Cntrl Pkwy Sr E, Queens, NY 11427",source_bbl_found_in_official_nyc_data|parcel_has_multiple_unresolved_hpd_buildings,659993|810735|810736|811484|1015956
stabili-f54b9396-5c76-516f-97fd-53c39f8e5980,queens-2024-p171-r29,ambiguous,manual_review,"209-03–209-15 Hillside Avenue, Queens, NY 11427",4105910001,,,"209-03 Hillside Avenue, Queens, NY 11427",source_bbl_found_in_official_nyc_data|parcel_has_multiple_unresolved_hpd_buildings|primary_address_matches_6_hpd_buildings,663743|929403|929404|929405|929406|929407|940548|940549
stabili-9ef03b75-2277-5dd3-9cc8-b626b61506fd,queens-2024-p171-r30,ambiguous,manual_review,"209-17–209-27 Hillside Avenue, Queens, NY 11427",4105910072,,,"209-17 Hillside Avenue, Queens, NY 11427",source_bbl_found_in_official_nyc_data|parcel_has_multiple_unresolved_hpd_buildings|primary_address_matches_5_hpd_buildings,663747|929408|929409|929410|929411|929414|929416|929425|929430|940546|940547
stabili-372e989b-8202-529b-aab1-325a81cb57a0,queens-2024-p171-r31,ambiguous,manual_review,"210-15–210-27 Hillside Avenue, Queens, NY 11427",4105910060,,,"210-01 Hillside Avenue, Queens, NY 11427",source_bbl_found_in_official_nyc_data|parcel_has_multiple_unresolved_hpd_buildings|primary_address_matches_7_hpd_buildings,663755|929417|929418|929419|929420|929421|929422|929441|929448|929450|929451|940544
stabili-3c037cf2-446b-57ff-ac2e-332fd103a2c9,queens-2024-p171-r32,ambiguous,manual_review,"211-11–211-25 Hillside Avenue, Queens, NY 11427",4105910050,,,"211-01 Hillside Avenue, Queens, NY 11427",source_bbl_found_in_official_nyc_data|parcel_has_multiple_unresolved_hpd_buildings|primary_address_matches_7_hpd_buildings,663761|929443|929444|929445|929446|929452|929453|929454|929456
stabili-259b9d0f-7aaf-5b05-aedb-051464f31182,queens-2024-p171-r34,ambiguous,manual_review,"212-45–212-49 Hillside Avenue, Queens, NY 11427",4106810033,,,"213-21 Hillside Avenue, Queens, NY 11427",source_bbl_found_in_official_nyc_data|parcel_has_multiple_unresolved_hpd_buildings|primary_address_matches_2_hpd_buildings,663774|990469|990470|990471|990472|990473|990475|990476
stabili-faa6d6c0-e320-55e2-b063-e27831a29499,queens-2024-p171-r35,ambiguous,manual_review,"215-29–215-33 Hillside Avenue, Queens, NY 11427",4106840022,,,"215-31 Hillside Avenue, Queens, NY 11427",source_bbl_found_in_official_nyc_data|parcel_has_multiple_unresolved_hpd_buildings|primary_address_matches_2_hpd_buildings,663812|811538|812278|929791
stabili-2ae1d494-3785-5523-a30b-cdcf43f077b4,queens-2024-p171-r41,ambiguous,manual_review,"217-03–217-09 Hillside Avenue, Queens, NY 11427",4106860006,,,"217-09 Hillside Avenue, Queens, NY 11427",source_bbl_found_in_official_nyc_data|parcel_has_multiple_unresolved_hpd_buildings|primary_address_matches_4_hpd_buildings,663822|811540|949522|979088|980455|980456
stabili-6f7b5cf2-3b25-5cbc-8abe-adb3fab106c5,queens-2024-p171-r42,ambiguous,manual_review,"217-11–217-19 Hillside Avenue, Queens, NY 11427",4106860001,,,"217-19 Hillside Avenue, Queens, NY 11427",source_bbl_found_in_official_nyc_data|parcel_has_multiple_unresolved_hpd_buildings|primary_address_matches_4_hpd_buildings,663824|949327|979086|980374|980457|980458
stabili-72e0a448-c002-5af2-8833-67428aeadd04,queens-2024-p171-r50,ambiguous,manual_review,"218-14 Spencer Avenue, Queens, NY 11427",4106870035,,,"218-05 Hillside Avenue, Queens, NY 11427",source_bbl_found_in_official_nyc_data|parcel_has_multiple_unresolved_hpd_buildings,663826|811110|980377|980378
stabili-841b7e39-2894-5723-8e60-735b470993ae,queens-2024-p172-r7,ambiguous,manual_review,"94-03–94-07 222nd Street, Queens, NY 11428",4107410178,,,"94-03 222 Street, Queens, NY 11428",source_bbl_found_in_official_nyc_data|parcel_has_multiple_unresolved_hpd_buildings|primary_address_matches_5_hpd_buildings,609942|1012962|1015012|1017832|1017833
stabili-8bdcabbb-945b-5d4c-950e-7b083dda4356,queens-2024-p172-r14,ambiguous,manual_review,"90-11–90-25 Borkel Place, Queens, NY 11428",4107230001,,,"90-01 Braddock Avenue, Queens, NY 11428",source_bbl_found_in_official_nyc_data|parcel_has_multiple_unresolved_hpd_buildings,704678|810751
stabili-b41aae33-807d-58e3-b4f4-5c5d4f580c73,queens-2024-p172-r19,ambiguous,manual_review,"218-65–218-89 98th Avenue, Queens, NY 11429",4107830042,,,"218-65 98 Avenue, Queens, NY 11429",source_bbl_found_in_official_nyc_data|parcel_has_multiple_unresolved_hpd_buildings|primary_address_matches_7_hpd_buildings,508849|813101|909898|912596|928431|934975|936723|936726|936727|936728
stabili-83d02025-166f-54a0-b503-dab6f21cfb70,queens-2024-p173-r28,ambiguous,manual_review,"90-34 171st Street, Queens, NY 11432",4098040057,,,"90-34 171 Street, Queens, NY 11432",source_bbl_found_in_official_nyc_data|parcel_has_multiple_unresolved_hpd_buildings|primary_address_matches_2_hpd_buildings,576306|966739
stabili-cf011fb3-7afc-5321-99bc-62295bb2fe1d,queens-2024-p174-r8,ambiguous,manual_review,"150-01–150-03 88th Avenue, Queens, NY 11432",4096970001,,,"150-01 88 Avenue, Queens, NY 11432",source_bbl_found_in_official_nyc_data|parcel_has_multiple_unresolved_hpd_buildings|primary_address_matches_2_hpd_buildings,495275|812230|812231|949348|977470|977471|1001962
stabili-9355673b-c0fe-5de6-a050-dc06e27d59e6,queens-2024-p174-r10,ambiguous,manual_review,"150-05–150-07 88th Avenue, Queens, NY 11432",4096970001,,,"150-01 88 Avenue, Queens, NY 11432",source_bbl_found_in_official_nyc_data|parcel_has_multiple_unresolved_hpd_buildings|primary_address_matches_2_hpd_buildings,495275|812230|812231|949348|977470|977471|1001962
stabili-3d58e1b4-4a19-5aae-83fc-beed29a1f240,queens-2024-p174-r11,ambiguous,manual_review,"150-09–150-11 88th Avenue, Queens, NY 11432",4096970001,,,"150-01 88 Avenue, Queens, NY 11432",source_bbl_found_in_official_nyc_data|parcel_has_multiple_unresolved_hpd_buildings|primary_address_matches_2_hpd_buildings,495275|812230|812231|949348|977470|977471|1001962
stabili-ee915848-c791-50f6-8959-31d1445d0169,queens-2024-p174-r28,ambiguous,manual_review,"161-01 89th Avenue, Queens, NY 11432",4097670001,,,"161-01 89 Avenue, Queens, NY 11432",source_bbl_found_in_official_nyc_data|parcel_has_multiple_unresolved_hpd_buildings|primary_address_matches_2_hpd_buildings,497347|995694
stabili-08a926c9-e4ef-55f2-8022-102894453a35,queens-2024-p174-r42,ambiguous,manual_review,"170-19 89th Avenue, Queens, NY 11432",4098240063,,,"170-19 89 Avenue, Queens, NY 11432",source_bbl_found_in_official_nyc_data|parcel_has_multiple_unresolved_hpd_buildings|primary_address_matches_2_hpd_buildings,497416|996853
stabili-5731cd28-c961-56f2-9172-680912dbe635,queens-2024-p175-r26,ambiguous,manual_review,"164-11 Highland Avenue, Queens, NY 11432",4098460010,,,"164-11 Highland Avenue, Queens, NY 11432",source_bbl_found_in_official_nyc_data|parcel_has_multiple_unresolved_hpd_buildings|primary_address_matches_2_hpd_buildings,663003|1009900
stabili-0060e199-e59c-5da4-b2bd-9960c237ca79,queens-2024-p176-r56,ambiguous,manual_review,"170-02 93rd Avenue, Queens, NY 11433",4102190001,,,"170-02 93 Avenue, Queens, NY 11433",source_bbl_found_in_official_nyc_data|parcel_has_multiple_unresolved_hpd_buildings|primary_address_matches_2_hpd_buildings,502888|909207
stabili-164acaa6-792b-5d9b-8287-f732fc031f00,queens-2024-p177-r34,ambiguous,manual_review,"116-26–116-48 169th Street, Queens, NY 11434",4123500025,,,"116-26 169 Street, Queens, NY 11434",source_bbl_found_in_official_nyc_data|parcel_has_multiple_unresolved_hpd_buildings|primary_address_matches_11_hpd_buildings,573990|861880|861887|861888|861889|861890|861892|861893|861894|861895|861896
stabili-cd4a5778-8adc-5a4a-b558-498444a6f1b1,queens-2024-p177-r35,ambiguous,manual_review,"116-27–116-45 169th Street, Queens, NY 11434",4123510011,,,"116-27 169 Street, Queens, NY 11434",source_bbl_found_in_official_nyc_data|parcel_has_multiple_unresolved_hpd_buildings|primary_address_matches_10_hpd_buildings,573991|861906|861907|861908|861910|861912|861913|861914|861915|861922|861923|861925|861926|861927|861928|861929|861931|861932
stabili-d50c79a4-4aa8-5dda-bec0-ed2e3d2c8419,queens-2024-p177-r37,ambiguous,manual_review,"116-30–116-49 170th Street, Queens, NY 11434",4123510011,,,"116-27 169 Street, Queens, NY 11434",source_bbl_found_in_official_nyc_data|parcel_has_multiple_unresolved_hpd_buildings|primary_address_matches_8_hpd_buildings,573991|861906|861907|861908|861910|861912|861913|861914|861915|861922|861923|861925|861926|861927|861928|861929|861931|861932
stabili-a779356b-33c2-55d2-b88a-b886df346732,queens-2024-p177-r42,ambiguous,manual_review,"126-02 Locust Manor Lane, Queens, NY 11434",4125290205,,,"172 Street, Queens, NY 11434",source_bbl_found_in_official_nyc_data|parcel_has_multiple_unresolved_hpd_buildings,976922|997131
stabili-7fcdbbf5-4ce3-5477-a047-2c422f7f3892,queens-2024-p178-r1,ambiguous,manual_review,"81-05 135th Street, Queens, NY 11435",4096690045,,,"81-05 135 Street, Queens, NY 11435",source_bbl_found_in_official_nyc_data|parcel_has_multiple_unresolved_hpd_buildings|primary_address_matches_2_hpd_buildings,548355|950362
stabili-fdee18b8-d306-5f64-a4d1-73499f830369,queens-2024-p178-r8,ambiguous,manual_review,"89-15 138th Street, Queens, NY 11435",4099740035,,,"89-15 138 Street, Queens, NY 11435",source_bbl_found_in_official_nyc_data|parcel_has_multiple_unresolved_hpd_buildings|primary_address_matches_2_hpd_buildings,550159|974739
stabili-337bf058-89cf-5d1b-a6db-6d61c407caa2,queens-2024-p178-r11,ambiguous,manual_review,"89-28 138th Place, Queens, NY 11435",4099740020,,,"89-28 138 Place, Queens, NY 11435",source_bbl_found_in_official_nyc_data|parcel_has_multiple_unresolved_hpd_buildings|primary_address_matches_2_hpd_buildings,549818|988974
stabili-a9e245cc-27f9-5376-9f6d-ddef84e930b6,queens-2024-p178-r15,ambiguous,manual_review,"83-11 139th Street, Queens, NY 11435",4096650001,,,"83-20 141 Street, Queens, NY 11435",source_bbl_found_in_official_nyc_data|parcel_has_multiple_unresolved_hpd_buildings|primary_address_matches_2_hpd_buildings,551764|810868|810869
stabili-7c2aef36-880e-5fb5-9825-d3c7ede6cdd8,queens-2024-p178-r21,ambiguous,manual_review,"84-02 143rd Street, Queens, NY 11435",4097120178,,,"142-32 84 Drive, Queens, NY 11435",source_bbl_found_in_official_nyc_data|parcel_has_multiple_unresolved_hpd_buildings|primary_address_matches_2_hpd_buildings,488180|856935|883517
stabili-b903baa4-9dc7-514b-be90-3d2100628c2a,queens-2024-p178-r23,ambiguous,manual_review,"85-32 143rd Street, Queens, NY 11435",4097110075,,,"139-79 85 Drive, Queens, NY 11435",source_bbl_found_in_official_nyc_data|parcel_has_multiple_unresolved_hpd_buildings,490123|950469|997949|1001692
stabili-9b49068a-9472-51b5-ba85-811fe1bc4e24,queens-2024-p178-r27,ambiguous,manual_review,"87-87 144th Street, Queens, NY 11435",4096890006,,,"87-87 144 Street, Queens, NY 11435",source_bbl_found_in_official_nyc_data|parcel_has_multiple_unresolved_hpd_buildings|primary_address_matches_2_hpd_buildings,554225|933137
stabili-5c455742-4838-53be-ac32-2299236c3e74,queens-2024-p179-r16,ambiguous,manual_review,"141-48 84th Drive, Queens, NY 11435",4097120159,,,"141-48 84 Drive, Queens, NY 11435",source_bbl_found_in_official_nyc_data|parcel_has_multiple_unresolved_hpd_buildings|primary_address_matches_2_hpd_buildings,488170|902817
stabili-0045d155-2c24-5025-bb0e-1bee9bcb199d,queens-2024-p179-r24,ambiguous,manual_review,"139-60–139-80 85th Drive, Queens, NY 11435",4097100037,,,"139-60 85 Drive, Queens, NY 11435",source_bbl_found_in_official_nyc_data|parcel_has_multiple_unresolved_hpd_buildings|primary_address_matches_3_hpd_buildings,490122|951461|951970
stabili-a051bfd8-45a0-5b92-b105-a515d8dadb7b,queens-2024-p179-r30,ambiguous,manual_review,"141-35–141-65 85th Road, Queens, NY 11435",4097120102,,,"141-35 85 Road, Queens, NY 11435",source_bbl_found_in_official_nyc_data|parcel_has_multiple_unresolved_hpd_buildings|primary_address_matches_3_hpd_buildings,490324|955981|955983|1011499
stabili-bfb3ccd9-f9af-5302-84fb-0c35c01c1c18,queens-2024-p179-r32,ambiguous,manual_review,"141-68 85th Road, Queens, NY 11435",4097110075,,,"139-79 85 Drive, Queens, NY 11435",source_bbl_found_in_official_nyc_data|parcel_has_multiple_unresolved_hpd_buildings,490123|950469|997949|1001692
stabili-e6e60986-26a6-5fb1-8855-5d2a842f72e6,queens-2024-p179-r33,ambiguous,manual_review,"141-70 85th Road, Queens, NY 11435",4097110075,,,"139-79 85 Drive, Queens, NY 11435",source_bbl_found_in_official_nyc_data|parcel_has_multiple_unresolved_hpd_buildings,490123|950469|997949|1001692
stabili-f37f6516-586b-5867-a3e6-6571feb92d7b,queens-2024-p179-r34,ambiguous,manual_review,"141-72 85th Road, Queens, NY 11435",4097110075,,,"139-79 85 Drive, Queens, NY 11435",source_bbl_found_in_official_nyc_data|parcel_has_multiple_unresolved_hpd_buildings,490123|950469|997949|1001692
stabili-d3dc0f52-51a5-59bd-ac68-57d701e9339c,queens-2024-p179-r50,ambiguous,manual_review,"145-16 89th Avenue, Queens, NY 11435",4096750006,,,"89-06 146 Street, Queens, NY 11435",source_bbl_found_in_official_nyc_data|parcel_has_multiple_unresolved_hpd_buildings,556316|812031|1015827
stabili-debe0009-c6a7-55e2-8388-fe2fd77f5658,queens-2024-p179-r53,ambiguous,manual_review,"148-42–148-44 89th Avenue, Queens, NY 11435",4096810067,,,"148-42 150 Street, Queens, NY 11435",source_bbl_found_in_official_nyc_data|parcel_has_multiple_unresolved_hpd_buildings|primary_address_matches_2_hpd_buildings,497336|810745
stabili-7f546e0a-24c6-597f-b14d-fb7f8293c753,queens-2024-p179-r54,ambiguous,manual_review,"148-44 89th Avenue, Queens, NY 11435",4096810067,,,"148-42 150 Street, Queens, NY 11435",source_bbl_found_in_official_nyc_data|parcel_has_multiple_unresolved_hpd_buildings|primary_address_matches_2_hpd_buildings,497336|810745
stabili-39e0af46-f221-5b69-b965-943a8af496a0,queens-2024-p180-r3,ambiguous,manual_review,"148-09 90th Avenue, Queens, NY 11435",4096810095,,,"148-09 90 Avenue, Queens, NY 11435",source_bbl_found_in_official_nyc_data|parcel_has_multiple_unresolved_hpd_buildings|primary_address_matches_2_hpd_buildings,498867|1009581
stabili-c9859e19-b204-56b5-a9a1-29354e64a9fa,queens-2024-p180-r6,ambiguous,manual_review,"148-31–148-33 90th Avenue, Queens, NY 11435",4096810085,,,"148-31 90 Avenue, Queens, NY 11435",source_bbl_found_in_official_nyc_data|parcel_has_multiple_unresolved_hpd_buildings|primary_address_matches_2_hpd_buildings,498872|1008532
stabili-ba70f216-9af0-5aaa-b3cb-0f16c7e53899,queens-2024-p180-r11,ambiguous,manual_review,"95-04 Allendale Street, Queens, NY 11435",4100070008,,,"95-04 Allendale Street, Queens, NY 11435",source_bbl_found_in_official_nyc_data|parcel_has_multiple_unresolved_hpd_buildings|primary_address_matches_2_hpd_buildings,627745|982716
stabili-9b1a4c45-5664-522e-b0fc-c461cfd6e25c,queens-2024-p180-r12,ambiguous,manual_review,"97-29 Allendale Street, Queens, NY 11435",4100140030,,,"97-29 Allendale Street, Queens, NY 11435",source_bbl_found_in_official_nyc_data|parcel_has_multiple_unresolved_hpd_buildings|primary_address_matches_2_hpd_buildings,627775|951234
stabili-25d935db-6153-5eac-989a-1eac2b702a0b,queens-2024-p180-r23,ambiguous,manual_review,"144-21–144-57 Charter Road, Queens, NY 11435",4067150002,,,"81-26 150 Street, Queens, NY 11435",source_bbl_found_in_official_nyc_data|parcel_has_multiple_unresolved_hpd_buildings|primary_address_matches_8_hpd_buildings,561304|811333|811334|811335|811336|811337|811338|811339|811340|811341|811342|811343|811344|811466|811467|811477|811478|811479|811480|811894
stabili-a53477ca-d8f6-5ea3-9599-b9e671a67c37,queens-2024-p181-r1,ambiguous,manual_review,"84-42 Smedley Street, Queens, NY 11435",4097360141,,,"84-42 Smedley Street, Queens, NY 11435",source_bbl_found_in_official_nyc_data|parcel_has_multiple_unresolved_hpd_buildings|primary_address_matches_2_hpd_buildings,695363|695364|993470
stabili-9fb7f8df-c398-5569-91fe-9ae3b9144c0d,queens-2024-p181-r15,ambiguous,manual_review,"10-08–10-24 Bay 30th Street, Queens, NY 11691",4157390001,,,"29-03 Bessemund Avenue, Queens, NY 11691",source_bbl_found_in_official_nyc_data|parcel_has_multiple_unresolved_hpd_buildings|primary_address_matches_2_hpd_buildings,638336|811234|811517|895243|931526|944261
stabili-e686f430-be8d-57c3-b758-944e1114e86b,queens-2024-p181-r48,ambiguous,manual_review,"507 Beach 43rd Street, Queens, NY 11691",4159620100,,,"507 Beach 43 Street, Queens, NY 11691",source_bbl_found_in_official_nyc_data|parcel_has_multiple_unresolved_hpd_buildings|primary_address_matches_2_hpd_buildings,632436|965646
stabili-7c7cf72b-a3f0-590e-bb2d-f9db33f20eed,queens-2024-p182-r17,ambiguous,manual_review,"20-09–20-17 Cornaga Avenue, Queens, NY 11691",4157500029,,,"20-09 Cornaga Avenue, Queens, NY 11691",source_bbl_found_in_official_nyc_data|parcel_has_multiple_unresolved_hpd_buildings|primary_address_matches_2_hpd_buildings,646218|811352
stabili-60909e84-51ac-509f-a0a8-9176e6a06bad,queens-2024-p182-r22,ambiguous,manual_review,"22-06–22-22 Cornaga Avenue, Queens, NY 11691",4157060001,,,"22-06 Cornaga Avenue, Queens, NY 11691",source_bbl_found_in_official_nyc_data|parcel_has_multiple_unresolved_hpd_buildings|primary_address_matches_5_hpd_buildings,646229|811353|937914|937915|937916|937917|937918|937919|988610
stabili-78f27336-24d2-5e4d-a481-5ca05149ab9f,queens-2024-p182-r25,ambiguous,manual_review,"13-22 Dickens Street, Queens, NY 11691",4156650001,,,"23-34 Mott Avenue, Queens, NY 11691",source_bbl_found_in_official_nyc_data|parcel_has_multiple_unresolved_hpd_buildings|primary_address_matches_2_hpd_buildings,680772|811393|811404|948925|948930|948931|948932|948933|948934|948935|948936|948937
stabili-566898b8-2775-5c7d-891a-6a775518e33a,queens-2024-p182-r26,ambiguous,manual_review,"13-26 Dickens Street, Queens, NY 11691",4156650001,,,"23-34 Mott Avenue, Queens, NY 11691",source_bbl_found_in_official_nyc_data|parcel_has_multiple_unresolved_hpd_buildings|primary_address_matches_2_hpd_buildings,680772|811393|811404|948925|948930|948931|948932|948933|948934|948935|948936|948937
stabili-089a7ea7-ed78-5ea1-98ee-d2bb6bc46d26,queens-2024-p182-r27,ambiguous,manual_review,"13-32 Dickens Street, Queens, NY 11691",4156650001,,,"23-34 Mott Avenue, Queens, NY 11691",source_bbl_found_in_official_nyc_data|parcel_has_multiple_unresolved_hpd_buildings|primary_address_matches_2_hpd_buildings,680772|811393|811404|948925|948930|948931|948932|948933|948934|948935|948936|948937
stabili-67d199ed-544c-58cc-8c10-366ed1b13653,queens-2024-p183-r49,ambiguous,manual_review,"20-02–20-06 Seagirt Boulevard, Queens, NY 11691",4157800100,,,"20-02 Seagirt Boulevard, Queens, NY 11691",source_bbl_found_in_official_nyc_data|parcel_has_multiple_unresolved_hpd_buildings|primary_address_matches_3_hpd_buildings,694095|811837|863525|863529|936708|936709
stabili-e1cf05f2-6096-5280-ba4d-ee1db70ed0ed,queens-2024-p183-r50,ambiguous,manual_review,"20-08–20-12 Seagirt Boulevard, Queens, NY 11691",4157800100,,,"20-02 Seagirt Boulevard, Queens, NY 11691",source_bbl_found_in_official_nyc_data|parcel_has_multiple_unresolved_hpd_buildings|primary_address_matches_3_hpd_buildings,694095|811837|863525|863529|936708|936709
stabili-36a5b87b-5791-52c0-9cb4-878f3d6fcd0f,queens-2024-p183-r51,ambiguous,manual_review,"20-16–20-20 Seagirt Boulevard, Queens, NY 11691",4157800020,,,"20-20 Seagirt Boulevard, Queens, NY 11691",source_bbl_found_in_official_nyc_data|parcel_has_multiple_unresolved_hpd_buildings|primary_address_matches_2_hpd_buildings,694096|811832|811833|811834|811835|811836|932389|932390|932391|932403|932405|932406|932408
stabili-0f6ef637-a08c-5e87-9f07-047cf3b88045,queens-2024-p183-r52,ambiguous,manual_review,"20-21–20-25 Seagirt Boulevard, Queens, NY 11691",4158100001,,,"20-21 Seagirt Boulevard, Queens, NY 11691",source_bbl_found_in_official_nyc_data|parcel_has_multiple_unresolved_hpd_buildings|primary_address_matches_3_hpd_buildings,694097|811838|930279|930355|930356|930357
stabili-f3f55d4f-2fa0-5097-8ef0-06b61d77e2f7,queens-2024-p183-r53,ambiguous,manual_review,"20-24–20-28 Seagirt Boulevard, Queens, NY 11691",4157800020,,,"20-20 Seagirt Boulevard, Queens, NY 11691",source_bbl_found_in_official_nyc_data|parcel_has_multiple_unresolved_hpd_buildings|primary_address_matches_3_hpd_buildings,694096|811832|811833|811834|811835|811836|932389|932390|932391|932403|932405|932406|932408
stabili-bcc00608-46dc-56cd-b1f3-a432f10bd63d,queens-2024-p183-r54,ambiguous,manual_review,"20-27–20-31 Seagirt Boulevard, Queens, NY 11691",4158100001,,,"20-21 Seagirt Boulevard, Queens, NY 11691",source_bbl_found_in_official_nyc_data|parcel_has_multiple_unresolved_hpd_buildings|primary_address_matches_3_hpd_buildings,694097|811838|930279|930355|930356|930357
stabili-2a81966d-9510-5035-82d4-00f697e03a7e,queens-2024-p183-r55,ambiguous,manual_review,"20-30–20-34 Seagirt Boulevard, Queens, NY 11691",4157800020,,,"20-20 Seagirt Boulevard, Queens, NY 11691",source_bbl_found_in_official_nyc_data|parcel_has_multiple_unresolved_hpd_buildings|primary_address_matches_2_hpd_buildings,694096|811832|811833|811834|811835|811836|932389|932390|932391|932403|932405|932406|932408
stabili-ebdc2851-7d67-53ae-ba24-e5cbbce49d1d,queens-2024-p183-r56,ambiguous,manual_review,"20-33–20-35 Seagirt Boulevard, Queens, NY 11691",4158100071,,,"20-33 Seagirt Boulevard, Queens, NY 11691",source_bbl_found_in_official_nyc_data|parcel_has_multiple_unresolved_hpd_buildings|primary_address_matches_2_hpd_buildings,694098|811839|930659|930660
stabili-b60bc211-084b-5e71-9852-8badeea06efc,queens-2024-p184-r1,ambiguous,manual_review,"20-37–20-39 Seagirt Boulevard, Queens, NY 11691",4158100071,,,"20-33 Seagirt Boulevard, Queens, NY 11691",source_bbl_found_in_official_nyc_data|parcel_has_multiple_unresolved_hpd_buildings|primary_address_matches_2_hpd_buildings,694098|811839|930659|930660
stabili-f81313c1-5c8e-5be7-9fe3-5f1fe2a46cd5,queens-2024-p184-r2,ambiguous,manual_review,"20-38–20-42 Seagirt Boulevard, Queens, NY 11691",4157800020,,,"20-20 Seagirt Boulevard, Queens, NY 11691",source_bbl_found_in_official_nyc_data|parcel_has_multiple_unresolved_hpd_buildings|primary_address_matches_3_hpd_buildings,694096|811832|811833|811834|811835|811836|932389|932390|932391|932403|932405|932406|932408
stabili-6819ce7e-44dd-5089-885e-01d791fdb612,queens-2024-p184-r4,ambiguous,manual_review,"20-44–20-50 Seagirt Boulevard, Queens, NY 11691",4157800020,,,"20-20 Seagirt Boulevard, Queens, NY 11691",source_bbl_found_in_official_nyc_data|parcel_has_multiple_unresolved_hpd_buildings|primary_address_matches_3_hpd_buildings,694096|811832|811833|811834|811835|811836|932389|932390|932391|932403|932405|932406|932408
stabili-f0a1565f-69da-5a9f-b027-471f3a162b31,queens-2024-p184-r11,ambiguous,manual_review,"711A–711D Seagirt Avenue, Queens, NY 11691",4156100001,,,"7-11 Seagirt Avenue, Queens, NY 11691",source_bbl_found_in_official_nyc_data|parcel_has_multiple_unresolved_hpd_buildings,694083|992670
stabili-e6b382ea-4661-5cef-82a3-dd7f3d8dd780,queens-2024-p184-r26,ambiguous,manual_review,"276 Watjean Court, Queens, NY 11691",4157820007,,,"2-76 Watjean Court, Queens, NY 11691",source_bbl_found_in_official_nyc_data|parcel_has_multiple_unresolved_hpd_buildings,703133|842870|879213
stabili-54a0a124-cb6a-5756-b204-8544ad86605a,queens-2024-p184-r47,ambiguous,manual_review,"333 Beach 67th Street, Queens, NY 11692",4159150063,,,"333 Beach 67 Street, Queens, NY 11692",source_bbl_found_in_official_nyc_data|parcel_has_multiple_unresolved_hpd_buildings|primary_address_matches_2_hpd_buildings,633232|877527
stabili-02f4d7b4-e4dc-5d95-85ab-228340ae1e5d,queens-2024-p184-r56,ambiguous,manual_review,"142 Beach 96th Street, Queens, NY 11693",4161680017,,,"142 Beach 96 Street, Queens, NY 11693",source_bbl_found_in_official_nyc_data|parcel_has_multiple_unresolved_hpd_buildings|primary_address_matches_3_hpd_buildings,633990|939323|965523
stabili-f07d39b7-cf59-59c9-81ac-001a04ffb127,queens-2024-p185-r1,ambiguous,manual_review,"156 Beach 97th Street, Queens, NY 11693",4161690021,,,"156 Beach 97 Street, Queens, NY 11693",source_bbl_found_in_official_nyc_data|parcel_has_multiple_unresolved_hpd_buildings|primary_address_matches_2_hpd_buildings,634016|912441
stabili-677a0ab3-0964-55a4-ac62-acfb46100992,queens-2024-p185-r39,ambiguous,manual_review,"216 Beach 100th Street, Queens, NY 11694",4161550007,,,"216 Beach 100 Street, Queens, NY 11694",source_bbl_found_in_official_nyc_data|parcel_has_multiple_unresolved_hpd_buildings|primary_address_matches_2_hpd_buildings,811208|910329
stabili-a7bf8b62-2464-5cee-b92c-716afe948b55,queens-2024-p185-r43,ambiguous,manual_review,"192 Beach 102nd Street, Queens, NY 11694",4161740022,,,"192 Beach 102 Street, Queens, NY 11694",source_bbl_found_in_official_nyc_data|parcel_has_multiple_unresolved_hpd_buildings,634098|938862
stabili-5f67be51-47d5-5f45-972f-0da34fdd05e3,queens-2024-p185-r44,ambiguous,manual_review,"1 Beach 105th Street, Queens, NY 11694",4161770055,,,"106-10 Shore Front Parkway, Queens, NY 11694",source_bbl_found_in_official_nyc_data|parcel_has_multiple_unresolved_hpd_buildings,694908|970904|976401
stabili-a7930844-9441-5b13-affa-6d661e938540,staten-island-2024-p1-r1,ambiguous,manual_review,"6–14 Arlo Road, Staten Island, NY 10301",5005950015,,,"22 Howard Avenue, Staten Island, NY 10301",source_bbl_found_in_official_nyc_data|parcel_has_multiple_unresolved_hpd_buildings|primary_address_matches_2_hpd_buildings,710508|812354|812355|812358|812359|812481|812482|812582|957815|957877|957908|965723|965743|965744|965745|965747|965748|965750|965752|965753
stabili-cfe7f126-fafe-5394-b0a9-c038a51251eb,staten-island-2024-p2-r38,ambiguous,manual_review,"54–62 Grant Street, Staten Island, NY 10301",5005060103,,,"54 Grant Street, Staten Island, NY 10301",source_bbl_found_in_official_nyc_data|parcel_has_multiple_unresolved_hpd_buildings|primary_address_matches_3_hpd_buildings,741450|973087|973088
stabili-18f565a5-2752-50ff-ac6f-9f77d6a9b904,staten-island-2024-p3-r1,ambiguous,manual_review,"488–504 Howard Avenue, Staten Island, NY 10301",5005950015,,,"22 Howard Avenue, Staten Island, NY 10301",source_bbl_found_in_official_nyc_data|parcel_has_multiple_unresolved_hpd_buildings|primary_address_matches_6_hpd_buildings,710508|812354|812355|812358|812359|812481|812482|812582|957815|957877|957908|965723|965743|965744|965745|965747|965748|965750|965752|965753
stabili-0e670867-ce82-5759-a1d1-ee5d78c16c12,staten-island-2024-p3-r17,ambiguous,manual_review,"30 Montgomery Avenue, Staten Island, NY 10301",5000170074,,,"30 Montgomery Avenue, Staten Island, NY 10301",source_bbl_found_in_official_nyc_data|parcel_has_multiple_unresolved_hpd_buildings|primary_address_matches_2_hpd_buildings,762649|899984
stabili-c938c2bf-e735-562b-a9fc-569a75ab6dbd,staten-island-2024-p3-r30,ambiguous,manual_review,"80–82 Saint Marks Place, Staten Island, NY 10301",5000220070,,,"201 Hamilton Avenue, Staten Island, NY 10301",source_bbl_found_in_official_nyc_data|parcel_has_multiple_unresolved_hpd_buildings,784121|812466|812467|812578
stabili-b6584999-d232-517e-9dfb-7019a4b26b8c,staten-island-2024-p3-r31,ambiguous,manual_review,"90–92 Saint Marks Place, Staten Island, NY 10301",5000220070,,,"201 Hamilton Avenue, Staten Island, NY 10301",source_bbl_found_in_official_nyc_data|parcel_has_multiple_unresolved_hpd_buildings,784121|812466|812467|812578
stabili-5434563c-6608-55f2-9bd5-f3dea3ea0ffe,staten-island-2024-p3-r38,ambiguous,manual_review,"8–62 Seth Court, Staten Island, NY 10301",5005970120,,,"556 Howard Avenue, Staten Island, NY 10301",source_bbl_found_in_official_nyc_data|parcel_has_multiple_unresolved_hpd_buildings|primary_address_matches_19_hpd_buildings,746634|860087|939919|945359|946505|946518|946523|946527|946540|946541|967438|967439|967440|967442|967448|967449|967450|967451|967452|967453
stabili-f0d47be6-bf55-5536-ba80-3d147bb0e047,staten-island-2024-p3-r47,ambiguous,manual_review,"11 Stratford Avenue, Staten Island, NY 10301",5005950015,,,"22 Howard Avenue, Staten Island, NY 10301",source_bbl_found_in_official_nyc_data|parcel_has_multiple_unresolved_hpd_buildings|primary_address_matches_2_hpd_buildings,710508|812354|812355|812358|812359|812481|812482|812582|957815|957877|957908|965723|965743|965744|965745|965747|965748|965750|965752|965753
stabili-09722f6f-de0d-5dfb-97f4-2fe095794b89,staten-island-2024-p3-r50,ambiguous,manual_review,"27 Stratford Avenue, Staten Island, NY 10301",5005950015,,,"22 Howard Avenue, Staten Island, NY 10301",source_bbl_found_in_official_nyc_data|parcel_has_multiple_unresolved_hpd_buildings|primary_address_matches_2_hpd_buildings,710508|812354|812355|812358|812359|812481|812482|812582|957815|957877|957908|965723|965743|965744|965745|965747|965748|965750|965752|965753
stabili-b7d44e71-617b-5ca6-abae-40b31d3b5355,staten-island-2024-p4-r24,ambiguous,manual_review,"319–325 Westervelt Avenue, Staten Island, NY 10301",5000270006,,,"12 Hendricks Avenue, Staten Island, NY 10301",source_bbl_found_in_official_nyc_data|parcel_has_multiple_unresolved_hpd_buildings|primary_address_matches_2_hpd_buildings,744860|952054|957056|957135|965175|965178
stabili-4cfdfe09-aaba-567f-b2af-da1938b22c2f,staten-island-2024-p5-r7,ambiguous,manual_review,"190 Trantor Place, Staten Island, NY 10302",5011330078,,,"150 Trantor Place, Staten Island, NY 10302",source_bbl_found_in_official_nyc_data|parcel_has_multiple_unresolved_hpd_buildings,812585|812587|871659|931867
stabili-537d0794-e283-5006-8643-6b228fba2860,staten-island-2024-p5-r15,ambiguous,manual_review,"80–88 Andros Avenue, Staten Island, NY 10303",5012390001,,,"15 Davidson Court, Staten Island, NY 10303",source_bbl_found_in_official_nyc_data|parcel_has_multiple_unresolved_hpd_buildings|primary_address_matches_4_hpd_buildings,709311|940320|940351|941409|941411|941414|941415|941416|941418|941419|941421|941423|941425|941427|941428|941429|941434|941435|941436|941437
stabili-68bbe27c-847a-5f9b-9c10-a501723f5a94,staten-island-2024-p5-r17,ambiguous,manual_review,"87 Brabant Street, Staten Island, NY 10303",5012430001,,,"50 Harbor Loop, Staten Island, NY 10303",source_bbl_found_in_official_nyc_data|parcel_has_multiple_unresolved_hpd_buildings,743379|843018|895384|907677|910932|930809|932243|932578|932593|932596|932599|932600|932601|932602|932605|932606|932622|976139|1015390|1020981
stabili-85f6ea6d-72fc-5ccc-bb73-b42b3e42d829,staten-island-2024-p5-r19,ambiguous,manual_review,"93 Brabant Street, Staten Island, NY 10303",5012430001,,,"50 Harbor Loop, Staten Island, NY 10303",source_bbl_found_in_official_nyc_data|parcel_has_multiple_unresolved_hpd_buildings|primary_address_matches_2_hpd_buildings,743379|843018|895384|907677|910932|930809|932243|932578|932593|932596|932599|932600|932601|932602|932605|932606|932622|976139|1015390|1020981
stabili-28c07bd9-488a-5174-b8c8-14aa04e93f83,staten-island-2024-p5-r20,ambiguous,manual_review,"14–22 Davidson Court, Staten Island, NY 10303",5012390001,,,"15 Davidson Court, Staten Island, NY 10303",source_bbl_found_in_official_nyc_data|parcel_has_multiple_unresolved_hpd_buildings|primary_address_matches_8_hpd_buildings,709311|940320|940351|941409|941411|941414|941415|941416|941418|941419|941421|941423|941425|941427|941428|941429|941434|941435|941436|941437
stabili-b6d650c9-63f0-5b8d-b4b3-95948a751f1e,staten-island-2024-p5-r21,ambiguous,manual_review,"15–23 Davidson Court, Staten Island, NY 10303",5012390001,,,"15 Davidson Court, Staten Island, NY 10303",source_bbl_found_in_official_nyc_data|parcel_has_multiple_unresolved_hpd_buildings|primary_address_matches_8_hpd_buildings,709311|940320|940351|941409|941411|941414|941415|941416|941418|941419|941421|941423|941425|941427|941428|941429|941434|941435|941436|941437
stabili-83df8851-a01d-52c7-a783-25145f836962,staten-island-2024-p5-r31,ambiguous,manual_review,"60 Harbor Loop, Staten Island, NY 10303",5012430001,,,"50 Harbor Loop, Staten Island, NY 10303",source_bbl_found_in_official_nyc_data|parcel_has_multiple_unresolved_hpd_buildings,743379|843018|895384|907677|910932|930809|932243|932578|932593|932596|932599|932600|932601|932602|932605|932606|932622|976139|1015390|1020981
stabili-ca54b17e-745a-574e-b1e8-afcf5f7bd303,staten-island-2024-p5-r32,ambiguous,manual_review,"70 Harbor Loop, Staten Island, NY 10303",5012430001,,,"50 Harbor Loop, Staten Island, NY 10303",source_bbl_found_in_official_nyc_data|parcel_has_multiple_unresolved_hpd_buildings,743379|843018|895384|907677|910932|930809|932243|932578|932593|932596|932599|932600|932601|932602|932605|932606|932622|976139|1015390|1020981
stabili-60cca14d-cc80-5956-bbe0-e6cfd011728b,staten-island-2024-p5-r38,ambiguous,manual_review,"174 Harbor Loop, Staten Island, NY 10303",5012430064,,,"174 Harbor Road, Staten Island, NY 10303",source_bbl_found_in_official_nyc_data|parcel_has_multiple_unresolved_hpd_buildings,853391|932607|937033
stabili-fb539b61-700a-5957-a778-da75ac9eb243,staten-island-2024-p5-r41,ambiguous,manual_review,"20–70 Lockman Loop, Staten Island, NY 10303",5012430020,,,"20 Lockman Loop, Staten Island, NY 10303",source_bbl_found_in_official_nyc_data|parcel_has_multiple_unresolved_hpd_buildings|primary_address_matches_11_hpd_buildings,756116|932579|932603|932604|940463|940466|940467|940468|940469|940470|940471|940472|940473|940474|940475|940476|940477|940478|940479|940480
stabili-829a34fb-ce39-5536-b04f-0e82eff33268,staten-island-2024-p5-r42,ambiguous,manual_review,"25–95 Lockman Loop, Staten Island, NY 10303",5012430020,,,"20 Lockman Loop, Staten Island, NY 10303",source_bbl_found_in_official_nyc_data|parcel_has_multiple_unresolved_hpd_buildings|primary_address_matches_13_hpd_buildings,756116|932579|932603|932604|940463|940466|940467|940468|940469|940470|940471|940472|940473|940474|940475|940476|940477|940478|940479|940480
stabili-3ccc111a-eabf-520f-9553-96ca1c3d6734,staten-island-2024-p5-r43,ambiguous,manual_review,"207 Lockman Avenue, Staten Island, NY 10303",5012430001,,,"50 Harbor Loop, Staten Island, NY 10303",source_bbl_found_in_official_nyc_data|parcel_has_multiple_unresolved_hpd_buildings,743379|843018|895384|907677|910932|930809|932243|932578|932593|932596|932599|932600|932601|932602|932605|932606|932622|976139|1015390|1020981
stabili-98001fef-e7c8-5710-97eb-6a0f29ae3504,staten-island-2024-p5-r44,ambiguous,manual_review,"211 Lockman Avenue, Staten Island, NY 10303",5012430001,,,"50 Harbor Loop, Staten Island, NY 10303",source_bbl_found_in_official_nyc_data|parcel_has_multiple_unresolved_hpd_buildings,743379|843018|895384|907677|910932|930809|932243|932578|932593|932596|932599|932600|932601|932602|932605|932606|932622|976139|1015390|1020981
stabili-3f17b12f-3728-5cd2-b6b0-ccd26ea4efc2,staten-island-2024-p5-r45,ambiguous,manual_review,"115–123 Mersereau Avenue, Staten Island, NY 10303",5012390001,,,"15 Davidson Court, Staten Island, NY 10303",source_bbl_found_in_official_nyc_data|parcel_has_multiple_unresolved_hpd_buildings|primary_address_matches_4_hpd_buildings,709311|940320|940351|941409|941411|941414|941415|941416|941418|941419|941421|941423|941425|941427|941428|941429|941434|941435|941436|941437
stabili-24ab27a7-69cc-5f0f-9a4c-cfecef388309,staten-island-2024-p5-r46,ambiguous,manual_review,"40–56 Willow Road West, Staten Island, NY 10303",5011360237,,,"40 Willow Road West, Staten Island, NY 10303",source_bbl_found_in_official_nyc_data|parcel_has_multiple_unresolved_hpd_buildings|primary_address_matches_2_hpd_buildings,795002|795020
stabili-f129e564-4ceb-5c34-aa6d-302db2a9a118,staten-island-2024-p5-r48,ambiguous,manual_review,"533–539 Bay Street, Staten Island, NY 10304",5004900004,,,"533 Bay Street, Staten Island, NY 10304",source_bbl_found_in_official_nyc_data|parcel_has_multiple_unresolved_hpd_buildings|primary_address_matches_3_hpd_buildings,713739|941851|941853
stabili-48ff67ba-c2c0-5dd7-b2ff-86b6e91476dc,staten-island-2024-p6-r4,ambiguous,manual_review,"15–33 Fairway Avenue, Staten Island, NY 10304",5028690001,,,"30 Park Hill Court, Staten Island, NY 10304",source_bbl_found_in_official_nyc_data|parcel_has_multiple_unresolved_hpd_buildings|primary_address_matches_6_hpd_buildings,769171|812448|915314|915316|915317|915318|915320|915322|915323|915324|915326|915328
stabili-a83b97d5-dff3-5bb1-89bf-9fb054fb8331,staten-island-2024-p6-r12,ambiguous,manual_review,"51–57 Laurel Avenue, Staten Island, NY 10304",5005630140,,,"55 Laurel Avenue, Staten Island, NY 10304",source_bbl_found_in_official_nyc_data|parcel_has_multiple_unresolved_hpd_buildings|primary_address_matches_4_hpd_buildings,753865|958055|965682|977671
stabili-f16a9cbb-1e2e-5586-b7f4-081742e08f19,staten-island-2024-p6-r18,ambiguous,manual_review,"10–68 Park Hill Avenue, Staten Island, NY 10304",5028690165,,,"10 Park Hill Avenue, Staten Island, NY 10304",source_bbl_found_in_official_nyc_data|parcel_has_multiple_unresolved_hpd_buildings|primary_address_matches_20_hpd_buildings,769121|817091|839107|839120|839121|839122|839123|839124|839125|839126|839127|839128|839129|839130|839131|839132|839142|839145|839146|839147
stabili-a385c66a-150d-5b42-9561-e1ead3530c45,staten-island-2024-p6-r19,ambiguous,manual_review,"30–48 Park Hill Court, Staten Island, NY 10304",5028690001,,,"30 Park Hill Court, Staten Island, NY 10304",source_bbl_found_in_official_nyc_data|parcel_has_multiple_unresolved_hpd_buildings|primary_address_matches_6_hpd_buildings,769171|812448|915314|915316|915317|915318|915320|915322|915323|915324|915326|915328
stabili-07662db8-5855-5e11-a166-fa324cafb38b,staten-island-2024-p6-r20,ambiguous,manual_review,"31–49 Park Hill Lane, Staten Island, NY 10304",5028690023,,,"31 Park Hill Lane, Staten Island, NY 10304",source_bbl_found_in_official_nyc_data|parcel_has_multiple_unresolved_hpd_buildings|primary_address_matches_6_hpd_buildings,769197|915306|915307|915310|915311|915341
stabili-70ed2f90-e454-5c98-b0fe-e46d822a9fe1,staten-island-2024-p6-r35,ambiguous,manual_review,"360 Van Duzer Street, Staten Island, NY 10304",5005150036,,,"360 Van Duzer Street, Staten Island, NY 10304",source_bbl_found_in_official_nyc_data|parcel_has_multiple_unresolved_hpd_buildings|primary_address_matches_2_hpd_buildings,789731|995582
stabili-cc3643df-3f06-54be-9834-11b62ba2b2db,staten-island-2024-p6-r36,ambiguous,manual_review,"454–484 Van Duzer Street, Staten Island, NY 10304",5005190007,,,"454 Van Duzer Street, Staten Island, NY 10304",source_bbl_found_in_official_nyc_data|parcel_has_multiple_unresolved_hpd_buildings|primary_address_matches_5_hpd_buildings,789755|789756|812594|812595|812596
stabili-edd3f712-b894-518f-81a9-b1d6405aed96,staten-island-2024-p7-r2,ambiguous,manual_review,"101–121 Lyman Avenue, Staten Island, NY 10305",5030710015,,,"121 Lyman Avenue, Staten Island, NY 10305",source_bbl_found_in_official_nyc_data|parcel_has_multiple_unresolved_hpd_buildings|primary_address_matches_3_hpd_buildings,757101|812506|812507
stabili-b74201b0-e69e-577e-beba-a1e6a30f3757,staten-island-2024-p7-r4,ambiguous,manual_review,"244–246 Maryland Avenue, Staten Island, NY 10305",5028590033,,,"244 Maryland Avenue, Staten Island, NY 10305",source_bbl_found_in_official_nyc_data|parcel_has_multiple_unresolved_hpd_buildings|primary_address_matches_2_hpd_buildings,759712|812513
stabili-1762def7-7671-5130-82d6-b2e1d40fdd24,staten-island-2024-p7-r10,ambiguous,manual_review,"162–166 Saint Marys Avenue, Staten Island, NY 10305",5029720070,,,"162 St Marys Avenue, Staten Island, NY 10305",source_bbl_found_in_official_nyc_data|parcel_has_multiple_unresolved_hpd_buildings,784148|951727
stabili-09517fe9-dc28-5f35-8cce-31e6f3cdca10,staten-island-2024-p7-r19,ambiguous,manual_review,"29–39 Vera Street, Staten Island, NY 10305",5035460001,,,"45 Vera Street, Staten Island, NY 10305",source_bbl_found_in_official_nyc_data|parcel_has_multiple_unresolved_hpd_buildings,747330|812601|812602|812603|812604
stabili-e62ff6c7-ac76-540a-b72e-e647e1c26128,staten-island-2024-p7-r24,ambiguous,manual_review,"3364–3380 Amboy Road, Staten Island, NY 10306",5050150016,,,"7 Benton Court, Staten Island, NY 10306",source_bbl_found_in_official_nyc_data|parcel_has_multiple_unresolved_hpd_buildings|primary_address_matches_3_hpd_buildings,715629|812352|812374|996072|996078|997007|998972|998973
stabili-49307f99-c9f4-5a03-9851-f7be510fd9bb,staten-island-2024-p7-r26,ambiguous,manual_review,"17–29 Benton Court, Staten Island, NY 10306",5050150016,,,"7 Benton Court, Staten Island, NY 10306",source_bbl_found_in_official_nyc_data|parcel_has_multiple_unresolved_hpd_buildings|primary_address_matches_4_hpd_buildings,715629|812352|812374|996072|996078|997007|998972|998973
stabili-f3fd03ed-0af6-5954-bce1-c35ae71ec5db,staten-island-2024-p7-r27,ambiguous,manual_review,"11–19 Burbank Avenue, Staten Island, NY 10306",5036210038,,,"13 Burbank Avenue, Staten Island, NY 10306",source_bbl_found_in_official_nyc_data|parcel_has_multiple_unresolved_hpd_buildings|primary_address_matches_3_hpd_buildings,719212|820912|832936
stabili-e2fc05d8-954b-5543-96e0-d561f0f706c4,staten-island-2024-p7-r30,ambiguous,manual_review,"2838–2856 Hylan Boulevard, Staten Island, NY 10306",5040010001,,,"2838 Hylan Boulevard, Staten Island, NY 10306",source_bbl_found_in_official_nyc_data|parcel_has_multiple_unresolved_hpd_buildings|primary_address_matches_10_hpd_buildings,747665|831965|843173|843175|843177|843178|843179|843180|843181|843182|843183|843184|843186|843187|843188|843189|843190|843192|843235|843237
stabili-aba3c5e6-61b2-5ef2-b107-1ff2dc63dd6a,staten-island-2024-p7-r32,ambiguous,manual_review,"261–275 Lincoln Avenue, Staten Island, NY 10306",5035910008,,,"261 Lincoln Avenue, Staten Island, NY 10306",source_bbl_found_in_official_nyc_data|parcel_has_multiple_unresolved_hpd_buildings|primary_address_matches_7_hpd_buildings,755097|942393|942898|942900|942904|942907|942908
stabili-43fba333-05e9-51ca-9be9-6715a3974927,staten-island-2024-p8-r3,ambiguous,manual_review,"12–28 Hillcrest Avenue, Staten Island, NY 10308",5052500016,,,"12 Hillcrest Avenue, Staten Island, NY 10308",source_bbl_found_in_official_nyc_data|parcel_has_multiple_unresolved_hpd_buildings|primary_address_matches_10_hpd_buildings,745417|944792|944963|1006824|1006825|1006826|1006827|1006828|1006830|1006831
stabili-1383da21-ec91-5f6f-8c5f-497b017d77df,staten-island-2024-p8-r6,ambiguous,manual_review,"102–116 Bard Avenue, Staten Island, NY 10310",5001380100,,,"102 Bard Avenue, Staten Island, NY 10310",source_bbl_found_in_official_nyc_data|parcel_has_multiple_unresolved_hpd_buildings|primary_address_matches_3_hpd_buildings,712672|1005664|1005665
stabili-05457c3e-ad4d-5a5d-830e-d7317563df53,staten-island-2024-p8-r7,ambiguous,manual_review,"142–162 Bard Avenue, Staten Island, NY 10310",5001380119,,,"154 Bard Avenue, Staten Island, NY 10310",source_bbl_found_in_official_nyc_data|parcel_has_multiple_unresolved_hpd_buildings|primary_address_matches_11_hpd_buildings,712679|999238|1005587|1005588|1005589|1005590|1005591|1005592|1005593|1005594|1005595
stabili-7559c201-94d5-59ec-8451-34a3ff1851d8,staten-island-2024-p8-r13,ambiguous,manual_review,"186–206 Greenleaf Avenue, Staten Island, NY 10310",5003520067,,,"190 Greenleaf Avenue, Staten Island, NY 10310",source_bbl_found_in_official_nyc_data|parcel_has_multiple_unresolved_hpd_buildings|primary_address_matches_2_hpd_buildings,742174|812465
stabili-f79a02f7-941a-50bb-a3d7-2824647f9124,staten-island-2024-p8-r15,ambiguous,manual_review,"26 Markham Lane, Staten Island, NY 10310",5001690001,,,"60 North Burgher Avenue, Staten Island, NY 10310",source_bbl_found_in_official_nyc_data|parcel_has_multiple_unresolved_hpd_buildings|primary_address_matches_2_hpd_buildings,718105|877252|877254|877262|897255|897263|897279|897294|897299|904439|904461|904502|904512|904535|904544|904548|904593|904594|909471|912903
stabili-65bea237-615c-5263-a5d1-faa9fece8095,staten-island-2024-p8-r17,ambiguous,manual_review,"32 Markham Lane, Staten Island, NY 10310",5001690001,,,"60 North Burgher Avenue, Staten Island, NY 10310",source_bbl_found_in_official_nyc_data|parcel_has_multiple_unresolved_hpd_buildings|primary_address_matches_2_hpd_buildings,718105|877252|877254|877262|897255|897263|897279|897294|897299|904439|904461|904502|904512|904535|904544|904548|904593|904594|909471|912903
stabili-fec928d1-4957-57c5-b437-a42add10fdd2,staten-island-2024-p8-r34,ambiguous,manual_review,"18 Skinner Lane, Staten Island, NY 10310",5001690001,,,"60 North Burgher Avenue, Staten Island, NY 10310",source_bbl_found_in_official_nyc_data|parcel_has_multiple_unresolved_hpd_buildings,718105|877252|877254|877262|897255|897263|897279|897294|897299|904439|904461|904502|904512|904535|904544|904548|904593|904594|909471|912903
stabili-050aa34f-a604-577b-a589-216dd0fab87b,staten-island-2024-p8-r42,ambiguous,manual_review,"11 Wayne Street, Staten Island, NY 10310",5001690001,,,"60 North Burgher Avenue, Staten Island, NY 10310",source_bbl_found_in_official_nyc_data|parcel_has_multiple_unresolved_hpd_buildings|primary_address_matches_2_hpd_buildings,718105|877252|877254|877262|897255|897263|897279|897294|897299|904439|904461|904502|904512|904535|904544|904548|904593|904594|909471|912903
stabili-c597d7c1-c230-5a41-aa0a-78381b52b6f7,staten-island-2024-p8-r48,ambiguous,manual_review,"5–9 Deppe Place, Staten Island, NY 10314",5014940050,,,"360 Willow Road West, Staten Island, NY 10314",source_bbl_found_in_official_nyc_data|parcel_has_multiple_unresolved_hpd_buildings|primary_address_matches_3_hpd_buildings,795001|812435|812436|812437|812438|812615|812616|812617|1007642|1007643|1007644|1007645|1007646|1007647|1007648|1007650|1007651|1007652|1007653|1007654
stabili-a6c0d68b-ef4c-52b7-b5ca-3396b787ba48,staten-island-2024-p8-r49,ambiguous,manual_review,"15–19 Deppe Place, Staten Island, NY 10314",5014940050,,,"360 Willow Road West, Staten Island, NY 10314",source_bbl_found_in_official_nyc_data|parcel_has_multiple_unresolved_hpd_buildings|primary_address_matches_3_hpd_buildings,795001|812435|812436|812437|812438|812615|812616|812617|1007642|1007643|1007644|1007645|1007646|1007647|1007648|1007650|1007651|1007652|1007653|1007654
stabili-0603a862-ee13-5bf4-8597-4569ce2b6bd5,staten-island-2024-p8-r50,ambiguous,manual_review,"25–29 Deppe Place, Staten Island, NY 10314",5014940050,,,"360 Willow Road West, Staten Island, NY 10314",source_bbl_found_in_official_nyc_data|parcel_has_multiple_unresolved_hpd_buildings|primary_address_matches_3_hpd_buildings,795001|812435|812436|812437|812438|812615|812616|812617|1007642|1007643|1007644|1007645|1007646|1007647|1007648|1007650|1007651|1007652|1007653|1007654
stabili-40f78787-1f3a-568b-a5ba-9107ae9ed4ca,staten-island-2024-p8-r51,ambiguous,manual_review,"35–39 Deppe Place, Staten Island, NY 10314",5014940050,,,"360 Willow Road West, Staten Island, NY 10314",source_bbl_found_in_official_nyc_data|parcel_has_multiple_unresolved_hpd_buildings|primary_address_matches_3_hpd_buildings,795001|812435|812436|812437|812438|812615|812616|812617|1007642|1007643|1007644|1007645|1007646|1007647|1007648|1007650|1007651|1007652|1007653|1007654
stabili-d9406812-cff4-5a8e-9543-60ac217d4417,staten-island-2024-p9-r1,ambiguous,manual_review,"105–131 Freedom Avenue, Staten Island, NY 10314",5021020045,,,"105 Freedom Avenue, Staten Island, NY 10314",source_bbl_found_in_official_nyc_data|parcel_has_multiple_unresolved_hpd_buildings|primary_address_matches_3_hpd_buildings,738780|812453|812454
stabili-a654818f-afc6-5f79-941f-ca8247868c17,staten-island-2024-p9-r3,ambiguous,manual_review,"17–21 Gadsen Place, Staten Island, NY 10314",5023637501,,,"9 Gadsen Place, Staten Island, NY 10314",source_bbl_found_in_official_nyc_data|parcel_has_multiple_unresolved_hpd_buildings|primary_address_matches_3_hpd_buildings,739056|812457|812458|951361|951436|951437|951438|951439|951440|951441|951442
stabili-bbc96dd7-e7f0-5fa5-949f-a4a07a06cc33,staten-island-2024-p9-r9,ambiguous,manual_review,"1290–1292 Rockland Avenue, Staten Island, NY 10314",5023607501,,,"1284 Rockland Avenue, Staten Island, NY 10314",source_bbl_found_in_official_nyc_data|parcel_has_multiple_unresolved_hpd_buildings|primary_address_matches_2_hpd_buildings,777898|812553|812554|812555|812556|969388|970085|970086|970087|970088|970089|970090
stabili-86a7346c-6ae4-5a86-8990-36b0f76e99ba,staten-island-2024-p9-r10,ambiguous,manual_review,"1294–1296 Rockland Avenue, Staten Island, NY 10314",5023607501,,,"1284 Rockland Avenue, Staten Island, NY 10314",source_bbl_found_in_official_nyc_data|parcel_has_multiple_unresolved_hpd_buildings|primary_address_matches_2_hpd_buildings,777898|812553|812554|812555|812556|969388|970085|970086|970087|970088|970089|970090
stabili-4c97c50a-7b9d-5d86-931f-3287d13dd211,staten-island-2024-p9-r11,ambiguous,manual_review,"1298–1306 Rockland Avenue, Staten Island, NY 10314",5023607501,,,"1284 Rockland Avenue, Staten Island, NY 10314",source_bbl_found_in_official_nyc_data|parcel_has_multiple_unresolved_hpd_buildings|primary_address_matches_5_hpd_buildings,777898|812553|812554|812555|812556|969388|970085|970086|970087|970088|970089|970090
stabili-86d47486-0efa-5b25-a32d-743f690de2ed,staten-island-2024-p9-r13,ambiguous,manual_review,"3220–3226 Victory Boulevard, Staten Island, NY 10314",5021480018,,,"3220 Victory Boulevard, Staten Island, NY 10314",source_bbl_found_in_official_nyc_data|parcel_has_multiple_unresolved_hpd_buildings|primary_address_matches_4_hpd_buildings,790999|812607|975867|975868|975869|975870|975871
stabili-cb2deebd-b14d-5e0e-8a82-50b52cf828e1,staten-island-2024-p9-r14,ambiguous,manual_review,"3228–3232 Victory Boulevard, Staten Island, NY 10314",5021480018,,,"3220 Victory Boulevard, Staten Island, NY 10314",source_bbl_found_in_official_nyc_data|parcel_has_multiple_unresolved_hpd_buildings|primary_address_matches_3_hpd_buildings,790999|812607|975867|975868|975869|975870|975871
stabili-43c6bdff-4682-5205-8f90-09d031be8282,staten-island-2024-p9-r19,ambiguous,manual_review,"350–352 Willow Road West, Staten Island, NY 10314",5014940050,,,"360 Willow Road West, Staten Island, NY 10314",source_bbl_found_in_official_nyc_data|parcel_has_multiple_unresolved_hpd_buildings|primary_address_matches_2_hpd_buildings,795001|812435|812436|812437|812438|812615|812616|812617|1007642|1007643|1007644|1007645|1007646|1007647|1007648|1007650|1007651|1007652|1007653|1007654
stabili-0b569f1c-b3fe-5734-934c-6e890b48b6de,staten-island-2024-p9-r20,ambiguous,manual_review,"360–362 Willow Road West, Staten Island, NY 10314",5014940050,,,"360 Willow Road West, Staten Island, NY 10314",source_bbl_found_in_official_nyc_data|parcel_has_multiple_unresolved_hpd_buildings|primary_address_matches_2_hpd_buildings,795001|812435|812436|812437|812438|812615|812616|812617|1007642|1007643|1007644|1007645|1007646|1007647|1007648|1007650|1007651|1007652|1007653|1007654
stabili-2b87994b-7b94-5f58-9bfd-0315d6aa8fa4,staten-island-2024-p9-r21,ambiguous,manual_review,"370–372 Willow Road West, Staten Island, NY 10314",5014940050,,,"360 Willow Road West, Staten Island, NY 10314",source_bbl_found_in_official_nyc_data|parcel_has_multiple_unresolved_hpd_buildings|primary_address_matches_2_hpd_buildings,795001|812435|812436|812437|812438|812615|812616|812617|1007642|1007643|1007644|1007645|1007646|1007647|1007648|1007650|1007651|1007652|1007653|1007654
stabili-0286633a-691c-5a11-900e-eb996a339bf6,staten-island-2024-p9-r22,ambiguous,manual_review,"380–384 Willow Road West, Staten Island, NY 10314",5014940050,,,"360 Willow Road West, Staten Island, NY 10314",source_bbl_found_in_official_nyc_data|parcel_has_multiple_unresolved_hpd_buildings|primary_address_matches_3_hpd_buildings,795001|812435|812436|812437|812438|812615|812616|812617|1007642|1007643|1007644|1007645|1007646|1007647|1007648|1007650|1007651|1007652|1007653|1007654
